problem_idx,description,type,gold,question,question_orig,options,solved
0,JEE Adv 2016 Paper 1,MCQ,C,"Let $-\frac{\pi}{6}<\theta<-\frac{\pi}{12}$. Suppose $\alpha_{1}$ and $\beta_{1}$ are the roots of the equation $x^{2}-2 x \sec \theta+1=0$ and $\alpha_{2}$ and $\beta_{2}$ are the roots of the equation $x^{2}+2 x \tan \theta-1=0$. If $\alpha_{1}>\beta_{1}$ and $\alpha_{2}>\beta_{2}$, then $\alpha_{1}+\beta_{2}$ equals","Let $-\frac{\pi}{6}<\theta<-\frac{\pi}{12}$. Suppose $\alpha_{1}$ and $\beta_{1}$ are the roots of the equation $x^{2}-2 x \sec \theta+1=0$ and $\alpha_{2}$ and $\beta_{2}$ are the roots of the equation $x^{2}+2 x \tan \theta-1=0$. If $\alpha_{1}>\beta_{1}$ and $\alpha_{2}>\beta_{2}$, then $\alpha_{1}+\beta_{2}$ equals

(A) $2(\sec \theta-\tan \theta)$

(B) $2 \sec \theta$

(C) $-2 \tan \theta$

(D) 0","{""A"": ""$2(\\sec \\theta-\\tan \\theta)$"", ""B"": ""$2 \\sec \\theta$"", ""C"": ""$-2 \\tan \\theta$"", ""D"": ""0""}",no
1,JEE Adv 2016 Paper 1,MCQ,A,"A debate club consists of 6 girls and 4 boys. A team of 4 members is to be selected from this club including the selection of a captain (from among these 4 members) for the team. If the team has to include at most one boy, then the number of ways of selecting the team is","A debate club consists of 6 girls and 4 boys. A team of 4 members is to be selected from this club including the selection of a captain (from among these 4 members) for the team. If the team has to include at most one boy, then the number of ways of selecting the team is

(A) 380

(B) 320

(C) 260

(D) 95","{""A"": ""380"", ""B"": ""320"", ""C"": ""260"", ""D"": ""95""}",no
2,JEE Adv 2016 Paper 1,MCQ,C,"Let $S=\left\{x \in(-\pi, \pi): x \neq 0, \pm \frac{\pi}{2}\right\}$. The sum of all distinct solutions of the equation $\sqrt{3} \sec x+\operatorname{cosec} x+2(\tan x-\cot x)=0$ in the set $S$ is equal to","Let $S=\left\{x \in(-\pi, \pi): x \neq 0, \pm \frac{\pi}{2}\right\}$. The sum of all distinct solutions of the equation $\sqrt{3} \sec x+\operatorname{cosec} x+2(\tan x-\cot x)=0$ in the set $S$ is equal to

(A) $-\frac{7 \pi}{9}$

(B) $-\frac{2 \pi}{9}$

(C) 0

(D) $\frac{5 \pi}{9}$","{""A"": ""$-\\frac{7 \\pi}{9}$"", ""B"": ""$-\\frac{2 \\pi}{9}$"", ""C"": ""0"", ""D"": ""$\\frac{5 \\pi}{9}$""}",no
3,JEE Adv 2016 Paper 1,MCQ,C,"A computer producing factory has only two plants $T_{1}$ and $T_{2}$. Plant $T_{1}$ produces $20 \%$ and plant $T_{2}$ produces $80 \%$ of the total computers produced. $7 \%$ of computers produced in the factory turn out to be defective. It is known that

$P$ (computer turns out to be defective given that it is produced in plant $T_{1}$ )

$=10 P\left(\right.$ computer turns out to be defective given that it is produced in plant $\left.T_{2}\right)$,

where $P(E)$ denotes the probability of an event $E$. A computer produced in the factory is randomly selected and it does not turn out to be defective. Then the probability that it is produced in plant $T_{2}$ is","A computer producing factory has only two plants $T_{1}$ and $T_{2}$. Plant $T_{1}$ produces $20 \%$ and plant $T_{2}$ produces $80 \%$ of the total computers produced. $7 \%$ of computers produced in the factory turn out to be defective. It is known that

$P$ (computer turns out to be defective given that it is produced in plant $T_{1}$ )

$=10 P\left(\right.$ computer turns out to be defective given that it is produced in plant $\left.T_{2}\right)$,

where $P(E)$ denotes the probability of an event $E$. A computer produced in the factory is randomly selected and it does not turn out to be defective. Then the probability that it is produced in plant $T_{2}$ is

(A) $\frac{36}{73}$

(B) $\frac{47}{79}$

(C) $\frac{78}{93}$

(D) $\frac{75}{83}$","{""A"": ""$\\frac{36}{73}$"", ""B"": ""$\\frac{47}{79}$"", ""C"": ""$\\frac{78}{93}$"", ""D"": ""$\\frac{75}{83}$""}",no
4,JEE Adv 2016 Paper 1,MCQ,C,"The least value of $\alpha \in \mathbb{R}$ for which $4 \alpha x^{2}+\frac{1}{x} \geq 1$, for all $x>0$, is","The least value of $\alpha \in \mathbb{R}$ for which $4 \alpha x^{2}+\frac{1}{x} \geq 1$, for all $x>0$, is

(A) $\frac{1}{64}$

(B) $\frac{1}{32}$

(C) $\frac{1}{27}$

(D) $\frac{1}{25}$","{""A"": ""$\\frac{1}{64}$"", ""B"": ""$\\frac{1}{32}$"", ""C"": ""$\\frac{1}{27}$"", ""D"": ""$\\frac{1}{25}$""}",no
5,JEE Adv 2016 Paper 1,MCQ(multiple),BCD,"Consider a pyramid $O P Q R S$ located in the first octant $(x \geq 0, y \geq 0, z \geq 0)$ with $O$ as origin, and $O P$ and $O R$ along the $x$-axis and the $y$-axis, respectively. The base $O P Q R$ of the pyramid is a square with $O P=3$. The point $S$ is directly above the mid-point $T$ of diagonal $O Q$ such that $T S=3$. Then","Consider a pyramid $O P Q R S$ located in the first octant $(x \geq 0, y \geq 0, z \geq 0)$ with $O$ as origin, and $O P$ and $O R$ along the $x$-axis and the $y$-axis, respectively. The base $O P Q R$ of the pyramid is a square with $O P=3$. The point $S$ is directly above the mid-point $T$ of diagonal $O Q$ such that $T S=3$. Then

(A) the acute angle between $O Q$ and $O S$ is $\frac{\pi}{3}$

(B) the equation of the plane containing the triangle $O Q S$ is $x-y=0$

(C) the length of the perpendicular from $P$ to the plane containing the triangle $O Q S$ is $\frac{3}{\sqrt{2}}$

(D) the perpendicular distance from $O$ to the straight line containing $R S$ is $\sqrt{\frac{15}{2}}$","{""A"": ""the acute angle between $O Q$ and $O S$ is $\\frac{\\pi}{3}$"", ""B"": ""the equation of the plane containing the triangle $O Q S$ is $x-y=0$"", ""C"": ""the length of the perpendicular from $P$ to the plane containing the triangle $O Q S$ is $\\frac{3}{\\sqrt{2}}$"", ""D"": ""the perpendicular distance from $O$ to the straight line containing $R S$ is $\\sqrt{\\frac{15}{2}}$""}",no
6,JEE Adv 2016 Paper 1,MCQ(multiple),A,"Let $f:(0, \infty) \rightarrow \mathbb{R}$ be a differentiable function such that $f^{\prime}(x)=2-\frac{f(x)}{x}$ for all $x \in(0, \infty)$ and $f(1) \neq 1$. Then","Let $f:(0, \infty) \rightarrow \mathbb{R}$ be a differentiable function such that $f^{\prime}(x)=2-\frac{f(x)}{x}$ for all $x \in(0, \infty)$ and $f(1) \neq 1$. Then

(A) $\lim _{x \rightarrow 0+} f^{\prime}\left(\frac{1}{x}\right)=1$

(B) $\lim _{x \rightarrow 0+} x f\left(\frac{1}{x}\right)=2$

(C) $\lim _{x \rightarrow 0+} x^{2} f^{\prime}(x)=0$

(D) $|f(x)| \leq 2$ for all $x \in(0,2)$","{""A"": ""$\\lim _{x \\rightarrow 0+} f^{\\prime}\\left(\\frac{1}{x}\\right)=1$"", ""B"": ""$\\lim _{x \\rightarrow 0+} x f\\left(\\frac{1}{x}\\right)=2$"", ""C"": ""$\\lim _{x \\rightarrow 0+} x^{2} f^{\\prime}(x)=0$"", ""D"": ""$|f(x)| \\leq 2$ for all $x \\in(0,2)$""}",no
7,JEE Adv 2016 Paper 1,MCQ(multiple),BC,"Let $P=\left[\begin{array}{ccc}3 & -1 & -2 \\ 2 & 0 & \alpha \\ 3 & -5 & 0\end{array}\right]$, where $\alpha \in \mathbb{R}$. Suppose $Q=\left[q_{i j}\right]$ is a matrix such that $P Q=k I$, where $k \in \mathbb{R}, k \neq 0$ and $I$ is the identity matrix of order 3 . If $q_{23}=-\frac{k}{8}$ and $\operatorname{det}(Q)=\frac{k^{2}}{2}$, then","Let $P=\left[\begin{array}{ccc}3 & -1 & -2 \\ 2 & 0 & \alpha \\ 3 & -5 & 0\end{array}\right]$, where $\alpha \in \mathbb{R}$. Suppose $Q=\left[q_{i j}\right]$ is a matrix such that $P Q=k I$, where $k \in \mathbb{R}, k \neq 0$ and $I$ is the identity matrix of order 3 . If $q_{23}=-\frac{k}{8}$ and $\operatorname{det}(Q)=\frac{k^{2}}{2}$, then

(A) $\alpha=0, k=8$

(B) $4 \alpha-k+8=0$

(C) $\operatorname{det}(P \operatorname{adj}(Q))=2^{9}$

(D) $\operatorname{det}(Q \operatorname{adj}(P))=2^{13}$","{""A"": ""$\\alpha=0, k=8$"", ""B"": ""$4 \\alpha-k+8=0$"", ""C"": ""$\\operatorname{det}(P \\operatorname{adj}(Q))=2^{9}$"", ""D"": ""$\\operatorname{det}(Q \\operatorname{adj}(P))=2^{13}$""}",no
8,JEE Adv 2016 Paper 1,MCQ(multiple),ACD,"In a triangle $X Y Z$, let $x, y, z$ be the lengths of sides opposite to the angles $X, Y, Z$, respectively, and $2 s=x+y+z$. If $\frac{s-x}{4}=\frac{s-y}{3}=\frac{s-z}{2}$ and area of incircle of the triangle $X Y Z$ is $\frac{8 \pi}{3}$, then","In a triangle $X Y Z$, let $x, y, z$ be the lengths of sides opposite to the angles $X, Y, Z$, respectively, and $2 s=x+y+z$. If $\frac{s-x}{4}=\frac{s-y}{3}=\frac{s-z}{2}$ and area of incircle of the triangle $X Y Z$ is $\frac{8 \pi}{3}$, then

(A) area of the triangle $X Y Z$ is $6 \sqrt{6}$

(B) the radius of circumcircle of the triangle $X Y Z$ is $\frac{35}{6} \sqrt{6}$

(C) $\sin \frac{X}{2} \sin \frac{Y}{2} \sin \frac{Z}{2}=\frac{4}{35}$

(D) $\sin ^{2}\left(\frac{X+Y}{2}\right)=\frac{3}{5}$","{""A"": ""area of the triangle $X Y Z$ is $6 \\sqrt{6}$"", ""B"": ""the radius of circumcircle of the triangle $X Y Z$ is $\\frac{35}{6} \\sqrt{6}$"", ""C"": ""$\\sin \\frac{X}{2} \\sin \\frac{Y}{2} \\sin \\frac{Z}{2}=\\frac{4}{35}$"", ""D"": ""$\\sin ^{2}\\left(\\frac{X+Y}{2}\\right)=\\frac{3}{5}$""}",no
9,JEE Adv 2016 Paper 1,MCQ(multiple),AD,"A solution curve of the differential equation $\left(x^{2}+x y+4 x+2 y+4\right) \frac{d y}{d x}-y^{2}=0, x>0$, passes through the point $(1,3)$. Then the solution curve","A solution curve of the differential equation $\left(x^{2}+x y+4 x+2 y+4\right) \frac{d y}{d x}-y^{2}=0, x>0$, passes through the point $(1,3)$. Then the solution curve

(A) intersects $y=x+2$ exactly at one point

(B) intersects $y=x+2$ exactly at two points

(C) intersects $y=(x+2)^{2}$

(D) does NO'T intersect $y=(x+3)^{2}$","{""A"": ""intersects $y=x+2$ exactly at one point"", ""B"": ""intersects $y=x+2$ exactly at two points"", ""C"": ""intersects $y=(x+2)^{2}$"", ""D"": ""does NO'T intersect $y=(x+3)^{2}$""}",no
10,JEE Adv 2016 Paper 1,MCQ(multiple),BC,"Let $f: \mathbb{R} \rightarrow \mathbb{R}, \quad g: \mathbb{R} \rightarrow \mathbb{R}$ and $h: \mathbb{R} \rightarrow \mathbb{R}$ be differentiable functions such that $f(x)=x^{3}+3 x+2, g(f(x))=x$ and $h(g(g(x)))=x$ for all $x \in \mathbb{R}$. Then","Let $f: \mathbb{R} \rightarrow \mathbb{R}, \quad g: \mathbb{R} \rightarrow \mathbb{R}$ and $h: \mathbb{R} \rightarrow \mathbb{R}$ be differentiable functions such that $f(x)=x^{3}+3 x+2, g(f(x))=x$ and $h(g(g(x)))=x$ for all $x \in \mathbb{R}$. Then

(A) $\quad g^{\prime}(2)=\frac{1}{15}$

(B) $h^{\prime}(1)=666$

(C) $h(0)=16$

(D) $h(g(3))=36$","{""A"": ""$\\quad g^{\\prime}(2)=\\frac{1}{15}$"", ""B"": ""$h^{\\prime}(1)=666$"", ""C"": ""$h(0)=16$"", ""D"": ""$h(g(3))=36$""}",no
11,JEE Adv 2016 Paper 1,MCQ(multiple),ABC,"The circle $C_{1}: x^{2}+y^{2}=3$, with centre at $O$, intersects the parabola $x^{2}=2 y$ at the point $P$ in the first quadrant. Let the tangent to the circle $C_{1}$ at $P$ touches other two circles $C_{2}$ and $C_{3}$ at $R_{2}$ and $R_{3}$, respectively. Suppose $C_{2}$ and $C_{3}$ have equal radii $2 \sqrt{3}$ and centres $Q_{2}$ and $Q_{3}$, respectively. If $Q_{2}$ and $Q_{3}$ lie on the $y$-axis, then","The circle $C_{1}: x^{2}+y^{2}=3$, with centre at $O$, intersects the parabola $x^{2}=2 y$ at the point $P$ in the first quadrant. Let the tangent to the circle $C_{1}$ at $P$ touches other two circles $C_{2}$ and $C_{3}$ at $R_{2}$ and $R_{3}$, respectively. Suppose $C_{2}$ and $C_{3}$ have equal radii $2 \sqrt{3}$ and centres $Q_{2}$ and $Q_{3}$, respectively. If $Q_{2}$ and $Q_{3}$ lie on the $y$-axis, then

(A) $Q_{2} Q_{3}=12$

(B) $\quad R_{2} R_{3}=4 \sqrt{6}$

(C) area of the triangle $O R_{2} R_{3}$ is $6 \sqrt{2}$

(D) area of the triangle $P Q_{2} Q_{3}$ is $4 \sqrt{2}$","{""A"": ""$Q_{2} Q_{3}=12$"", ""B"": ""$\\quad R_{2} R_{3}=4 \\sqrt{6}$"", ""C"": ""area of the triangle $O R_{2} R_{3}$ is $6 \\sqrt{2}$"", ""D"": ""area of the triangle $P Q_{2} Q_{3}$ is $4 \\sqrt{2}$""}",no
12,JEE Adv 2016 Paper 1,MCQ(multiple),AC,"Let $R S$ be the diameter of the circle $x^{2}+y^{2}=1$, where $S$ is the point $(1,0)$. Let $P$ be a variable point (other than $R$ and $S$ ) on the circle and tangents to the circle at $S$ and $P$ meet at the point $Q$. The normal to the circle at $P$ intersects a line drawn through $Q$ parallel to $R S$ at point $E$. Then the locus of $E$ passes through the point(s)","Let $R S$ be the diameter of the circle $x^{2}+y^{2}=1$, where $S$ is the point $(1,0)$. Let $P$ be a variable point (other than $R$ and $S$ ) on the circle and tangents to the circle at $S$ and $P$ meet at the point $Q$. The normal to the circle at $P$ intersects a line drawn through $Q$ parallel to $R S$ at point $E$. Then the locus of $E$ passes through the point(s)

(A) $\left(\frac{1}{3}, \frac{1}{\sqrt{3}}\right)$

(B) $\left(\frac{1}{4}, \frac{1}{2}\right)$

(C) $\left(\frac{1}{3},-\frac{1}{\sqrt{3}}\right)$

(D) $\left(\frac{1}{4},-\frac{1}{2}\right)$","{""A"": ""$\\left(\\frac{1}{3}, \\frac{1}{\\sqrt{3}}\\right)$"", ""B"": ""$\\left(\\frac{1}{4}, \\frac{1}{2}\\right)$"", ""C"": ""$\\left(\\frac{1}{3},-\\frac{1}{\\sqrt{3}}\\right)$"", ""D"": ""$\\left(\\frac{1}{4},-\\frac{1}{2}\\right)$""}",no
13,JEE Adv 2016 Paper 1,Integer,2,What is the total number of distinct $x \in \mathbb{R}$ for which $\left|\begin{array}{ccc}x & x^{2} & 1+x^{3} \\ 2 x & 4 x^{2} & 1+8 x^{3} \\ 3 x & 9 x^{2} & 1+27 x^{3}\end{array}\right|=10$?,What is the total number of distinct $x \in \mathbb{R}$ for which $\left|\begin{array}{ccc}x & x^{2} & 1+x^{3} \\ 2 x & 4 x^{2} & 1+8 x^{3} \\ 3 x & 9 x^{2} & 1+27 x^{3}\end{array}\right|=10$?,,no
14,JEE Adv 2016 Paper 1,Integer,5,Let $m$ be the smallest positive integer such that the coefficient of $x^{2}$ in the expansion of $(1+x)^{2}+(1+x)^{3}+\cdots+(1+x)^{49}+(1+m x)^{50}$ is $(3 n+1){ }^{51} C_{3}$ for some positive integer $n$. Then what is the value of $n$?,Let $m$ be the smallest positive integer such that the coefficient of $x^{2}$ in the expansion of $(1+x)^{2}+(1+x)^{3}+\cdots+(1+x)^{49}+(1+m x)^{50}$ is $(3 n+1){ }^{51} C_{3}$ for some positive integer $n$. Then what is the value of $n$?,,no
15,JEE Adv 2016 Paper 1,Integer,1,"What is the total number of distinct $x \in[0,1]$ for which $\int_{0}^{x} \frac{t^{2}}{1+t^{4}} d t=2 x-1$?","What is the total number of distinct $x \in[0,1]$ for which $\int_{0}^{x} \frac{t^{2}}{1+t^{4}} d t=2 x-1$?",,no
16,JEE Adv 2016 Paper 1,Integer,7,"Let $\alpha, \beta \in \mathbb{R}$ be such that $\lim _{x \rightarrow 0} \frac{x^{2} \sin (\beta x)}{\alpha x-\sin x}=1$.Then what is the value of $6(\alpha+\beta)$?","Let $\alpha, \beta \in \mathbb{R}$ be such that $\lim _{x \rightarrow 0} \frac{x^{2} \sin (\beta x)}{\alpha x-\sin x}=1$.Then what is the value of $6(\alpha+\beta)$?",,no
17,JEE Adv 2016 Paper 1,Integer,1,"Let $z=\frac{-1+\sqrt{3} i}{2}$, where $i=\sqrt{-1}$, and $r, s \in\{1,2,3\}$. Let $P=\left[\begin{array}{cc}(-z)^{r} & z^{2 s} \\ z^{2 s} & z^{r}\end{array}\right]$ and $I$ be the identity matrix of order 2 . Then what is the total number of ordered pairs $(r, s)$ for which $P^{2}=-I$?","Let $z=\frac{-1+\sqrt{3} i}{2}$, where $i=\sqrt{-1}$, and $r, s \in\{1,2,3\}$. Let $P=\left[\begin{array}{cc}(-z)^{r} & z^{2 s} \\ z^{2 s} & z^{r}\end{array}\right]$ and $I$ be the identity matrix of order 2 . Then what is the total number of ordered pairs $(r, s)$ for which $P^{2}=-I$?",,no
18,JEE Adv 2016 Paper 2,MCQ,B,"Let $P=\left[\begin{array}{ccc}1 & 0 & 0 \\ 4 & 1 & 0 \\ 16 & 4 & 1\end{array}\right]$ and $I$ be the identity matrix of order 3. If $Q=\left[q_{i j}\right]$ is a matrix such that $P^{50}-Q=I$, then $\frac{q_{31}+q_{32}}{q_{21}}$ equals","Let $P=\left[\begin{array}{ccc}1 & 0 & 0 \\ 4 & 1 & 0 \\ 16 & 4 & 1\end{array}\right]$ and $I$ be the identity matrix of order 3. If $Q=\left[q_{i j}\right]$ is a matrix such that $P^{50}-Q=I$, then $\frac{q_{31}+q_{32}}{q_{21}}$ equals

(A) 52

(B) 103

(C) 201

(D) 205","{""A"": ""52"", ""B"": ""103"", ""C"": ""201"", ""D"": ""205""}",no
19,JEE Adv 2016 Paper 2,MCQ,B,"Let $b_{i}>1$ for $i=1,2, \ldots, 101$. Suppose $\log _{e} b_{1}, \log _{e} b_{2}, \ldots, \log _{e} b_{101}$ are in Arithmetic Progression (A.P.) with the common difference $\log _{e} 2$. Suppose $a_{1}, a_{2}, \ldots, a_{101}$ are in A.P. such that $a_{1}=b_{1}$ and $a_{51}=b_{51}$. If $t=b_{1}+b_{2}+\cdots+b_{51}$ and $s=a_{1}+a_{2}+\cdots+a_{51}$, then","Let $b_{i}>1$ for $i=1,2, \ldots, 101$. Suppose $\log _{e} b_{1}, \log _{e} b_{2}, \ldots, \log _{e} b_{101}$ are in Arithmetic Progression (A.P.) with the common difference $\log _{e} 2$. Suppose $a_{1}, a_{2}, \ldots, a_{101}$ are in A.P. such that $a_{1}=b_{1}$ and $a_{51}=b_{51}$. If $t=b_{1}+b_{2}+\cdots+b_{51}$ and $s=a_{1}+a_{2}+\cdots+a_{51}$, then

(A) $s>t$ and $a_{101}>b_{101}$

(B) $s>t$ and $a_{101}<b_{101}$

(C) $s<t$ and $a_{101}>b_{101}$

(D) $s<t$ and $a_{101}<b_{101}$","{""A"": ""$s>t$ and $a_{101}>b_{101}$"", ""B"": ""$s>t$ and $a_{101}<b_{101}$"", ""C"": ""$s<t$ and $a_{101}>b_{101}$"", ""D"": ""$s<t$ and $a_{101}<b_{101}$""}",no
20,JEE Adv 2016 Paper 2,MCQ,A,The value of $\int_{-\frac{\pi}{2}}^{\frac{\pi}{2}} \frac{x^{2} \cos x}{1+e^{x}} d x$ is equal to,"The value of $\int_{-\frac{\pi}{2}}^{\frac{\pi}{2}} \frac{x^{2} \cos x}{1+e^{x}} d x$ is equal to

(A) $\frac{\pi^{2}}{4}-2$

(B) $\frac{\pi^{2}}{4}+2$

(C) $\pi^{2}-e^{\frac{\pi}{2}}$

(D) $\pi^{2}+e^{\frac{\pi}{2}}$","{""A"": ""$\\frac{\\pi^{2}}{4}-2$"", ""B"": ""$\\frac{\\pi^{2}}{4}+2$"", ""C"": ""$\\pi^{2}-e^{\\frac{\\pi}{2}}$"", ""D"": ""$\\pi^{2}+e^{\\frac{\\pi}{2}}$""}",no
21,JEE Adv 2016 Paper 2,MCQ,C,"Let $P$ be the image of the point $(3,1,7)$ with respect to the plane $x-y+z=3$. Then the equation of the plane passing through $P$ and containing the straight line $\frac{x}{1}=\frac{y}{2}=\frac{z}{1}$ is","Let $P$ be the image of the point $(3,1,7)$ with respect to the plane $x-y+z=3$. Then the equation of the plane passing through $P$ and containing the straight line $\frac{x}{1}=\frac{y}{2}=\frac{z}{1}$ is

(A) $x+y-3 z=0$

(B) $3 x+z=0$

(C) $x-4 y+7 z=0$

(D) $2 x-y=0$","{""A"": ""$x+y-3 z=0$"", ""B"": ""$3 x+z=0$"", ""C"": ""$x-4 y+7 z=0$"", ""D"": ""$2 x-y=0$""}",no
22,JEE Adv 2016 Paper 2,MCQ(multiple),AB,"Let $a, b \in \mathbb{R}$ and $f: \mathbb{R} \rightarrow \mathbb{R}$ be defined by $f(x)=a \cos \left(\left|x^{3}-x\right|\right)+b|x| \sin \left(\left|x^{3}+x\right|\right)$. Then $f$ is","Let $a, b \in \mathbb{R}$ and $f: \mathbb{R} \rightarrow \mathbb{R}$ be defined by $f(x)=a \cos \left(\left|x^{3}-x\right|\right)+b|x| \sin \left(\left|x^{3}+x\right|\right)$. Then $f$ is

(A) differentiable at $x=0$ if $a=0$ and $b=1$

(B) differentiable at $x=1$ if $a=1$ and $b=0$

(C) NOT differentiable at $x=0$ if $a=1$ and $b=0$

(D) NOT differentiable at $x=1$ if $a=1$ and $b=1$","{""A"": ""differentiable at $x=0$ if $a=0$ and $b=1$"", ""B"": ""differentiable at $x=1$ if $a=1$ and $b=0$"", ""C"": ""NOT differentiable at $x=0$ if $a=1$ and $b=0$"", ""D"": ""NOT differentiable at $x=1$ if $a=1$ and $b=1$""}",no
23,JEE Adv 2016 Paper 2,MCQ(multiple),AD,"Let $f: \mathbb{R} \rightarrow(0, \infty)$ and $g: \mathbb{R} \rightarrow \mathbb{R}$ be twice differentiable functions such that $f^{\prime \prime}$ and $g^{\prime \prime}$ are continuous functions on $\mathbb{R}$. Suppose $f^{\prime}(2)=g(2)=0, f^{\prime \prime}(2) \neq 0$ and $g^{\prime}(2) \neq 0$. If $\lim _{x \rightarrow 2} \frac{f(x) g(x)}{f^{\prime}(x) g^{\prime}(x)}=1$, then","Let $f: \mathbb{R} \rightarrow(0, \infty)$ and $g: \mathbb{R} \rightarrow \mathbb{R}$ be twice differentiable functions such that $f^{\prime \prime}$ and $g^{\prime \prime}$ are continuous functions on $\mathbb{R}$. Suppose $f^{\prime}(2)=g(2)=0, f^{\prime \prime}(2) \neq 0$ and $g^{\prime}(2) \neq 0$. If $\lim _{x \rightarrow 2} \frac{f(x) g(x)}{f^{\prime}(x) g^{\prime}(x)}=1$, then

(A) $f$ has a local minimum at $x=2$

(B) f has a local maximum at $x=2$

(C) $f^{\prime \prime}(2)>f(2)$

(D) $f(x)-f^{\prime \prime}(x)=0$ for at least one $x \in \mathbb{R}$","{""A"": ""$f$ has a local minimum at $x=2$"", ""B"": ""f has a local maximum at $x=2$"", ""C"": ""$f^{\\prime \\prime}(2)>f(2)$"", ""D"": ""$f(x)-f^{\\prime \\prime}(x)=0$ for at least one $x \\in \\mathbb{R}$""}",no
24,JEE Adv 2016 Paper 2,MCQ(multiple),BC,"Let $f:\left[-\frac{1}{2}, 2\right] \rightarrow \mathbb{R}$ and $g:\left[-\frac{1}{2}, 2\right] \rightarrow \mathbb{R}$ be functions defined by $f(x)=\left[x^{2}-3\right]$ and $g(x)=|x| f(x)+|4 x-7| f(x)$, where $[y]$ denotes the greatest integer less than or equal to $y$ for $y \in \mathbb{R}$. Then","Let $f:\left[-\frac{1}{2}, 2\right] \rightarrow \mathbb{R}$ and $g:\left[-\frac{1}{2}, 2\right] \rightarrow \mathbb{R}$ be functions defined by $f(x)=\left[x^{2}-3\right]$ and $g(x)=|x| f(x)+|4 x-7| f(x)$, where $[y]$ denotes the greatest integer less than or equal to $y$ for $y \in \mathbb{R}$. Then

(A) $f$ is discontinuous exactly at three points in $\left[-\frac{1}{2}, 2\right]$

(B) $f$ is discontinuous exactly at four points in $\left[-\frac{1}{2}, 2\right]$

(C) $g$ is NOT differentiable exactly at four points in $\left(-\frac{1}{2}, 2\right)$

(D) $g$ is NOT differentiable exactly at five points in $\left(-\frac{1}{2}, 2\right)$","{""A"": ""$f$ is discontinuous exactly at three points in $\\left[-\\frac{1}{2}, 2\\right]$"", ""B"": ""$f$ is discontinuous exactly at four points in $\\left[-\\frac{1}{2}, 2\\right]$"", ""C"": ""$g$ is NOT differentiable exactly at four points in $\\left(-\\frac{1}{2}, 2\\right)$"", ""D"": ""$g$ is NOT differentiable exactly at five points in $\\left(-\\frac{1}{2}, 2\\right)$""}",no
25,JEE Adv 2016 Paper 2,MCQ(multiple),ACD,"Let $a, b \in \mathbb{R}$ and $a^{2}+b^{2} \neq 0$. Suppose $S=\left\{z \in \mathbb{C}: z=\frac{1}{a+i b t}, t \in \mathbb{R}, t \neq 0\right\}$, where $i=\sqrt{-1}$. If $z=x+i y$ and $z \in S$, then $(x, y)$ lies on","Let $a, b \in \mathbb{R}$ and $a^{2}+b^{2} \neq 0$. Suppose $S=\left\{z \in \mathbb{C}: z=\frac{1}{a+i b t}, t \in \mathbb{R}, t \neq 0\right\}$, where $i=\sqrt{-1}$. If $z=x+i y$ and $z \in S$, then $(x, y)$ lies on

(A) the circle with radius $\frac{1}{2 a}$ and centre $\left(\frac{1}{2 a}, 0\right)$ for $a>0, b \neq 0$

(B) the circle with radius $-\frac{1}{2 a}$ and centre $\left(-\frac{1}{2 a}, 0\right)$ for $a<0, b \neq 0$

(C) the $x$-axis for $a \neq 0, b=0$

(D) the $y$-axis for $a=0, b \neq 0$","{""A"": ""the circle with radius $\\frac{1}{2 a}$ and centre $\\left(\\frac{1}{2 a}, 0\\right)$ for $a>0, b \\neq 0$"", ""B"": ""the circle with radius $-\\frac{1}{2 a}$ and centre $\\left(-\\frac{1}{2 a}, 0\\right)$ for $a<0, b \\neq 0$"", ""C"": ""the $x$-axis for $a \\neq 0, b=0$"", ""D"": ""the $y$-axis for $a=0, b \\neq 0$""}",no
26,JEE Adv 2016 Paper 2,MCQ(multiple),ACD,Let $P$ be the point on the parabola $y^{2}=4 x$ which is at the shortest distance from the center $S$ of the circle $x^{2}+y^{2}-4 x-16 y+64=0$. Let $Q$ be the point on the circle dividing the line segment $S P$ internally. Then,"Let $P$ be the point on the parabola $y^{2}=4 x$ which is at the shortest distance from the center $S$ of the circle $x^{2}+y^{2}-4 x-16 y+64=0$. Let $Q$ be the point on the circle dividing the line segment $S P$ internally. Then

(A) $S P=2 \sqrt{5}$

(B) $S Q: Q P=(\sqrt{5}+1): 2$

(C) the $x$-intercept of the normal to the parabola at $P$ is 6

(D) the slope of the tangent to the circle at $Q$ is $\frac{1}{2}$","{""A"": ""$S P=2 \\sqrt{5}$"", ""B"": ""$S Q: Q P=(\\sqrt{5}+1): 2$"", ""C"": ""the $x$-intercept of the normal to the parabola at $P$ is 6"", ""D"": ""the slope of the tangent to the circle at $Q$ is $\\frac{1}{2}$""}",no
27,JEE Adv 2016 Paper 2,MCQ(multiple),BCD,"Let $a, \lambda, \mu \in \mathbb{R}$. Consider the system of linear equations

\[
\begin{aligned}

& a x+2 y=\lambda \\

& 3 x-2 y=\mu

\end{aligned}
\]

Which of the following statement(s) is(are) correct?","Let $a, \lambda, \mu \in \mathbb{R}$. Consider the system of linear equations

\[
\begin{aligned}

& a x+2 y=\lambda \\

& 3 x-2 y=\mu

\end{aligned}
\]

Which of the following statement(s) is(are) correct?

(A) If $a=-3$, then the system has infinitely many solutions for all values of $\lambda$ and $\mu$

(B) If $a \neq-3$, then the system has a unique solution for all values of $\lambda$ and $\mu$

(C) If $\lambda+\mu=0$, then the system has infinitely many solutions for $a=-3$

(D) If $\lambda+\mu \neq 0$, then the system has no solution for $\alpha=-3$","{""A"": ""If $a=-3$, then the system has infinitely many solutions for all values of $\\lambda$ and $\\mu$"", ""B"": ""If $a \\neq-3$, then the system has a unique solution for all values of $\\lambda$ and $\\mu$"", ""C"": ""If $\\lambda+\\mu=0$, then the system has infinitely many solutions for $a=-3$"", ""D"": ""If $\\lambda+\\mu \\neq 0$, then the system has no solution for $\\alpha=-3$""}",no
28,JEE Adv 2016 Paper 2,MCQ(multiple),BC,Let $\hat{u}=u_{1} \hat{i}+u_{2} \hat{j}+u_{3} \hat{k}$ be a unit vector in $\mathbb{R}^{3}$ and $\hat{w}=\frac{1}{\sqrt{6}}(\hat{i}+\hat{j}+2 \hat{k})$. Given that there exists a vector $\vec{v}$ in $\mathbb{R}^{3}$ such that $|\hat{u} \times \vec{v}|=1$ and $\hat{w} \cdot(\hat{u} \times \vec{v})=1$. Which of the following statementís) is(are) correct?,"Let $\hat{u}=u_{1} \hat{i}+u_{2} \hat{j}+u_{3} \hat{k}$ be a unit vector in $\mathbb{R}^{3}$ and $\hat{w}=\frac{1}{\sqrt{6}}(\hat{i}+\hat{j}+2 \hat{k})$. Given that there exists a vector $\vec{v}$ in $\mathbb{R}^{3}$ such that $|\hat{u} \times \vec{v}|=1$ and $\hat{w} \cdot(\hat{u} \times \vec{v})=1$. Which of the following statementís) is(are) correct?

(A) There is exactly one choice for such $\vec{v}$

(B) There are infinitely many choices for such $\vec{v}$

(C) If $\hat{u}$ lies in the $x y$-plane then $\left|u_{1}\right|=\left|u_{2}\right|$

(D) If $\hat{u}$ lies in the $x z$-plane then $2\left|u_{1}\right|=\left|u_{3}\right|$","{""A"": ""There is exactly one choice for such $\\vec{v}$"", ""B"": ""There are infinitely many choices for such $\\vec{v}$"", ""C"": ""If $\\hat{u}$ lies in the $x y$-plane then $\\left|u_{1}\\right|=\\left|u_{2}\\right|$"", ""D"": ""If $\\hat{u}$ lies in the $x z$-plane then $2\\left|u_{1}\\right|=\\left|u_{3}\\right|$""}",no
29,JEE Adv 2017 Paper 1,MCQ(multiple),ABC,"If $2 x-y+1=0$ is a tangent to the hyperbola $\frac{x^{2}}{a^{2}}-\frac{y^{2}}{16}=1$, then which of the following CANNOT be sides of a right angled triangle?","If $2 x-y+1=0$ is a tangent to the hyperbola $\frac{x^{2}}{a^{2}}-\frac{y^{2}}{16}=1$, then which of the following CANNOT be sides of a right angled triangle?

[A] $a, 4,1$

[B] $a, 4,2$

[C] $2 a, 8,1$

[D] $2 a, 4,1$","{""A"": ""$a, 4,1$"", ""B"": ""$a, 4,2$"", ""C"": ""$2 a, 8,1$"", ""D"": ""$2 a, 4,1$""}",no
30,JEE Adv 2017 Paper 1,MCQ(multiple),C,"If a chord, which is not a tangent, of the parabola $y^{2}=16 x$ has the equation $2 x+y=p$, and midpoint $(h, k)$, then which of the following is(are) possible value(s) of $p, h$ and $k$ ?","If a chord, which is not a tangent, of the parabola $y^{2}=16 x$ has the equation $2 x+y=p$, and midpoint $(h, k)$, then which of the following is(are) possible value(s) of $p, h$ and $k$ ?

[A] $p=-2, h=2, k=-4$

[B] $p=-1, h=1, k=-3$

[C] $p=2, h=3, k=-4$

[D] $p=5, h=4, k=-3$","{""A"": ""$p=-2, h=2, k=-4$"", ""B"": ""$p=-1, h=1, k=-3$"", ""C"": ""$p=2, h=3, k=-4$"", ""D"": ""$p=5, h=4, k=-3$""}",no
31,JEE Adv 2017 Paper 1,MCQ(multiple),AB,"Let $f: \mathbb{R} \rightarrow(0,1)$ be a continuous function. Then, which of the following function(s) has(have) the value zero at some point in the interval $(0,1)$ ?","Let $f: \mathbb{R} \rightarrow(0,1)$ be a continuous function. Then, which of the following function(s) has(have) the value zero at some point in the interval $(0,1)$ ?

[A] $x^{9}-f(x)$

[B] $x-\int_{0}^{\frac{\pi}{2}-x} f(t) \cos t d t$

[C] e^{x}-\int_{0}^{x} f(t) \sin t d t$

[D] f(x)+\int_{0}^{\frac{\pi}{2}} f(t) \sin t d t$","{""A"": ""$x^{9}-f(x)$"", ""B"": ""$x-\\int_{0}^{\\frac{\\pi}{2}-x} f(t) \\cos t d t$"", ""C"": ""e^{x}-\\int_{0}^{x} f(t) \\sin t d t$"", ""D"": ""f(x)+\\int_{0}^{\\frac{\\pi}{2}} f(t) \\sin t d t$""}",no
32,JEE Adv 2017 Paper 1,MCQ(multiple),BD,Which of the following is(are) NOT the square of a $3 \times 3$ matrix with real entries?,"Which of the following is(are) NOT the square of a $3 \times 3$ matrix with real entries?

[A]$\left[\begin{array}{lll}1 & 0 & 0 \\ 0 & 1 & 0 \\ 0 & 0 & 1\end{array}\right]

[B]$\left[\begin{array}{ccc}1 & 0 & 0 \\ 0 & 1 & 0 \\ 0 & 0 & -1\end{array}\right]$

[C]$\left[\begin{array}{ccc}1 & 0 & 0 \\ 0 & -1 & 0 \\ 0 & 0 & -1\end{array}\right]

[D]$\left[\begin{array}{ccc}-1 & 0 & 0 \\ 0 & -1 & 0 \\ 0 & 0 & -1\end{array}\right]$","{""A"": ""$\\left[\\begin{array}{lll}1 & 0 & 0 \\\\ 0 & 1 & 0 \\\\ 0 & 0 & 1\\end{array}\\right]"", ""B"": ""$\\left[\\begin{array}{ccc}1 & 0 & 0 \\\\ 0 & 1 & 0 \\\\ 0 & 0 & -1\\end{array}\\right]$"", ""C"": ""$\\left[\\begin{array}{ccc}1 & 0 & 0 \\\\ 0 & -1 & 0 \\\\ 0 & 0 & -1\\end{array}\\right]"", ""D"": ""$\\left[\\begin{array}{ccc}-1 & 0 & 0 \\\\ 0 & -1 & 0 \\\\ 0 & 0 & -1\\end{array}\\right]$""}",no
33,JEE Adv 2017 Paper 1,MCQ(multiple),AB,"Let $a, b, x$ and $y$ be real numbers such that $a-b=1$ and $y \neq 0$. If the complex number $z=x+i y$ satisfies $\operatorname{Im}\left(\frac{a z+b}{z+1}\right)=\mathrm{y}$, then which of the following is(are) possible value(s) of $x ?$","Let $a, b, x$ and $y$ be real numbers such that $a-b=1$ and $y \neq 0$. If the complex number $z=x+i y$ satisfies $\operatorname{Im}\left(\frac{a z+b}{z+1}\right)=\mathrm{y}$, then which of the following is(are) possible value(s) of $x ?$

[A]$-1+\sqrt{1-y^{2}}$

[B]$-1-\sqrt{1-y^{2}}$

[C]$1+\sqrt{1+y^{2}}$

[D]$1-\sqrt{1+y^{2}}$","{""A"": ""$-1+\\sqrt{1-y^{2}}$"", ""B"": ""$-1-\\sqrt{1-y^{2}}$"", ""C"": ""$1+\\sqrt{1+y^{2}}$"", ""D"": ""$1-\\sqrt{1+y^{2}}$""}",no
34,JEE Adv 2017 Paper 1,MCQ(multiple),AB,"Let $X$ and $Y$ be two events such that $P(X)=\frac{1}{3}, P(X \mid Y)=\frac{1}{2}$ and $P(Y \mid X)=\frac{2}{5}$. Then","Let $X$ and $Y$ be two events such that $P(X)=\frac{1}{3}, P(X \mid Y)=\frac{1}{2}$ and $P(Y \mid X)=\frac{2}{5}$. Then

[A] $P(Y)=\frac{4}{15}$

[B] $P\left(X^{\prime} \mid Y\right)=\frac{1}{2}$

[C] \quad P(X \cap Y)=\frac{1}{5}$

[D] $P(X \cup Y)=\frac{2}{5}$","{""A"": ""$P(Y)=\\frac{4}{15}$"", ""B"": ""$P\\left(X^{\\prime} \\mid Y\\right)=\\frac{1}{2}$"", ""C"": ""\\quad P(X \\cap Y)=\\frac{1}{5}$"", ""D"": ""$P(X \\cup Y)=\\frac{2}{5}$""}",no
35,JEE Adv 2017 Paper 1,Integer,2,"For how many values of $p$, the circle $x^{2}+y^{2}+2 x+4 y-p=0$ and the coordinate axes have exactly three common points?","For how many values of $p$, the circle $x^{2}+y^{2}+2 x+4 y-p=0$ and the coordinate axes have exactly three common points?",,no
36,JEE Adv 2017 Paper 1,Integer,2,"Let $f: \mathbb{R} \rightarrow \mathbb{R}$ be a differentiable function such that $f(0)=0, f\left(\frac{\pi}{2}\right)=3$ and $f^{\prime}(0)=1$. If

\[
g(x)=\int_{x}^{\frac{\pi}{2}}\left[f^{\prime}(t) \operatorname{cosec} t-\cot t \operatorname{cosec} t f(t)\right] d t
\]

for $x \in\left(0, \frac{\pi}{2}\right]$, then what is the $\lim _{x \rightarrow 0} g(x)$?","Let $f: \mathbb{R} \rightarrow \mathbb{R}$ be a differentiable function such that $f(0)=0, f\left(\frac{\pi}{2}\right)=3$ and $f^{\prime}(0)=1$. If

\[
g(x)=\int_{x}^{\frac{\pi}{2}}\left[f^{\prime}(t) \operatorname{cosec} t-\cot t \operatorname{cosec} t f(t)\right] d t
\]

for $x \in\left(0, \frac{\pi}{2}\right]$, then what is the $\lim _{x \rightarrow 0} g(x)$?",,no
37,JEE Adv 2017 Paper 1,Integer,1,"For a real number $\alpha$, if the system

\[
\left[\begin{array}{ccc}

1 & \alpha & \alpha^{2} \\

\alpha & 1 & \alpha \\

\alpha^{2} & \alpha & 1

\end{array}\right]\left[\begin{array}{l}

x \\

y \\

z

\end{array}\right]=\left[\begin{array}{r}

1 \\

-1 \\

1

\end{array}\right]
\]

of linear equations, has infinitely many solutions, then what is the value of $1+\alpha+\alpha^{2}$?","For a real number $\alpha$, if the system

\[
\left[\begin{array}{ccc}

1 & \alpha & \alpha^{2} \\

\alpha & 1 & \alpha \\

\alpha^{2} & \alpha & 1

\end{array}\right]\left[\begin{array}{l}

x \\

y \\

z

\end{array}\right]=\left[\begin{array}{r}

1 \\

-1 \\

1

\end{array}\right]
\]

of linear equations, has infinitely many solutions, then what is the value of $1+\alpha+\alpha^{2}$?",,no
38,JEE Adv 2017 Paper 1,Integer,5,"Words of length 10 are formed using the letters $A, B, C, D, E, F, G, H, I, J$. Let $x$ be the number of such words where no letter is repeated; and let $y$ be the number of such words where exactly one letter is repeated twice and no other letter is repeated. Then, what is the value of $\frac{y}{9 x}$?","Words of length 10 are formed using the letters $A, B, C, D, E, F, G, H, I, J$. Let $x$ be the number of such words where no letter is repeated; and let $y$ be the number of such words where exactly one letter is repeated twice and no other letter is repeated. Then, what is the value of $\frac{y}{9 x}$?",,no
39,JEE Adv 2017 Paper 1,Integer,6,"The sides of a right angled triangle are in arithmetic progression. If the triangle has area 24, then what is the length of its smallest side?","The sides of a right angled triangle are in arithmetic progression. If the triangle has area 24, then what is the length of its smallest side?",,no
40,JEE Adv 2017 Paper 2,MCQ,C,"The equation of the plane passing through the point $(1,1,1)$ and perpendicular to the planes $2 x+y-2 z=5$ and $3 x-6 y-2 z=7$, is","The equation of the plane passing through the point $(1,1,1)$ and perpendicular to the planes $2 x+y-2 z=5$ and $3 x-6 y-2 z=7$, is

[A] $14 x+2 y-15 z=1$

[B] $14 x-2 y+15 z=27$

[C] $\quad 14 x+2 y+15 z=31$

[D] $-14 x+2 y+15 z=3$","{""A"": ""$14 x+2 y-15 z=1$"", ""B"": ""$14 x-2 y+15 z=27$"", ""C"": ""$\\quad 14 x+2 y+15 z=31$"", ""D"": ""$-14 x+2 y+15 z=3$""}",no
41,JEE Adv 2017 Paper 2,MCQ,D,"Let $O$ be the origin and let $P Q R$ be an arbitrary triangle. The point $S$ is such that

\[
\overrightarrow{O P} \cdot \overrightarrow{O Q}+\overrightarrow{O R} \cdot \overrightarrow{O S}=\overrightarrow{O R} \cdot \overrightarrow{O P}+\overrightarrow{O Q} \cdot \overrightarrow{O S}=\overrightarrow{O Q} \cdot \overrightarrow{O R}+\overrightarrow{O P} \cdot \overrightarrow{O S}
\]

Then the triangle $P Q R$ has $S$ as its","Let $O$ be the origin and let $P Q R$ be an arbitrary triangle. The point $S$ is such that

\[
\overrightarrow{O P} \cdot \overrightarrow{O Q}+\overrightarrow{O R} \cdot \overrightarrow{O S}=\overrightarrow{O R} \cdot \overrightarrow{O P}+\overrightarrow{O Q} \cdot \overrightarrow{O S}=\overrightarrow{O Q} \cdot \overrightarrow{O R}+\overrightarrow{O P} \cdot \overrightarrow{O S}
\]

Then the triangle $P Q R$ has $S$ as its

[A] centroid

[B] circumcentre

[C] incentre

[D] orthocenter","{""A"": ""centroid"", ""B"": ""circumcentre"", ""C"": ""incentre"", ""D"": ""orthocenter""}",no
42,JEE Adv 2017 Paper 2,MCQ,A,"If $y=y(x)$ satisfies the differential equation
\[
8 \sqrt{x}(\sqrt{9+\sqrt{x}}) d y=(\sqrt{4+\sqrt{9+\sqrt{x}}})^{-1} d x, \quad x>0
\]

and $y(0)=\sqrt{7}$, then $y(256)=$","If $y=y(x)$ satisfies the differential equation
\[
8 \sqrt{x}(\sqrt{9+\sqrt{x}}) d y=(\sqrt{4+\sqrt{9+\sqrt{x}}})^{-1} d x, \quad x>0
\]

and $y(0)=\sqrt{7}$, then $y(256)=$

[A] 3

[B] 9

[C] 16

[D] 80","{""A"": ""3"", ""B"": ""9"", ""C"": ""16"", ""D"": ""80""}",no
43,JEE Adv 2017 Paper 2,MCQ,D,"If $f: \mathbb{R} \rightarrow \mathbb{R}$ is a twice differentiable function such that $f^{\prime \prime}(x)>0$ for all $x \in \mathbb{R}$, and $f\left(\frac{1}{2}\right)=\frac{1}{2}, f(1)=1$, then","If $f: \mathbb{R} \rightarrow \mathbb{R}$ is a twice differentiable function such that $f^{\prime \prime}(x)>0$ for all $x \in \mathbb{R}$, and $f\left(\frac{1}{2}\right)=\frac{1}{2}, f(1)=1$, then

[A] $f^{\prime}(1) \leq 0$

[B] $0<f^{\prime}(1) \leq \frac{1}{2}$

[C] $\frac{1}{2}<f^{\prime}(1) \leq 1$

[D] $f^{\prime}(1)>1$","{""A"": ""$f^{\\prime}(1) \\leq 0$"", ""B"": ""$0<f^{\\prime}(1) \\leq \\frac{1}{2}$"", ""C"": ""$\\frac{1}{2}<f^{\\prime}(1) \\leq 1$"", ""D"": ""$f^{\\prime}(1)>1$""}",no
44,JEE Adv 2017 Paper 2,MCQ,B,"How many $3 \times 3$ matrices $M$ with entries from $\{0,1,2\}$ are there, for which the sum of the diagonal entries of $M^{T} M$ is $5 ?$","How many $3 \times 3$ matrices $M$ with entries from $\{0,1,2\}$ are there, for which the sum of the diagonal entries of $M^{T} M$ is $5 ?$

[A] 126

[B] 198

[C] 162

[D] 135","{""A"": ""126"", ""B"": ""198"", ""C"": ""162"", ""D"": ""135""}",no
45,JEE Adv 2017 Paper 2,MCQ,D,"Let $S=\{1,2,3, \ldots, 9\}$. For $k=1,2, \ldots, 5$, let $N_{k}$ be the number of subsets of $S$, each containing five elements out of which exactly $k$ are odd. Then $N_{1}+N_{2}+N_{3}+N_{4}+N_{5}=$","Let $S=\{1,2,3, \ldots, 9\}$. For $k=1,2, \ldots, 5$, let $N_{k}$ be the number of subsets of $S$, each containing five elements out of which exactly $k$ are odd. Then $N_{1}+N_{2}+N_{3}+N_{4}+N_{5}=$

[A] 210

[B] 252

[C] 125

[D] 126","{""A"": ""210"", ""B"": ""252"", ""C"": ""125"", ""D"": ""126""}",no
46,JEE Adv 2017 Paper 2,MCQ,B,"Three randomly chosen nonnegative integers $x, y$ and $z$ are found to satisfy the equation $x+y+z=10$. Then the probability that $z$ is even, is","Three randomly chosen nonnegative integers $x, y$ and $z$ are found to satisfy the equation $x+y+z=10$. Then the probability that $z$ is even, is

[A] $\frac{36}{55}$

[B] $\frac{6}{11}$

[C] $\frac{1}{2}$

[D] $\frac{5}{11}$","{""A"": ""$\\frac{36}{55}$"", ""B"": ""$\\frac{6}{11}$"", ""C"": ""$\\frac{1}{2}$"", ""D"": ""$\\frac{5}{11}$""}",no
47,JEE Adv 2017 Paper 2,MCQ(multiple),AC,"If $f: \mathbb{R} \rightarrow \mathbb{R}$ is a differentiable function such that $f^{\prime}(x)>2 f(x)$ for all $x \in \mathbb{R}$, and $f(0)=1$, then","If $f: \mathbb{R} \rightarrow \mathbb{R}$ is a differentiable function such that $f^{\prime}(x)>2 f(x)$ for all $x \in \mathbb{R}$, and $f(0)=1$, then

[A] $f(x)$ is increasing in $(0, \infty)$

[B] $f(x)$ is decreasing in $(0, \infty)$

[C] $\quad f(x)>e^{2 x}$ in $(0, \infty)$

[D] $f^{\prime}(x)<e^{2 x}$ in $(0, \infty)$","{""A"": ""$f(x)$ is increasing in $(0, \\infty)$"", ""B"": ""$f(x)$ is decreasing in $(0, \\infty)$"", ""C"": ""$\\quad f(x)>e^{2 x}$ in $(0, \\infty)$"", ""D"": ""$f^{\\prime}(x)<e^{2 x}$ in $(0, \\infty)$""}",no
48,JEE Adv 2017 Paper 2,MCQ(multiple),AD,Let $f(x)=\frac{1-x(1+|1-x|)}{|1-x|} \cos \left(\frac{1}{1-x}\right)$ for $x \neq 1$. Then,"Let $f(x)=\frac{1-x(1+|1-x|)}{|1-x|} \cos \left(\frac{1}{1-x}\right)$ for $x \neq 1$. Then

[A] $\lim _{x \rightarrow 1^{-}} f(x)=0$

[B] $\lim _{x \rightarrow 1^{-}} f(x)$ does not exist

[C] $\lim _{x \rightarrow 1^{+}} f(x)=0$

[D] $\lim _{x \rightarrow 1^{+}} f(x)$ does not exist","{""A"": ""$\\lim _{x \\rightarrow 1^{-}} f(x)=0$"", ""B"": ""$\\lim _{x \\rightarrow 1^{-}} f(x)$ does not exist"", ""C"": ""$\\lim _{x \\rightarrow 1^{+}} f(x)=0$"", ""D"": ""$\\lim _{x \\rightarrow 1^{+}} f(x)$ does not exist""}",no
49,JEE Adv 2017 Paper 2,MCQ(multiple),BC,"If $f(x)=\left|\begin{array}{ccc}\cos (2 x) & \cos (2 x) & \sin (2 x) \\ -\cos x & \cos x & -\sin x \\ \sin x & \sin x & \cos x\end{array}\right|$, then","If $f(x)=\left|\begin{array}{ccc}\cos (2 x) & \cos (2 x) & \sin (2 x) \\ -\cos x & \cos x & -\sin x \\ \sin x & \sin x & \cos x\end{array}\right|$, then

[A] $f^{\prime}(x)=0$ at exactly three points in $(-\pi, \pi)$

[B] $f^{\prime}(x)=0$ at more than three points in $(-\pi, \pi)$

[C] $f(x)$ attains its maximum at $x=0$

[D] $f(x)$ attains its minimum at $x=0$","{""A"": ""$f^{\\prime}(x)=0$ at exactly three points in $(-\\pi, \\pi)$"", ""B"": ""$f^{\\prime}(x)=0$ at more than three points in $(-\\pi, \\pi)$"", ""C"": ""$f(x)$ attains its maximum at $x=0$"", ""D"": ""$f(x)$ attains its minimum at $x=0$""}",no
50,JEE Adv 2017 Paper 2,MCQ(multiple),BC,"If the line $x=\alpha$ divides the area of region $R=\left\{(x, y) \in \mathbb{R}^{2}: x^{3} \leq y \leq x, 0 \leq x \leq 1\right\}$ into two equal parts, then","If the line $x=\alpha$ divides the area of region $R=\left\{(x, y) \in \mathbb{R}^{2}: x^{3} \leq y \leq x, 0 \leq x \leq 1\right\}$ into two equal parts, then

[A] $0<\alpha \leq \frac{1}{2}$

[B] $\frac{1}{2}<\alpha<1$

[C] $\quad 2 \alpha^{4}-4 \alpha^{2}+1=0$

[D] $\alpha^{4}+4 \alpha^{2}-1=0$","{""A"": ""$0<\\alpha \\leq \\frac{1}{2}$"", ""B"": ""$\\frac{1}{2}<\\alpha<1$"", ""C"": ""$\\quad 2 \\alpha^{4}-4 \\alpha^{2}+1=0$"", ""D"": ""$\\alpha^{4}+4 \\alpha^{2}-1=0$""}",no
51,JEE Adv 2017 Paper 2,MCQ(multiple),BD,"If $I=\sum_{k=1}^{98} \int_{k}^{k+1} \frac{k+1}{x(x+1)} d x$, then","If $I=\sum_{k=1}^{98} \int_{k}^{k+1} \frac{k+1}{x(x+1)} d x$, then

[A] $I>\log _{e} 99$

[B] $I<\log _{e} 99$

[C] $I<\frac{49}{50}$

[D] $I>\frac{49}{50}$","{""A"": ""$I>\\log _{e} 99$"", ""B"": ""$I<\\log _{e} 99$"", ""C"": ""$I<\\frac{49}{50}$"", ""D"": ""$I>\\frac{49}{50}$""}",no
52,JEE Adv 2018 Paper 1,MCQ(multiple),ABD,"For a non-zero complex number $z$, let $\arg (z)$ denote the principal argument with $-\pi<\arg (z) \leq \pi$. Then, which of the following statement(s) is (are) FALSE?","For a non-zero complex number $z$, let $\arg (z)$ denote the principal argument with $-\pi<\arg (z) \leq \pi$. Then, which of the following statement(s) is (are) FALSE?

\end{itemize}

(A) $\arg (-1-i)=\frac{\pi}{4}$, where $i=\sqrt{-1}$

(B) The function $f: \mathbb{R} \rightarrow(-\pi, \pi]$, defined by $f(t)=\arg (-1+i t)$ for all $t \in \mathbb{R}$, is continuous at all points of $\mathbb{R}$, where $i=\sqrt{-1}$

(C) For any two non-zero complex numbers $z_{1}$ and $z_{2}$,

\[
\arg \left(\frac{z_{1}}{z_{2}}\right)-\arg \left(z_{1}\right)+\arg \left(z_{2}\right)
\]

is an integer multiple of $2 \pi$

(D) For any three given distinct complex numbers $z_{1}, z_{2}$ and $z_{3}$, the locus of the point $z$ satisfying the condition

\[
\arg \left(\frac{\left(z-z_{1}\right)\left(z_{2}-z_{3}\right)}{\left(z-z_{3}\right)\left(z_{2}-z_{1}\right)}\right)=\pi
\]

lies on a straight line","{""A"": ""$\\arg (-1-i)=\\frac{\\pi}{4}$, where $i=\\sqrt{-1}$"", ""B"": ""The function $f: \\mathbb{R} \\rightarrow(-\\pi, \\pi]$, defined by $f(t)=\\arg (-1+i t)$ for all $t \\in \\mathbb{R}$, is continuous at all points of $\\mathbb{R}$, where $i=\\sqrt{-1}$"", ""C"": ""For any two non-zero complex numbers $z_{1}$ and $z_{2}$,\n\n\\[\n\\arg \\left(\\frac{z_{1}}{z_{2}}\\right)-\\arg \\left(z_{1}\\right)+\\arg \\left(z_{2}\\right)\n\\]\n\nis an integer multiple of $2 \\pi$"", ""D"": ""For any three given distinct complex numbers $z_{1}, z_{2}$ and $z_{3}$, the locus of the point $z$ satisfying the condition\n\n\\[\n\\arg \\left(\\frac{\\left(z-z_{1}\\right)\\left(z_{2}-z_{3}\\right)}{\\left(z-z_{3}\\right)\\left(z_{2}-z_{1}\\right)}\\right)=\\pi\n\\]\n\nlies on a straight line""}",no
53,JEE Adv 2018 Paper 1,MCQ(multiple),BCD,"In a triangle $P Q R$, let $\angle P Q R=30^{\circ}$ and the sides $P Q$ and $Q R$ have lengths $10 \sqrt{3}$ and 10 , respectively. Then, which of the following statement(s) is (are) TRUE?","In a triangle $P Q R$, let $\angle P Q R=30^{\circ}$ and the sides $P Q$ and $Q R$ have lengths $10 \sqrt{3}$ and 10 , respectively. Then, which of the following statement(s) is (are) TRUE?

(A) $\angle Q P R=45^{\circ}$

(B) The area of the triangle $P Q R$ is $25 \sqrt{3}$ and $\angle Q R P=120^{\circ}$

(C) The radius of the incircle of the triangle $P Q R$ is $10 \sqrt{3}-15$

(D) The area of the circumcircle of the triangle $P Q R$ is $100 \pi$","{""A"": ""$\\angle Q P R=45^{\\circ}$"", ""B"": ""The area of the triangle $P Q R$ is $25 \\sqrt{3}$ and $\\angle Q R P=120^{\\circ}$"", ""C"": ""The radius of the incircle of the triangle $P Q R$ is $10 \\sqrt{3}-15$"", ""D"": ""The area of the circumcircle of the triangle $P Q R$ is $100 \\pi$""}",no
54,JEE Adv 2018 Paper 1,MCQ(multiple),CD,"Let $P_{1}: 2 x+y-z=3$ and $P_{2}: x+2 y+z=2$ be two planes. Then, which of the following statement(s) is (are) TRUE?","Let $P_{1}: 2 x+y-z=3$ and $P_{2}: x+2 y+z=2$ be two planes. Then, which of the following statement(s) is (are) TRUE?

(A) The line of intersection of $P_{1}$ and $P_{2}$ has direction ratios $1,2,-1$

(B) The line

\[
\frac{3 x-4}{9}=\frac{1-3 y}{9}=\frac{z}{3}
\]

is perpendicular to the line of intersection of $P_{1}$ and $P_{2}$

(C) The acute angle between $P_{1}$ and $P_{2}$ is $60^{\circ}$

(D) If $P_{3}$ is the plane passing through the point $(4,2,-2)$ and perpendicular to the line of intersection of $P_{1}$ and $P_{2}$, then the distance of the point $(2,1,1)$ from the plane $P_{3}$ is $\frac{2}{\sqrt{3}}$","{""A"": ""The line of intersection of $P_{1}$ and $P_{2}$ has direction ratios $1,2,-1$"", ""B"": ""The line\n\n\\[\n\\frac{3 x-4}{9}=\\frac{1-3 y}{9}=\\frac{z}{3}\n\\]\n\nis perpendicular to the line of intersection of $P_{1}$ and $P_{2}$"", ""C"": ""The acute angle between $P_{1}$ and $P_{2}$ is $60^{\\circ}$"", ""D"": ""If $P_{3}$ is the plane passing through the point $(4,2,-2)$ and perpendicular to the line of intersection of $P_{1}$ and $P_{2}$, then the distance of the point $(2,1,1)$ from the plane $P_{3}$ is $\\frac{2}{\\sqrt{3}}$""}",no
55,JEE Adv 2018 Paper 1,MCQ(multiple),ABD,"For every twice differentiable function $f: \mathbb{R} \rightarrow[-2,2]$ with $(f(0))^{2}+\left(f^{\prime}(0)\right)^{2}=85$, which of the following statement(s) is (are) TRUE?","For every twice differentiable function $f: \mathbb{R} \rightarrow[-2,2]$ with $(f(0))^{2}+\left(f^{\prime}(0)\right)^{2}=85$, which of the following statement(s) is (are) TRUE?

(A) There exist $r, s \in \mathbb{R}$, where $r<s$, such that $f$ is one-one on the open interval $(r, s)$

(B) There exists $x_{0} \in(-4,0)$ such that $\left|f^{\prime}\left(x_{0}\right)\right| \leq 1$

(C) $\lim _{x \rightarrow \infty} f(x)=1$

(D) There exists $\alpha \in(-4,4)$ such that $f(\alpha)+f^{\prime \prime}(\alpha)=0$ and $f^{\prime}(\alpha) \neq 0$","{""A"": ""There exist $r, s \\in \\mathbb{R}$, where $r<s$, such that $f$ is one-one on the open interval $(r, s)$"", ""B"": ""There exists $x_{0} \\in(-4,0)$ such that $\\left|f^{\\prime}\\left(x_{0}\\right)\\right| \\leq 1$"", ""C"": ""$\\lim _{x \\rightarrow \\infty} f(x)=1$"", ""D"": ""There exists $\\alpha \\in(-4,4)$ such that $f(\\alpha)+f^{\\prime \\prime}(\\alpha)=0$ and $f^{\\prime}(\\alpha) \\neq 0$""}",no
56,JEE Adv 2018 Paper 1,MCQ(multiple),BC,"Let $f: \mathbb{R} \rightarrow \mathbb{R}$ and $g: \mathbb{R} \rightarrow \mathbb{R}$ be two non-constant differentiable functions. If

\[
f^{\prime}(x)=\left(e^{(f(x)-g(x))}\right) g^{\prime}(x) \text { for all } x \in \mathbb{R}
\]

and $f(1)=g(2)=1$, then which of the following statement(s) is (are) TRUE?","Let $f: \mathbb{R} \rightarrow \mathbb{R}$ and $g: \mathbb{R} \rightarrow \mathbb{R}$ be two non-constant differentiable functions. If

\[
f^{\prime}(x)=\left(e^{(f(x)-g(x))}\right) g^{\prime}(x) \text { for all } x \in \mathbb{R}
\]

and $f(1)=g(2)=1$, then which of the following statement(s) is (are) TRUE?

(A) $f(2)<1-\log _{\mathrm{e}} 2$

(B) $f(2)>1-\log _{\mathrm{e}} 2$

(C) $g(1)>1-\log _{\mathrm{e}} 2$

(D) $g(1)<1-\log _{\mathrm{e}} 2$","{""A"": ""$f(2)<1-\\log _{\\mathrm{e}} 2$"", ""B"": ""$f(2)>1-\\log _{\\mathrm{e}} 2$"", ""C"": ""$g(1)>1-\\log _{\\mathrm{e}} 2$"", ""D"": ""$g(1)<1-\\log _{\\mathrm{e}} 2$""}",no
57,JEE Adv 2018 Paper 1,Numeric,8,"What is the value of

\[
\left(\left(\log _{2} 9\right)^{2}\right)^{\frac{1}{\log _{2}\left(\log _{2} 9\right)}} \times(\sqrt{7})^{\frac{1}{\log _{4} 7}}
\]?","What is the value of

\[
\left(\left(\log _{2} 9\right)^{2}\right)^{\frac{1}{\log _{2}\left(\log _{2} 9\right)}} \times(\sqrt{7})^{\frac{1}{\log _{4} 7}}
\]?",,no
58,JEE Adv 2018 Paper 1,Numeric,625,"What is the number of 5 digit numbers which are divisible by 4 , with digits from the set $\{1,2,3,4,5\}$ and the repetition of digits is allowed?","What is the number of 5 digit numbers which are divisible by 4 , with digits from the set $\{1,2,3,4,5\}$ and the repetition of digits is allowed?",,no
59,JEE Adv 2018 Paper 1,Numeric,3748,"Let $X$ be the set consisting of the first 2018 terms of the arithmetic progression $1,6,11, \ldots$, and $Y$ be the set consisting of the first 2018 terms of the arithmetic progression $9,16,23, \ldots$. Then, what is the number of elements in the set $X \cup Y$?","Let $X$ be the set consisting of the first 2018 terms of the arithmetic progression $1,6,11, \ldots$, and $Y$ be the set consisting of the first 2018 terms of the arithmetic progression $9,16,23, \ldots$. Then, what is the number of elements in the set $X \cup Y$?",,no
60,JEE Adv 2018 Paper 1,Numeric,2,"What is the number of real solutions of the equation

\[
\sin ^{-1}\left(\sum_{i=1}^{\infty} x^{i+1}-x \sum_{i=1}^{\infty}\left(\frac{x}{2}\right)^{i}\right)=\frac{\pi}{2}-\cos ^{-1}\left(\sum_{i=1}^{\infty}\left(-\frac{x}{2}\right)^{i}-\sum_{i=1}^{\infty}(-x)^{i}\right)
\]

lying in the interval $\left(-\frac{1}{2}, \frac{1}{2}\right)$ is

(Here, the inverse trigonometric functions $\sin ^{-1} x$ and $\cos ^{-1} x$ assume values in $\left[-\frac{\pi}{2}, \frac{\pi}{2}\right]$ and $[0, \pi]$, respectively.)","What is the number of real solutions of the equation

\[
\sin ^{-1}\left(\sum_{i=1}^{\infty} x^{i+1}-x \sum_{i=1}^{\infty}\left(\frac{x}{2}\right)^{i}\right)=\frac{\pi}{2}-\cos ^{-1}\left(\sum_{i=1}^{\infty}\left(-\frac{x}{2}\right)^{i}-\sum_{i=1}^{\infty}(-x)^{i}\right)
\]

lying in the interval $\left(-\frac{1}{2}, \frac{1}{2}\right)$ is

(Here, the inverse trigonometric functions $\sin ^{-1} x$ and $\cos ^{-1} x$ assume values in $\left[-\frac{\pi}{2}, \frac{\pi}{2}\right]$ and $[0, \pi]$, respectively.)",,no
61,JEE Adv 2018 Paper 1,Numeric,1,"For each positive integer $n$, let

\[
y_{n}=\frac{1}{n}((n+1)(n+2) \cdots(n+n))^{\frac{1}{n}}
\]

For $x \in \mathbb{R}$, let $[x]$ be the greatest integer less than or equal to $x$. If $\lim _{n \rightarrow \infty} y_{n}=L$, then what is the value of $[L]$?","For each positive integer $n$, let

\[
y_{n}=\frac{1}{n}((n+1)(n+2) \cdots(n+n))^{\frac{1}{n}}
\]

For $x \in \mathbb{R}$, let $[x]$ be the greatest integer less than or equal to $x$. If $\lim _{n \rightarrow \infty} y_{n}=L$, then what is the value of $[L]$?",,no
62,JEE Adv 2018 Paper 1,Numeric,3,"Let $\vec{a}$ and $\vec{b}$ be two unit vectors such that $\vec{a} \cdot \vec{b}=0$. For some $x, y \in \mathbb{R}$, let $\vec{c}=x \vec{a}+y \vec{b}+(\vec{a} \times \vec{b})$. If $|\vec{c}|=2$ and the vector $\vec{c}$ is inclined the same angle $\alpha$ to both $\vec{a}$ and $\vec{b}$, then what is the value of $8 \cos ^{2} \alpha$?","Let $\vec{a}$ and $\vec{b}$ be two unit vectors such that $\vec{a} \cdot \vec{b}=0$. For some $x, y \in \mathbb{R}$, let $\vec{c}=x \vec{a}+y \vec{b}+(\vec{a} \times \vec{b})$. If $|\vec{c}|=2$ and the vector $\vec{c}$ is inclined the same angle $\alpha$ to both $\vec{a}$ and $\vec{b}$, then what is the value of $8 \cos ^{2} \alpha$?",,no
63,JEE Adv 2018 Paper 1,Numeric,0.5,"Let $a, b, c$ be three non-zero real numbers such that the equation

\[
\sqrt{3} a \cos x+2 b \sin x=c, x \in\left[-\frac{\pi}{2}, \frac{\pi}{2}\right]
\]

has two distinct real roots $\alpha$ and $\beta$ with $\alpha+\beta=\frac{\pi}{3}$. Then, what is the value of $\frac{b}{a}$?","Let $a, b, c$ be three non-zero real numbers such that the equation

\[
\sqrt{3} a \cos x+2 b \sin x=c, x \in\left[-\frac{\pi}{2}, \frac{\pi}{2}\right]
\]

has two distinct real roots $\alpha$ and $\beta$ with $\alpha+\beta=\frac{\pi}{3}$. Then, what is the value of $\frac{b}{a}$?",,no
64,JEE Adv 2018 Paper 1,Numeric,4,"A farmer $F_{1}$ has a land in the shape of a triangle with vertices at $P(0,0), Q(1,1)$ and $R(2,0)$. From this land, a neighbouring farmer $F_{2}$ takes away the region which lies between the side $P Q$ and a curve of the form $y=x^{n}(n>1)$. If the area of the region taken away by the farmer $F_{2}$ is exactly $30 \%$ of the area of $\triangle P Q R$, then what is the value of $n$?","A farmer $F_{1}$ has a land in the shape of a triangle with vertices at $P(0,0), Q(1,1)$ and $R(2,0)$. From this land, a neighbouring farmer $F_{2}$ takes away the region which lies between the side $P Q$ and a curve of the form $y=x^{n}(n>1)$. If the area of the region taken away by the farmer $F_{2}$ is exactly $30 \%$ of the area of $\triangle P Q R$, then what is the value of $n$?",,no
65,JEE Adv 2018 Paper 2,MCQ(multiple),D,"For any positive integer $n$, define $f_{n}:(0, \infty) \rightarrow \mathbb{R}$ as

\[
f_{n}(x)=\sum_{j=1}^{n} \tan ^{-1}\left(\frac{1}{1+(x+j)(x+j-1)}\right) \text { for all } x \in(0, \infty)
\]

(Here, the inverse trigonometric function $\tan ^{-1} x$ assumes values in $\left(-\frac{\pi}{2}, \frac{\pi}{2}\right)$. ) Then, which of the following statement(s) is (are) TRUE?","For any positive integer $n$, define $f_{n}:(0, \infty) \rightarrow \mathbb{R}$ as

\[
f_{n}(x)=\sum_{j=1}^{n} \tan ^{-1}\left(\frac{1}{1+(x+j)(x+j-1)}\right) \text { for all } x \in(0, \infty)
\]

(Here, the inverse trigonometric function $\tan ^{-1} x$ assumes values in $\left(-\frac{\pi}{2}, \frac{\pi}{2}\right)$. ) Then, which of the following statement(s) is (are) TRUE?

(A) $\sum_{j=1}^{5} \tan ^{2}\left(f_{j}(0)\right)=55$

(B) $\sum_{j=1}^{10}\left(1+f_{j}^{\prime}(0)\right) \sec ^{2}\left(f_{j}(0)\right)=10$

(C) For any fixed positive integer $n, \lim _{x \rightarrow \infty} \tan \left(f_{n}(x)\right)=\frac{1}{n}$

(D) For any fixed positive integer $n$, $\lim _{x \rightarrow \infty} \sec ^{2}\left(f_{n}(x)\right)=1$","{""A"": ""$\\sum_{j=1}^{5} \\tan ^{2}\\left(f_{j}(0)\\right)=55$"", ""B"": ""$\\sum_{j=1}^{10}\\left(1+f_{j}^{\\prime}(0)\\right) \\sec ^{2}\\left(f_{j}(0)\\right)=10$"", ""C"": ""For any fixed positive integer $n, \\lim _{x \\rightarrow \\infty} \\tan \\left(f_{n}(x)\\right)=\\frac{1}{n}$"", ""D"": ""For any fixed positive integer $n$, $\\lim _{x \\rightarrow \\infty} \\sec ^{2}\\left(f_{n}(x)\\right)=1$""}",no
66,JEE Adv 2018 Paper 2,MCQ(multiple),ACD,"Let $s, t, r$ be non-zero complex numbers and $L$ be the set of solutions $z=x+i y$ $(x, y \in \mathbb{R}, i=\sqrt{-1})$ of the equation $s z+t \bar{z}+r=0$, where $\bar{z}=x-i y$. Then, which of the following statement(s) is (are) TRUE?","Let $s, t, r$ be non-zero complex numbers and $L$ be the set of solutions $z=x+i y$ $(x, y \in \mathbb{R}, i=\sqrt{-1})$ of the equation $s z+t \bar{z}+r=0$, where $\bar{z}=x-i y$. Then, which of the following statement(s) is (are) TRUE?

(A) If $L$ has exactly one element, then $|s| \neq|t|$

(B) If $|s|=|t|$, then $L$ has infinitely many elements

(C) The number of elements in $L \cap\{z:|z-1+i|=5\}$ is at most 2

(D) If $L$ has more than one element, then $L$ has infinitely many elements","{""A"": ""If $L$ has exactly one element, then $|s| \\neq|t|$"", ""B"": ""If $|s|=|t|$, then $L$ has infinitely many elements"", ""C"": ""The number of elements in $L \\cap\\{z:|z-1+i|=5\\}$ is at most 2"", ""D"": ""If $L$ has more than one element, then $L$ has infinitely many elements""}",no
67,JEE Adv 2018 Paper 2,Numeric,2,"What is the value of the integral

\[
\int_{0}^{\frac{1}{2}} \frac{1+\sqrt{3}}{\left((x+1)^{2}(1-x)^{6}\right)^{\frac{1}{4}}} d x
\]?","What is the value of the integral

\[
\int_{0}^{\frac{1}{2}} \frac{1+\sqrt{3}}{\left((x+1)^{2}(1-x)^{6}\right)^{\frac{1}{4}}} d x
\]?",,no
68,JEE Adv 2018 Paper 2,Numeric,4,"Let $P$ be a matrix of order $3 \times 3$ such that all the entries in $P$ are from the set $\{-1,0,1\}$. Then, what is the maximum possible value of the determinant of $P$?","Let $P$ be a matrix of order $3 \times 3$ such that all the entries in $P$ are from the set $\{-1,0,1\}$. Then, what is the maximum possible value of the determinant of $P$?",,no
69,JEE Adv 2018 Paper 2,Numeric,119,"Let $X$ be a set with exactly 5 elements and $Y$ be a set with exactly 7 elements. If $\alpha$ is the number of one-one functions from $X$ to $Y$ and $\beta$ is the number of onto functions from $Y$ to $X$, then what is the value of $\frac{1}{5 !}(\beta-\alpha)$?","Let $X$ be a set with exactly 5 elements and $Y$ be a set with exactly 7 elements. If $\alpha$ is the number of one-one functions from $X$ to $Y$ and $\beta$ is the number of onto functions from $Y$ to $X$, then what is the value of $\frac{1}{5 !}(\beta-\alpha)$?",,no
70,JEE Adv 2018 Paper 2,Numeric,0.4,"Let $f: \mathbb{R} \rightarrow \mathbb{R}$ be a differentiable function with $f(0)=0$. If $y=f(x)$ satisfies the differential equation

\[
\frac{d y}{d x}=(2+5 y)(5 y-2)
\]

then what is the value of $\lim _{x \rightarrow-\infty} f(x)$?","Let $f: \mathbb{R} \rightarrow \mathbb{R}$ be a differentiable function with $f(0)=0$. If $y=f(x)$ satisfies the differential equation

\[
\frac{d y}{d x}=(2+5 y)(5 y-2)
\]

then what is the value of $\lim _{x \rightarrow-\infty} f(x)$?",,no
71,JEE Adv 2018 Paper 2,Numeric,2,"Let $f: \mathbb{R} \rightarrow \mathbb{R}$ be a differentiable function with $f(0)=1$ and satisfying the equation

\[
f(x+y)=f(x) f^{\prime}(y)+f^{\prime}(x) f(y) \text { for all } x, y \in \mathbb{R} .
\]

Then, the value of $\log _{e}(f(4))$ is","Let $f: \mathbb{R} \rightarrow \mathbb{R}$ be a differentiable function with $f(0)=1$ and satisfying the equation

\[
f(x+y)=f(x) f^{\prime}(y)+f^{\prime}(x) f(y) \text { for all } x, y \in \mathbb{R} .
\]

Then, the value of $\log _{e}(f(4))$ is",,no
72,JEE Adv 2018 Paper 2,Numeric,8,"Let $P$ be a point in the first octant, whose image $Q$ in the plane $x+y=3$ (that is, the line segment $P Q$ is perpendicular to the plane $x+y=3$ and the mid-point of $P Q$ lies in the plane $x+y=3$ ) lies on the $z$-axis. Let the distance of $P$ from the $x$-axis be 5 . If $R$ is the image of $P$ in the $x y$-plane, then what is the length of $P R$?","Let $P$ be a point in the first octant, whose image $Q$ in the plane $x+y=3$ (that is, the line segment $P Q$ is perpendicular to the plane $x+y=3$ and the mid-point of $P Q$ lies in the plane $x+y=3$ ) lies on the $z$-axis. Let the distance of $P$ from the $x$-axis be 5 . If $R$ is the image of $P$ in the $x y$-plane, then what is the length of $P R$?",,no
73,JEE Adv 2018 Paper 2,Numeric,0.5,"Consider the cube in the first octant with sides $O P, O Q$ and $O R$ of length 1 , along the $x$-axis, $y$-axis and $z$-axis, respectively, where $O(0,0,0)$ is the origin. Let $S\left(\frac{1}{2}, \frac{1}{2}, \frac{1}{2}\right)$ be the centre of the cube and $T$ be the vertex of the cube opposite to the origin $O$ such that $S$ lies on the diagonal $O T$. If $\vec{p}=\overrightarrow{S P}, \vec{q}=\overrightarrow{S Q}, \vec{r}=\overrightarrow{S R}$ and $\vec{t}=\overrightarrow{S T}$, then what is the value of $|(\vec{p} \times \vec{q}) \times(\vec{r} \times \vec{t})|$?","Consider the cube in the first octant with sides $O P, O Q$ and $O R$ of length 1 , along the $x$-axis, $y$-axis and $z$-axis, respectively, where $O(0,0,0)$ is the origin. Let $S\left(\frac{1}{2}, \frac{1}{2}, \frac{1}{2}\right)$ be the centre of the cube and $T$ be the vertex of the cube opposite to the origin $O$ such that $S$ lies on the diagonal $O T$. If $\vec{p}=\overrightarrow{S P}, \vec{q}=\overrightarrow{S Q}, \vec{r}=\overrightarrow{S R}$ and $\vec{t}=\overrightarrow{S T}$, then what is the value of $|(\vec{p} \times \vec{q}) \times(\vec{r} \times \vec{t})|$?",,no
74,JEE Adv 2018 Paper 2,Numeric,646,"Let

\[
X=\left({ }^{10} C_{1}\right)^{2}+2\left({ }^{10} C_{2}\right)^{2}+3\left({ }^{10} C_{3}\right)^{2}+\cdots+10\left({ }^{10} C_{10}\right)^{2}
\]

where ${ }^{10} C_{r}, r \in\{1,2, \cdots, 10\}$ denote binomial coefficients. Then, what is the value of $\frac{1}{1430} X$?","Let

\[
X=\left({ }^{10} C_{1}\right)^{2}+2\left({ }^{10} C_{2}\right)^{2}+3\left({ }^{10} C_{3}\right)^{2}+\cdots+10\left({ }^{10} C_{10}\right)^{2}
\]

where ${ }^{10} C_{r}, r \in\{1,2, \cdots, 10\}$ denote binomial coefficients. Then, what is the value of $\frac{1}{1430} X$?",,no
75,JEE Adv 2019 Paper 1,MCQ,A,"Let $S$ be the set of all complex numbers $Z$ satisfying $|z-2+i| \geq \sqrt{5}$. If the complex number $Z_{0}$ is such that $\frac{1}{\left|Z_{0}-1\right|}$ is the maximum of the set $\left\{\frac{1}{|z-1|}: z \in S\right\}$, then the principal argument of $\frac{4-z_{0}-\overline{z_{0}}}{Z_{0}-\overline{z_{0}}+2 i}$ is","Let $S$ be the set of all complex numbers $Z$ satisfying $|z-2+i| \geq \sqrt{5}$. If the complex number $Z_{0}$ is such that $\frac{1}{\left|Z_{0}-1\right|}$ is the maximum of the set $\left\{\frac{1}{|z-1|}: z \in S\right\}$, then the principal argument of $\frac{4-z_{0}-\overline{z_{0}}}{Z_{0}-\overline{z_{0}}+2 i}$ is

(A) $-\frac{\pi}{2}$

(B) $\frac{\pi}{4}$

(C) $\frac{\pi}{2}$

(D) $\frac{3 \pi}{4}$","{""A"": ""$-\\frac{\\pi}{2}$"", ""B"": ""$\\frac{\\pi}{4}$"", ""C"": ""$\\frac{\\pi}{2}$"", ""D"": ""$\\frac{3 \\pi}{4}$""}",no
76,JEE Adv 2019 Paper 1,MCQ,C,"Let

\[
M=\left[\begin{array}{cc}

\sin ^{4} \theta & -1-\sin ^{2} \theta \\

1+\cos ^{2} \theta & \cos ^{4} \theta

\end{array}\right]=\alpha I+\beta M^{-1}
\]

where $\alpha=\alpha(\theta)$ and $\beta=\beta(\theta)$ are real numbers, and $I$ is the $2 \times 2$ identity matrix. If

$\alpha^{*}$ is the minimum of the set $\{\alpha(\theta): \theta \in[0,2 \pi)\}$ and

$\beta^{*}$ is the minimum of the set $\{\beta(\theta): \theta \in[0,2 \pi)\}$

then the value of $\alpha^{*}+\beta^{*}$ is","Let

\[
M=\left[\begin{array}{cc}

\sin ^{4} \theta & -1-\sin ^{2} \theta \\

1+\cos ^{2} \theta & \cos ^{4} \theta

\end{array}\right]=\alpha I+\beta M^{-1}
\]

where $\alpha=\alpha(\theta)$ and $\beta=\beta(\theta)$ are real numbers, and $I$ is the $2 \times 2$ identity matrix. If

$\alpha^{*}$ is the minimum of the set $\{\alpha(\theta): \theta \in[0,2 \pi)\}$ and

$\beta^{*}$ is the minimum of the set $\{\beta(\theta): \theta \in[0,2 \pi)\}$

then the value of $\alpha^{*}+\beta^{*}$ is

(A) $-\frac{37}{16}$

(B) $-\frac{31}{16}$

(C) $-\frac{29}{16}$

(D) $-\frac{17}{16}$","{""A"": ""$-\\frac{37}{16}$"", ""B"": ""$-\\frac{31}{16}$"", ""C"": ""$-\\frac{29}{16}$"", ""D"": ""$-\\frac{17}{16}$""}",no
77,JEE Adv 2019 Paper 1,MCQ,B,"A line $y=m x+1$ intersects the circle $(x-3)^{2}+(y+2)^{2}=25$ at the points $P$ and $Q$. If the midpoint of the line segment $P Q$ has $x$-coordinate $-\frac{3}{5}$, then which one of the following options is correct?","A line $y=m x+1$ intersects the circle $(x-3)^{2}+(y+2)^{2}=25$ at the points $P$ and $Q$. If the midpoint of the line segment $P Q$ has $x$-coordinate $-\frac{3}{5}$, then which one of the following options is correct?

(A) $-3 \leq m<-1$

(B) $2 \leq m<4$

(C) $4 \leq m<6$

(D) $6 \leq m<8$","{""A"": ""$-3 \\leq m<-1$"", ""B"": ""$2 \\leq m<4$"", ""C"": ""$4 \\leq m<6$"", ""D"": ""$6 \\leq m<8$""}",no
78,JEE Adv 2019 Paper 1,MCQ,A,"The area of the region $\left\{(x, y): x y \leq 8,1 \leq y \leq x^{2}\right\}$ is","The area of the region $\left\{(x, y): x y \leq 8,1 \leq y \leq x^{2}\right\}$ is

(A) $16 \log _{e} 2-\frac{14}{3}$

(B) $8 \log _{e} 2-\frac{14}{3}$

(C) $16 \log _{e} 2-6$

(D) $8 \log _{e} 2-\frac{7}{3}$","{""A"": ""$16 \\log _{e} 2-\\frac{14}{3}$"", ""B"": ""$8 \\log _{e} 2-\\frac{14}{3}$"", ""C"": ""$16 \\log _{e} 2-6$"", ""D"": ""$8 \\log _{e} 2-\\frac{7}{3}$""}",no
79,JEE Adv 2019 Paper 1,MCQ(multiple),ABD,"Let

\[
M=\left[\begin{array}{lll}

0 & 1 & a \\

1 & 2 & 3 \\

3 & b & 1

\end{array}\right] \quad \text { and adj } M=\left[\begin{array}{rrr}

-1 & 1 & -1 \\

8 & -6 & 2 \\

-5 & 3 & -1

\end{array}\right]
\]

where $a$ and $b$ are real numbers. Which of the following options is/are correct?","Let

\[
M=\left[\begin{array}{lll}

0 & 1 & a \\

1 & 2 & 3 \\

3 & b & 1

\end{array}\right] \quad \text { and adj } M=\left[\begin{array}{rrr}

-1 & 1 & -1 \\

8 & -6 & 2 \\

-5 & 3 & -1

\end{array}\right]
\]

where $a$ and $b$ are real numbers. Which of the following options is/are correct?

(A) $a+b=3$

(B) $(\operatorname{adj} M)^{-1}+\operatorname{adj} M^{-1}=-M$

(C) $\operatorname{det}\left(\operatorname{adj} M^{2}\right)=81$

(D) If $M\left[\begin{array}{l}\alpha \\ \beta \\ \gamma\end{array}\right]=\left[\begin{array}{l}1 \\ 2 \\ 3\end{array}\right]$, then $\alpha-\beta+\gamma=3$","{""A"": ""$a+b=3$"", ""B"": ""$(\\operatorname{adj} M)^{-1}+\\operatorname{adj} M^{-1}=-M$"", ""C"": ""$\\operatorname{det}\\left(\\operatorname{adj} M^{2}\\right)=81$"", ""D"": ""If $M\\left[\\begin{array}{l}\\alpha \\\\ \\beta \\\\ \\gamma\\end{array}\\right]=\\left[\\begin{array}{l}1 \\\\ 2 \\\\ 3\\end{array}\\right]$, then $\\alpha-\\beta+\\gamma=3$""}",no
80,JEE Adv 2019 Paper 1,MCQ(multiple),AB,"There are three bags $B_{1}, B_{2}$ and $B_{3}$. The bag $B_{1}$ contains 5 red and 5 green balls, $B_{2}$ contains 3 red and 5 green balls, and $B_{3}$ contains 5 red and 3 green balls. Bags $B_{1}, B_{2}$ and $B_{3}$ have probabilities $\frac{3}{10}, \frac{3}{10}$ and $\frac{4}{10}$ respectively of being chosen. A bag is selected at random and a ball is chosen at random from the bag. Then which of the following options is/are correct?","There are three bags $B_{1}, B_{2}$ and $B_{3}$. The bag $B_{1}$ contains 5 red and 5 green balls, $B_{2}$ contains 3 red and 5 green balls, and $B_{3}$ contains 5 red and 3 green balls. Bags $B_{1}, B_{2}$ and $B_{3}$ have probabilities $\frac{3}{10}, \frac{3}{10}$ and $\frac{4}{10}$ respectively of being chosen. A bag is selected at random and a ball is chosen at random from the bag. Then which of the following options is/are correct?

(A) Probability that the chosen ball is green, given that the selected bag is $B_{3}$, equals $\frac{3}{8}$

(B) Probability that the chosen ball is green equals $\frac{39}{80}$

(C) Probability that the selected bag is $B_{3}$, given that the chosen ball is green, equals $\frac{5}{13}$

(D) Probability that the selected bag is $B_{3}$ and the chosen ball is green equals $\frac{3}{10}$","{""A"": ""Probability that the chosen ball is green, given that the selected bag is $B_{3}$, equals $\\frac{3}{8}$"", ""B"": ""Probability that the chosen ball is green equals $\\frac{39}{80}$"", ""C"": ""Probability that the selected bag is $B_{3}$, given that the chosen ball is green, equals $\\frac{5}{13}$"", ""D"": ""Probability that the selected bag is $B_{3}$ and the chosen ball is green equals $\\frac{3}{10}$""}",no
81,JEE Adv 2019 Paper 1,MCQ(multiple),ACD,"In a non-right-angled triangle $\triangle P Q R$, let $p, q, r$ denote the lengths of the sides opposite to the angles at $P, Q, R$ respectively. The median from $R$ meets the side $P Q$ at $S$, the perpendicular from $P$ meets the side $Q R$ at $E$, and $R S$ and $P E$ intersect at $O$. If $p=\sqrt{3}, q=1$, and the radius of the circumcircle of the $\triangle P Q R$ equals 1 , then which of the following options is/are correct?","In a non-right-angled triangle $\triangle P Q R$, let $p, q, r$ denote the lengths of the sides opposite to the angles at $P, Q, R$ respectively. The median from $R$ meets the side $P Q$ at $S$, the perpendicular from $P$ meets the side $Q R$ at $E$, and $R S$ and $P E$ intersect at $O$. If $p=\sqrt{3}, q=1$, and the radius of the circumcircle of the $\triangle P Q R$ equals 1 , then which of the following options is/are correct?

(A) Length of $R S=\frac{\sqrt{7}}{2}$

(B) Area of $\triangle S O E=\frac{\sqrt{3}}{12}$

(C) Length of $O E=\frac{1}{6}$

(D) Radius of incircle of $\triangle P Q R=\frac{\sqrt{3}}{2}(2-\sqrt{3})$","{""A"": ""Length of $R S=\\frac{\\sqrt{7}}{2}$"", ""B"": ""Area of $\\triangle S O E=\\frac{\\sqrt{3}}{12}$"", ""C"": ""Length of $O E=\\frac{1}{6}$"", ""D"": ""Radius of incircle of $\\triangle P Q R=\\frac{\\sqrt{3}}{2}(2-\\sqrt{3})$""}",no
82,JEE Adv 2019 Paper 1,MCQ(multiple),BC,"Define the collections $\left\{E_{1}, E_{2}, E_{3}, \ldots\right\}$ of ellipses and $\left\{R_{1}, R_{2}, R_{3}, \ldots\right\}$ of rectangles as follows:

$E_{1}: \frac{x^{2}}{9}+\frac{y^{2}}{4}=1$

$R_{1}$ : rectangle of largest area, with sides parallel to the axes, inscribed in $E_{1}$;

$E_{n}:$ ellipse $\frac{x^{2}}{a_{n}^{2}}+\frac{y^{2}}{b_{n}^{2}}=1$ of largest area inscribed in $R_{n-1}, n>1$;

$R_{n}:$ rectangle of largest area, with sides parallel to the axes, inscribed in $E_{n}, n>1$.

Then which of the following options is/are correct?","Define the collections $\left\{E_{1}, E_{2}, E_{3}, \ldots\right\}$ of ellipses and $\left\{R_{1}, R_{2}, R_{3}, \ldots\right\}$ of rectangles as follows:

$E_{1}: \frac{x^{2}}{9}+\frac{y^{2}}{4}=1$

$R_{1}$ : rectangle of largest area, with sides parallel to the axes, inscribed in $E_{1}$;

$E_{n}:$ ellipse $\frac{x^{2}}{a_{n}^{2}}+\frac{y^{2}}{b_{n}^{2}}=1$ of largest area inscribed in $R_{n-1}, n>1$;

$R_{n}:$ rectangle of largest area, with sides parallel to the axes, inscribed in $E_{n}, n>1$.

Then which of the following options is/are correct?

(A) The eccentricities of $E_{18}$ and $E_{19}$ are NOT equal

(B) $\quad \sum_{n=1}^{N}\left(\right.$ area of $\left.R_{n}\right)<24$, for each positive integer $N$

(C) The length of latus rectum of $E_{9}$ is $\frac{1}{6}$

(D) The distance of a focus from the centre in $E_{9}$ is $\frac{\sqrt{5}}{32}$","{""A"": ""The eccentricities of $E_{18}$ and $E_{19}$ are NOT equal"", ""B"": ""$\\quad \\sum_{n=1}^{N}\\left(\\right.$ area of $\\left.R_{n}\\right)<24$, for each positive integer $N$"", ""C"": ""The length of latus rectum of $E_{9}$ is $\\frac{1}{6}$"", ""D"": ""The distance of a focus from the centre in $E_{9}$ is $\\frac{\\sqrt{5}}{32}$""}",no
83,JEE Adv 2019 Paper 1,MCQ(multiple),AB,"Let $\Gamma$ denote a curve $y=y(x)$ which is in the first quadrant and let the point $(1,0)$ lie on it. Let the tangent to $\Gamma$ at a point $P$ intersect the $y$-axis at $Y_{P}$. If $P Y_{P}$ has length 1 for each point $P$ on $\Gamma$, then which of the following options is/are correct?","Let $\Gamma$ denote a curve $y=y(x)$ which is in the first quadrant and let the point $(1,0)$ lie on it. Let the tangent to $\Gamma$ at a point $P$ intersect the $y$-axis at $Y_{P}$. If $P Y_{P}$ has length 1 for each point $P$ on $\Gamma$, then which of the following options is/are correct?

(A) $y=\log _{e}\left(\frac{1+\sqrt{1-x^{2}}}{x}\right)-\sqrt{1-x^{2}}$

(B) $x y^{\prime}+\sqrt{1-x^{2}}=0$

(C) $y=-\log _{e}\left(\frac{1+\sqrt{1-x^{2}}}{x}\right)+\sqrt{1-x^{2}}$

(D) $x y^{\prime}-\sqrt{1-x^{2}}=0$","{""A"": ""$y=\\log _{e}\\left(\\frac{1+\\sqrt{1-x^{2}}}{x}\\right)-\\sqrt{1-x^{2}}$"", ""B"": ""$x y^{\\prime}+\\sqrt{1-x^{2}}=0$"", ""C"": ""$y=-\\log _{e}\\left(\\frac{1+\\sqrt{1-x^{2}}}{x}\\right)+\\sqrt{1-x^{2}}$"", ""D"": ""$x y^{\\prime}-\\sqrt{1-x^{2}}=0$""}",no
84,JEE Adv 2019 Paper 1,MCQ(multiple),ABC,"Let $L_{1}$ and $L_{2}$ denote the lines

\[
\vec{r}=\hat{i}+\lambda(-\hat{i}+2 \hat{j}+2 \hat{k}), \lambda \in \mathbb{R}
\]
 and 
\[ \vec{r}=\mu(2 \hat{i}-\hat{j}+2 \hat{k}), \mu \in \mathbb{R}
\]

respectively. If $L_{3}$ is a line which is perpendicular to both $L_{1}$ and $L_{2}$ and cuts both of them, then which of the following options describe(s) $L_{3}$ ?","Let $L_{1}$ and $L_{2}$ denote the lines

\[
\vec{r}=\hat{i}+\lambda(-\hat{i}+2 \hat{j}+2 \hat{k}), \lambda \in \mathbb{R}
\]
 and 
\[ \vec{r}=\mu(2 \hat{i}-\hat{j}+2 \hat{k}), \mu \in \mathbb{R}
\]

respectively. If $L_{3}$ is a line which is perpendicular to both $L_{1}$ and $L_{2}$ and cuts both of them, then which of the following options describe(s) $L_{3}$ ?

(A) $\vec{r}=\frac{2}{9}(4 \hat{i}+\hat{j}+\hat{k})+t(2 \hat{i}+2 \hat{j}-\hat{k}), t \in \mathbb{R}$

(B) $\vec{r}=\frac{2}{9}(2 \hat{i}-\hat{j}+2 \hat{k})+t(2 \hat{i}+2 \hat{j}-\hat{k}), t \in \mathbb{R}$

(C) $\vec{r}=\frac{1}{3}(2 \hat{i}+\hat{k})+t(2 \hat{i}+2 \hat{j}-\hat{k}), t \in \mathbb{R}$

(D) $\vec{r}=t(2 \hat{i}+2 \hat{j}-\hat{k}), t \in \mathbb{R}$","{""A"": ""$\\vec{r}=\\frac{2}{9}(4 \\hat{i}+\\hat{j}+\\hat{k})+t(2 \\hat{i}+2 \\hat{j}-\\hat{k}), t \\in \\mathbb{R}$"", ""B"": ""$\\vec{r}=\\frac{2}{9}(2 \\hat{i}-\\hat{j}+2 \\hat{k})+t(2 \\hat{i}+2 \\hat{j}-\\hat{k}), t \\in \\mathbb{R}$"", ""C"": ""$\\vec{r}=\\frac{1}{3}(2 \\hat{i}+\\hat{k})+t(2 \\hat{i}+2 \\hat{j}-\\hat{k}), t \\in \\mathbb{R}$"", ""D"": ""$\\vec{r}=t(2 \\hat{i}+2 \\hat{j}-\\hat{k}), t \\in \\mathbb{R}$""}",no
85,JEE Adv 2019 Paper 1,Numeric,3,"Let $\omega \neq 1$ be a cube root of unity. Then what is the minimum of the set

\[
\left\{\left|a+b \omega+c \omega^{2}\right|^{2}: a, b, c \text { distinct non-zero integers }\right\}
\] equal?","Let $\omega \neq 1$ be a cube root of unity. Then what is the minimum of the set

\[
\left\{\left|a+b \omega+c \omega^{2}\right|^{2}: a, b, c \text { distinct non-zero integers }\right\}
\] equal?",,no
86,JEE Adv 2019 Paper 1,Numeric,157,"Let $A P(a ; d)$ denote the set of all the terms of an infinite arithmetic progression with first term $a$ and common difference $d>0$. If

\[
A P(1 ; 3) \cap A P(2 ; 5) \cap A P(3 ; 7)=A P(a ; d)
\]

then what does $a+d$ equal?","Let $A P(a ; d)$ denote the set of all the terms of an infinite arithmetic progression with first term $a$ and common difference $d>0$. If

\[
A P(1 ; 3) \cap A P(2 ; 5) \cap A P(3 ; 7)=A P(a ; d)
\]

then what does $a+d$ equal?",,no
87,JEE Adv 2019 Paper 1,Numeric,0.5,"Let $S$ be the sample space of all $3 \times 3$ matrices with entries from the set $\{0,1\}$. Let the events $E_{1}$ and $E_{2}$ be given by

\[
\begin{aligned}

& E_{1}=\{A \in S: \operatorname{det} A=0\} \text { and } \\

& E_{2}=\{A \in S: \text { sum of entries of } A \text { is } 7\} .

\end{aligned}
\]

If a matrix is chosen at random from $S$, then what is the conditional probability $P\left(E_{1} \mid E_{2}\right)$?","Let $S$ be the sample space of all $3 \times 3$ matrices with entries from the set $\{0,1\}$. Let the events $E_{1}$ and $E_{2}$ be given by

\[
\begin{aligned}

& E_{1}=\{A \in S: \operatorname{det} A=0\} \text { and } \\

& E_{2}=\{A \in S: \text { sum of entries of } A \text { is } 7\} .

\end{aligned}
\]

If a matrix is chosen at random from $S$, then what is the conditional probability $P\left(E_{1} \mid E_{2}\right)$?",,no
88,JEE Adv 2019 Paper 1,Numeric,10,"Let the point $B$ be the reflection of the point $A(2,3)$ with respect to the line $8 x-6 y-23=0$. Let $\Gamma_{A}$ and $\Gamma_{B}$ be circles of radii 2 and 1 with centres $A$ and $B$ respectively. Let $T$ be a common tangent to the circles $\Gamma_{A}$ and $\Gamma_{B}$ such that both the circles are on the same side of $T$. If $C$ is the point of intersection of $T$ and the line passing through $A$ and $B$, then what is the length of the line segment $A C$?","Let the point $B$ be the reflection of the point $A(2,3)$ with respect to the line $8 x-6 y-23=0$. Let $\Gamma_{A}$ and $\Gamma_{B}$ be circles of radii 2 and 1 with centres $A$ and $B$ respectively. Let $T$ be a common tangent to the circles $\Gamma_{A}$ and $\Gamma_{B}$ such that both the circles are on the same side of $T$. If $C$ is the point of intersection of $T$ and the line passing through $A$ and $B$, then what is the length of the line segment $A C$?",,no
89,JEE Adv 2019 Paper 1,Numeric,4,"If

\[
I=\frac{2}{\pi} \int_{-\pi / 4}^{\pi / 4} \frac{d x}{\left(1+e^{\sin x}\right)(2-\cos 2 x)}
\]

then what does $27 I^{2}$ equal?","If

\[
I=\frac{2}{\pi} \int_{-\pi / 4}^{\pi / 4} \frac{d x}{\left(1+e^{\sin x}\right)(2-\cos 2 x)}
\]

then what does $27 I^{2}$ equal?",,no
90,JEE Adv 2019 Paper 1,Numeric,0.75,"Three lines are given by

\[
\vec{r} & =\lambda \hat{i}, \lambda \in \mathbb{R}
\]
\[\vec{r} & =\mu(\hat{i}+\hat{j}), \mu \in \mathbb{R}
\]
 \[
\vec{r} =v(\hat{i}+\hat{j}+\hat{k}), v \in \mathbb{R}.
\]

Let the lines cut the plane $x+y+z=1$ at the points $A, B$ and $C$ respectively. If the area of the triangle $A B C$ is $\triangle$ then what is the value of $(6 \Delta)^{2}$?","Three lines are given by

\[
\vec{r} & =\lambda \hat{i}, \lambda \in \mathbb{R}
\]
\[\vec{r} & =\mu(\hat{i}+\hat{j}), \mu \in \mathbb{R}
\]
 \[
\vec{r} =v(\hat{i}+\hat{j}+\hat{k}), v \in \mathbb{R}.
\]

Let the lines cut the plane $x+y+z=1$ at the points $A, B$ and $C$ respectively. If the area of the triangle $A B C$ is $\triangle$ then what is the value of $(6 \Delta)^{2}$?",,no
91,JEE Adv 2019 Paper 2,MCQ(multiple),ABC,"Let

\[
\begin{aligned}

& P_{1}=I=\left[\begin{array}{lll}

1 & 0 & 0 \\

0 & 1 & 0 \\

0 & 0 & 1

\end{array}\right], \quad P_{2}=\left[\begin{array}{lll}

1 & 0 & 0 \\

0 & 0 & 1 \\

0 & 1 & 0

\end{array}\right], \quad P_{3}=\left[\begin{array}{lll}

0 & 1 & 0 \\

1 & 0 & 0 \\

0 & 0 & 1

\end{array}\right], \\

& P_{4}=\left[\begin{array}{lll}

0 & 1 & 0 \\

0 & 0 & 1 \\

1 & 0 & 0

\end{array}\right], \quad P_{5}=\left[\begin{array}{lll}

0 & 0 & 1 \\

1 & 0 & 0 \\

0 & 1 & 0

\end{array}\right], \quad P_{6}=\left[\begin{array}{ccc}

0 & 0 & 1 \\

0 & 1 & 0 \\

1 & 0 & 0

\end{array}\right] \\

& \text { and } X=\sum_{k=1}^{6} P_{k}\left[\begin{array}{lll}

2 & 1 & 3 \\

1 & 0 & 2 \\

3 & 2 & 1

\end{array}\right] P_{k}^{T}

\end{aligned}
\]

where $P_{k}^{T}$ denotes the transpose of the matrix $P_{k}$. Then which of the following options is/are correct?","Let

\[
\begin{aligned}

& P_{1}=I=\left[\begin{array}{lll}

1 & 0 & 0 \\

0 & 1 & 0 \\

0 & 0 & 1

\end{array}\right], \quad P_{2}=\left[\begin{array}{lll}

1 & 0 & 0 \\

0 & 0 & 1 \\

0 & 1 & 0

\end{array}\right], \quad P_{3}=\left[\begin{array}{lll}

0 & 1 & 0 \\

1 & 0 & 0 \\

0 & 0 & 1

\end{array}\right], \\

& P_{4}=\left[\begin{array}{lll}

0 & 1 & 0 \\

0 & 0 & 1 \\

1 & 0 & 0

\end{array}\right], \quad P_{5}=\left[\begin{array}{lll}

0 & 0 & 1 \\

1 & 0 & 0 \\

0 & 1 & 0

\end{array}\right], \quad P_{6}=\left[\begin{array}{ccc}

0 & 0 & 1 \\

0 & 1 & 0 \\

1 & 0 & 0

\end{array}\right] \\

& \text { and } X=\sum_{k=1}^{6} P_{k}\left[\begin{array}{lll}

2 & 1 & 3 \\

1 & 0 & 2 \\

3 & 2 & 1

\end{array}\right] P_{k}^{T}

\end{aligned}
\]

where $P_{k}^{T}$ denotes the transpose of the matrix $P_{k}$. Then which of the following options is/are correct?

(A) If $X\left[\begin{array}{l}1 \\ 1 \\ 1\end{array}\right]=\alpha\left[\begin{array}{l}1 \\ 1 \\ 1\end{array}\right]$, then $\alpha=30$

(B) $X$ is a symmetric matrix

(C) The sum of diagonal entries of $X$ is 18

(D) $X-30 I$ is an invertible matrix","{""A"": ""If $X\\left[\\begin{array}{l}1 \\\\ 1 \\\\ 1\\end{array}\\right]=\\alpha\\left[\\begin{array}{l}1 \\\\ 1 \\\\ 1\\end{array}\\right]$, then $\\alpha=30$"", ""B"": ""$X$ is a symmetric matrix"", ""C"": ""The sum of diagonal entries of $X$ is 18"", ""D"": ""$X-30 I$ is an invertible matrix""}",no
92,JEE Adv 2019 Paper 2,MCQ(multiple),AB,"Let $f: \mathbb{R} \rightarrow \mathbb{R}$ be a function. We say that $f$ has

PROPERTY 1 if $\lim _{h \rightarrow 0} \frac{f(h)-f(0)}{\sqrt{|h|}}$ exists and is finite, and

PROPERTY 2 if $\lim _{h \rightarrow 0} \frac{f(h)-f(0)}{h^{2}}$ exists and is finite.

Then which of the following options is/are correct?","Let $f: \mathbb{R} \rightarrow \mathbb{R}$ be a function. We say that $f$ has

PROPERTY 1 if $\lim _{h \rightarrow 0} \frac{f(h)-f(0)}{\sqrt{|h|}}$ exists and is finite, and

PROPERTY 2 if $\lim _{h \rightarrow 0} \frac{f(h)-f(0)}{h^{2}}$ exists and is finite.

Then which of the following options is/are correct?

(A) $f(x)=|x|$ has PROPERTY 1

(B) $f(x)=x^{2 / 3}$ has PROPERTY 1

(C) $f(x)=x|x|$ has PROPERTY 2

(D) $f(x)=\sin x$ has PROPERTY 2","{""A"": ""$f(x)=|x|$ has PROPERTY 1"", ""B"": ""$f(x)=x^{2 / 3}$ has PROPERTY 1"", ""C"": ""$f(x)=x|x|$ has PROPERTY 2"", ""D"": ""$f(x)=\\sin x$ has PROPERTY 2""}",no
93,JEE Adv 2019 Paper 2,MCQ(multiple),BCD,"Let

\[
f(x)=\frac{\sin \pi x}{x^{2}}, \quad x>0
\]

Let $x_{1}<x_{2}<x_{3}<\cdots<x_{n}<\cdots$ be all the points of local maximum of $f$ and $y_{1}<y_{2}<y_{3}<\cdots<y_{n}<\cdots$ be all the points of local minimum of $f$.

Then which of the following options is/are correct?","Let

\[
f(x)=\frac{\sin \pi x}{x^{2}}, \quad x>0
\]

Let $x_{1}<x_{2}<x_{3}<\cdots<x_{n}<\cdots$ be all the points of local maximum of $f$ and $y_{1}<y_{2}<y_{3}<\cdots<y_{n}<\cdots$ be all the points of local minimum of $f$.

Then which of the following options is/are correct?

(A) $x_{1}<y_{1}$

(B) $x_{n+1}-x_{n}>2$ for every $n$

(C) $\quad x_{n} \in\left(2 n, 2 n+\frac{1}{2}\right)$ for every $n$

(D) $\left|x_{n}-y_{n}\right|>1$ for every $n$","{""A"": ""$x_{1}<y_{1}$"", ""B"": ""$x_{n+1}-x_{n}>2$ for every $n$"", ""C"": ""$\\quad x_{n} \\in\\left(2 n, 2 n+\\frac{1}{2}\\right)$ for every $n$"", ""D"": ""$\\left|x_{n}-y_{n}\\right|>1$ for every $n$""}",no
94,JEE Adv 2019 Paper 2,MCQ(multiple),AD,"For $a \in \mathbb{R},|a|>1$, let

\[
\lim _{n \rightarrow \infty}\left(\frac{1+\sqrt[3]{2}+\cdots+\sqrt[3]{n}}{n^{7 / 3}\left(\frac{1}{(a n+1)^{2}}+\frac{1}{(a n+2)^{2}}+\cdots+\frac{1}{(a n+n)^{2}}\right)}\right)=54
\]

Then the possible value(s) of $a$ is/are","For $a \in \mathbb{R},|a|>1$, let

\[
\lim _{n \rightarrow \infty}\left(\frac{1+\sqrt[3]{2}+\cdots+\sqrt[3]{n}}{n^{7 / 3}\left(\frac{1}{(a n+1)^{2}}+\frac{1}{(a n+2)^{2}}+\cdots+\frac{1}{(a n+n)^{2}}\right)}\right)=54
\]

Then the possible value(s) of $a$ is/are

(A) -9

(B) -6

(C) 7

(D) 8","{""A"": ""-9"", ""B"": ""-6"", ""C"": ""7"", ""D"": ""8""}",no
95,JEE Adv 2019 Paper 2,MCQ(multiple),ABD,"Let $f: \mathbb{R} \rightarrow \mathbb{R}$ be given by $f(x)=(x-1)(x-2)(x-5)$. Define

\[
F(x)=\int_{0}^{x} f(t) d t, \quad x>0 .
\]

Then which of the following options is/are correct?","Let $f: \mathbb{R} \rightarrow \mathbb{R}$ be given by $f(x)=(x-1)(x-2)(x-5)$. Define

\[
F(x)=\int_{0}^{x} f(t) d t, \quad x>0 .
\]

Then which of the following options is/are correct?

(A) $F$ has a local minimum at $x=1$

(B) $F$ has a local maximum at $x=2$

(C) $F$ has two local maxima and one local minimum in $(0, \infty)$

(D) $\quad F(x) \neq 0$ for all $x \in(0,5)$","{""A"": ""$F$ has a local minimum at $x=1$"", ""B"": ""$F$ has a local maximum at $x=2$"", ""C"": ""$F$ has two local maxima and one local minimum in $(0, \\infty)$"", ""D"": ""$\\quad F(x) \\neq 0$ for all $x \\in(0,5)$""}",no
96,JEE Adv 2019 Paper 2,MCQ(multiple),AC,"Three lines

\[
\begin{aligned}

L_{1}: & \vec{r}=\lambda \hat{i}, \lambda \in \mathbb{R}, \\

L_{2}: & \vec{r}=\hat{k}+\mu \hat{j}, \mu \in \mathbb{R} \text { and } \\

L_{3}: & \vec{r}=\hat{i}+\hat{j}+v \hat{k}, \quad v \in \mathbb{R}

\end{aligned}
\]

are given. For which point(s) $Q$ on $L_{2}$ can we find a point $P$ on $L_{1}$ and a point $R$ on $L_{3}$ so that $P, Q$ and $R$ are collinear?","Three lines

\[
\begin{aligned}

L_{1}: & \vec{r}=\lambda \hat{i}, \lambda \in \mathbb{R}, \\

L_{2}: & \vec{r}=\hat{k}+\mu \hat{j}, \mu \in \mathbb{R} \text { and } \\

L_{3}: & \vec{r}=\hat{i}+\hat{j}+v \hat{k}, \quad v \in \mathbb{R}

\end{aligned}
\]

are given. For which point(s) $Q$ on $L_{2}$ can we find a point $P$ on $L_{1}$ and a point $R$ on $L_{3}$ so that $P, Q$ and $R$ are collinear?

(A) $\hat{k}-\frac{1}{2} \hat{j}$

(B) $\hat{k}$

(C) $\hat{k}+\frac{1}{2} \hat{j}$

(D) $\hat{k}+\hat{j}$","{""A"": ""$\\hat{k}-\\frac{1}{2} \\hat{j}$"", ""B"": ""$\\hat{k}$"", ""C"": ""$\\hat{k}+\\frac{1}{2} \\hat{j}$"", ""D"": ""$\\hat{k}+\\hat{j}$""}",no
97,JEE Adv 2019 Paper 2,Numeric,6.2,"Suppose

\[
\operatorname{det}\left[\begin{array}{cc}

\sum_{k=0}^{n} k & \sum_{k=0}^{n}{ }^{n} C_{k} k^{2} \\

\sum_{k=0}^{n}{ }^{n} C_{k} k & \sum_{k=0}^{n}{ }^{n} C_{k} 3^{k}

\end{array}\right]=0
\]

holds for some positive integer $n$. Then what does $\sum_{k=0}^{n} \frac{{ }^{n} C_{k}}{k+1}$?","Suppose

\[
\operatorname{det}\left[\begin{array}{cc}

\sum_{k=0}^{n} k & \sum_{k=0}^{n}{ }^{n} C_{k} k^{2} \\

\sum_{k=0}^{n}{ }^{n} C_{k} k & \sum_{k=0}^{n}{ }^{n} C_{k} 3^{k}

\end{array}\right]=0
\]

holds for some positive integer $n$. Then what does $\sum_{k=0}^{n} \frac{{ }^{n} C_{k}}{k+1}$?",,no
98,JEE Adv 2019 Paper 2,Numeric,30,"Five persons $A, B, C, D$ and $E$ are seated in a circular arrangement. If each of them is given a hat of one of the three colours red, blue and green, then what is the number of ways of distributing the hats such that the persons seated in adjacent seats get different coloured hats?","Five persons $A, B, C, D$ and $E$ are seated in a circular arrangement. If each of them is given a hat of one of the three colours red, blue and green, then what is the number of ways of distributing the hats such that the persons seated in adjacent seats get different coloured hats?",,no
99,JEE Adv 2019 Paper 2,Numeric,422,"Let $|X|$ denote the number of elements in a set $X$. Let $S=\{1,2,3,4,5,6\}$ be a sample space, where each element is equally likely to occur. If $A$ and $B$ are independent events associated with $S$, then what is the number of ordered pairs $(A, B)$ such that $1 \leq|B|<|A|$?","Let $|X|$ denote the number of elements in a set $X$. Let $S=\{1,2,3,4,5,6\}$ be a sample space, where each element is equally likely to occur. If $A$ and $B$ are independent events associated with $S$, then what is the number of ordered pairs $(A, B)$ such that $1 \leq|B|<|A|$?",,no
100,JEE Adv 2019 Paper 2,Numeric,0,"What is the value of

\[
\sec ^{-1}\left(\frac{1}{4} \sum_{k=0}^{10} \sec \left(\frac{7 \pi}{12}+\frac{k \pi}{2}\right) \sec \left(\frac{7 \pi}{12}+\frac{(k+1) \pi}{2}\right)\right)
\]

in the interval $\left[-\frac{\pi}{4}, \frac{3 \pi}{4}\right]$?","What is the value of

\[
\sec ^{-1}\left(\frac{1}{4} \sum_{k=0}^{10} \sec \left(\frac{7 \pi}{12}+\frac{k \pi}{2}\right) \sec \left(\frac{7 \pi}{12}+\frac{(k+1) \pi}{2}\right)\right)
\]

in the interval $\left[-\frac{\pi}{4}, \frac{3 \pi}{4}\right]$?",,no
101,JEE Adv 2019 Paper 2,Numeric,0.5,"What is the value of the integral


\[
\int_{0}^{\pi / 2} \frac{3 \sqrt{\cos \theta}}{(\sqrt{\cos \theta}+\sqrt{\sin \theta})^{5}} d \theta
\]?","What is the value of the integral


\[
\int_{0}^{\pi / 2} \frac{3 \sqrt{\cos \theta}}{(\sqrt{\cos \theta}+\sqrt{\sin \theta})^{5}} d \theta
\]?",,no
102,JEE Adv 2020 Paper 1,MCQ,D,"Suppose $a, b$ denote the distinct real roots of the quadratic polynomial $x^{2}+20 x-2020$ and suppose $c, d$ denote the distinct complex roots of the quadratic polynomial $x^{2}-20 x+2020$. Then the value of

\[
a c(a-c)+a d(a-d)+b c(b-c)+b d(b-d)
\]

is","Suppose $a, b$ denote the distinct real roots of the quadratic polynomial $x^{2}+20 x-2020$ and suppose $c, d$ denote the distinct complex roots of the quadratic polynomial $x^{2}-20 x+2020$. Then the value of

\[
a c(a-c)+a d(a-d)+b c(b-c)+b d(b-d)
\]

is

(A) 0

(B) 8000

(C) 8080

(D) 16000","{""A"": ""0"", ""B"": ""8000"", ""C"": ""8080"", ""D"": ""16000""}",no
103,JEE Adv 2020 Paper 1,MCQ,C,"If the function $f: \mathbb{R} \rightarrow \mathbb{R}$ is defined by $f(x)=|x|(x-\sin x)$, then which of the following statements is TRUE?","If the function $f: \mathbb{R} \rightarrow \mathbb{R}$ is defined by $f(x)=|x|(x-\sin x)$, then which of the following statements is TRUE?

(A) $f$ is one-one, but NOT onto

(B) $f$ is onto, but NOT one-one

(C) $f$ is BOTH one-one and onto

(D) $f$ is NEITHER one-one NOR onto","{""A"": ""$f$ is one-one, but NOT onto"", ""B"": ""$f$ is onto, but NOT one-one"", ""C"": ""$f$ is BOTH one-one and onto"", ""D"": ""$f$ is NEITHER one-one NOR onto""}",no
104,JEE Adv 2020 Paper 1,MCQ,A,"Let the functions $f: \mathbb{R} \rightarrow \mathbb{R}$ and $g: \mathbb{R} \rightarrow \mathbb{R}$ be defined by

\[
f(x)=e^{x-1}-e^{-|x-1|} \quad \text { and } \quad g(x)=\frac{1}{2}\left(e^{x-1}+e^{1-x}\right)
\]

Then the area of the region in the first quadrant bounded by the curves $y=f(x), y=g(x)$ and $x=0$ is","Let the functions $f: \mathbb{R} \rightarrow \mathbb{R}$ and $g: \mathbb{R} \rightarrow \mathbb{R}$ be defined by

\[
f(x)=e^{x-1}-e^{-|x-1|} \quad \text { and } \quad g(x)=\frac{1}{2}\left(e^{x-1}+e^{1-x}\right)
\]

Then the area of the region in the first quadrant bounded by the curves $y=f(x), y=g(x)$ and $x=0$ is

(A) $(2-\sqrt{3})+\frac{1}{2}\left(e-e^{-1}\right)$

(B) $(2+\sqrt{3})+\frac{1}{2}\left(e-e^{-1}\right)$

(C) $(2-\sqrt{3})+\frac{1}{2}\left(e+e^{-1}\right)$

(D) $(2+\sqrt{3})+\frac{1}{2}\left(e+e^{-1}\right)$","{""A"": ""$(2-\\sqrt{3})+\\frac{1}{2}\\left(e-e^{-1}\\right)$"", ""B"": ""$(2+\\sqrt{3})+\\frac{1}{2}\\left(e-e^{-1}\\right)$"", ""C"": ""$(2-\\sqrt{3})+\\frac{1}{2}\\left(e+e^{-1}\\right)$"", ""D"": ""$(2+\\sqrt{3})+\\frac{1}{2}\\left(e+e^{-1}\\right)$""}",no
105,JEE Adv 2020 Paper 1,MCQ,A,"Let $a, b$ and $\lambda$ be positive real numbers. Suppose $P$ is an end point of the latus rectum of the parabola $y^{2}=4 \lambda x$, and suppose the ellipse $\frac{x^{2}}{a^{2}}+\frac{y^{2}}{b^{2}}=1$ passes through the point $P$. If the tangents to the parabola and the ellipse at the point $P$ are perpendicular to each other, then the eccentricity of the ellipse is","Let $a, b$ and $\lambda$ be positive real numbers. Suppose $P$ is an end point of the latus rectum of the parabola $y^{2}=4 \lambda x$, and suppose the ellipse $\frac{x^{2}}{a^{2}}+\frac{y^{2}}{b^{2}}=1$ passes through the point $P$. If the tangents to the parabola and the ellipse at the point $P$ are perpendicular to each other, then the eccentricity of the ellipse is

(A) $\frac{1}{\sqrt{2}}$

(B) $\frac{1}{2}$

(C) $\frac{1}{3}$

(D) $\frac{2}{5}$","{""A"": ""$\\frac{1}{\\sqrt{2}}$"", ""B"": ""$\\frac{1}{2}$"", ""C"": ""$\\frac{1}{3}$"", ""D"": ""$\\frac{2}{5}$""}",no
106,JEE Adv 2020 Paper 1,MCQ,B,"Let $C_{1}$ and $C_{2}$ be two biased coins such that the probabilities of getting head in a single toss are $\frac{2}{3}$ and $\frac{1}{3}$, respectively. Suppose $\alpha$ is the number of heads that appear when $C_{1}$ is tossed twice, independently, and suppose $\beta$ is the number of heads that appear when $C_{2}$ is tossed twice, independently. Then the probability that the roots of the quadratic polynomial $x^{2}-\alpha x+\beta$ are real and equal, is","Let $C_{1}$ and $C_{2}$ be two biased coins such that the probabilities of getting head in a single toss are $\frac{2}{3}$ and $\frac{1}{3}$, respectively. Suppose $\alpha$ is the number of heads that appear when $C_{1}$ is tossed twice, independently, and suppose $\beta$ is the number of heads that appear when $C_{2}$ is tossed twice, independently. Then the probability that the roots of the quadratic polynomial $x^{2}-\alpha x+\beta$ are real and equal, is

(A) $\frac{40}{81}$

(B) $\frac{20}{81}$

(C) $\frac{1}{2}$

(D) $\frac{1}{4}$","{""A"": ""$\\frac{40}{81}$"", ""B"": ""$\\frac{20}{81}$"", ""C"": ""$\\frac{1}{2}$"", ""D"": ""$\\frac{1}{4}$""}",no
107,JEE Adv 2020 Paper 1,MCQ,C,"Consider all rectangles lying in the region

\[
\left\{(x, y) \in \mathbb{R} \times \mathbb{R}: 0 \leq x \leq \frac{\pi}{2} \text { and } 0 \leq y \leq 2 \sin (2 x)\right\}
\]

and having one side on the $x$-axis. The area of the rectangle which has the maximum perimeter among all such rectangles, is","Consider all rectangles lying in the region

\[
\left\{(x, y) \in \mathbb{R} \times \mathbb{R}: 0 \leq x \leq \frac{\pi}{2} \text { and } 0 \leq y \leq 2 \sin (2 x)\right\}
\]

and having one side on the $x$-axis. The area of the rectangle which has the maximum perimeter among all such rectangles, is

(A) $\frac{3 \pi}{2}$

(B) $\pi$

(C) $\frac{\pi}{2 \sqrt{3}}$

(D) $\frac{\pi \sqrt{3}}{2}$","{""A"": ""$\\frac{3 \\pi}{2}$"", ""B"": ""$\\pi$"", ""C"": ""$\\frac{\\pi}{2 \\sqrt{3}}$"", ""D"": ""$\\frac{\\pi \\sqrt{3}}{2}$""}",no
108,JEE Adv 2020 Paper 1,MCQ(multiple),AC,Let the function $f: \mathbb{R} \rightarrow \mathbb{R}$ be defined by $f(x)=x^{3}-x^{2}+(x-1) \sin x$ and let $g: \mathbb{R} \rightarrow \mathbb{R}$ be an arbitrary function. Let $f g: \mathbb{R} \rightarrow \mathbb{R}$ be the product function defined by $(f g)(x)=f(x) g(x)$. Then which of the following statements is/are TRUE?,"Let the function $f: \mathbb{R} \rightarrow \mathbb{R}$ be defined by $f(x)=x^{3}-x^{2}+(x-1) \sin x$ and let $g: \mathbb{R} \rightarrow \mathbb{R}$ be an arbitrary function. Let $f g: \mathbb{R} \rightarrow \mathbb{R}$ be the product function defined by $(f g)(x)=f(x) g(x)$. Then which of the following statements is/are TRUE?

(A) If $g$ is continuous at $x=1$, then $f g$ is differentiable at $x=1$

(B) If $f g$ is differentiable at $x=1$, then $g$ is continuous at $x=1$

(C) If $g$ is differentiable at $x=1$, then $f g$ is differentiable at $x=1$

(D) If $f g$ is differentiable at $x=1$, then $g$ is differentiable at $x=1$","{""A"": ""If $g$ is continuous at $x=1$, then $f g$ is differentiable at $x=1$"", ""B"": ""If $f g$ is differentiable at $x=1$, then $g$ is continuous at $x=1$"", ""C"": ""If $g$ is differentiable at $x=1$, then $f g$ is differentiable at $x=1$"", ""D"": ""If $f g$ is differentiable at $x=1$, then $g$ is differentiable at $x=1$""}",no
109,JEE Adv 2020 Paper 1,MCQ(multiple),BCD,"Let $M$ be a $3 \times 3$ invertible matrix with real entries and let $I$ denote the $3 \times 3$ identity matrix. If $M^{-1}=\operatorname{adj}(\operatorname{adj} M)$, then which of the following statements is/are ALWAYS TRUE?","Let $M$ be a $3 \times 3$ invertible matrix with real entries and let $I$ denote the $3 \times 3$ identity matrix. If $M^{-1}=\operatorname{adj}(\operatorname{adj} M)$, then which of the following statements is/are ALWAYS TRUE?

(A) $M=I$

(B) $\operatorname{det} M=1$

(C) $M^{2}=I$

(D) $(\operatorname{adj} M)^{2}=I$","{""A"": ""$M=I$"", ""B"": ""$\\operatorname{det} M=1$"", ""C"": ""$M^{2}=I$"", ""D"": ""$(\\operatorname{adj} M)^{2}=I$""}",no
110,JEE Adv 2020 Paper 1,MCQ(multiple),BC,Let $S$ be the set of all complex numbers $z$ satisfying $\left|z^{2}+z+1\right|=1$. Then which of the following statements is/are TRUE?,"Let $S$ be the set of all complex numbers $z$ satisfying $\left|z^{2}+z+1\right|=1$. Then which of the following statements is/are TRUE?

(A) $\left|z+\frac{1}{2}\right| \leq \frac{1}{2}$ for all $z \in S$

(B) $|z| \leq 2$ for all $z \in S$

(C) $\left|z+\frac{1}{2}\right| \geq \frac{1}{2}$ for all $z \in S$

(D) The set $S$ has exactly four elements","{""A"": ""$\\left|z+\\frac{1}{2}\\right| \\leq \\frac{1}{2}$ for all $z \\in S$"", ""B"": ""$|z| \\leq 2$ for all $z \\in S$"", ""C"": ""$\\left|z+\\frac{1}{2}\\right| \\geq \\frac{1}{2}$ for all $z \\in S$"", ""D"": ""The set $S$ has exactly four elements""}",no
111,JEE Adv 2020 Paper 1,MCQ(multiple),BC,"Let $x, y$ and $z$ be positive real numbers. Suppose $x, y$ and $z$ are the lengths of the sides of a triangle opposite to its angles $X, Y$ and $Z$, respectively. If

\[
\tan \frac{X}{2}+\tan \frac{Z}{2}=\frac{2 y}{x+y+z}
\]

then which of the following statements is/are TRUE?","Let $x, y$ and $z$ be positive real numbers. Suppose $x, y$ and $z$ are the lengths of the sides of a triangle opposite to its angles $X, Y$ and $Z$, respectively. If

\[
\tan \frac{X}{2}+\tan \frac{Z}{2}=\frac{2 y}{x+y+z}
\]

then which of the following statements is/are TRUE?

(A) $2 Y=X+Z$

(B) $Y=X+Z$

(C) $\tan \frac{x}{2}=\frac{x}{y+z}$

(D) $x^{2}+z^{2}-y^{2}=x z$","{""A"": ""$2 Y=X+Z$"", ""B"": ""$Y=X+Z$"", ""C"": ""$\\tan \\frac{x}{2}=\\frac{x}{y+z}$"", ""D"": ""$x^{2}+z^{2}-y^{2}=x z$""}",no
112,JEE Adv 2020 Paper 1,MCQ(multiple),AB,"Let $L_{1}$ and $L_{2}$ be the following straight lines.

\[
L_{1}: \frac{x-1}{1}=\frac{y}{-1}=\frac{z-1}{3} \text { and } L_{2}: \frac{x-1}{-3}=\frac{y}{-1}=\frac{z-1}{1}
\]

Suppose the straight line

\[
L: \frac{x-\alpha}{l}=\frac{y-1}{m}=\frac{z-\gamma}{-2}
\]

lies in the plane containing $L_{1}$ and $L_{2}$, and passes through the point of intersection of $L_{1}$ and $L_{2}$. If the line $L$ bisects the acute angle between the lines $L_{1}$ and $L_{2}$, then which of the following statements is/are TRUE?","Let $L_{1}$ and $L_{2}$ be the following straight lines.

\[
L_{1}: \frac{x-1}{1}=\frac{y}{-1}=\frac{z-1}{3} \text { and } L_{2}: \frac{x-1}{-3}=\frac{y}{-1}=\frac{z-1}{1}
\]

Suppose the straight line

\[
L: \frac{x-\alpha}{l}=\frac{y-1}{m}=\frac{z-\gamma}{-2}
\]

lies in the plane containing $L_{1}$ and $L_{2}$, and passes through the point of intersection of $L_{1}$ and $L_{2}$. If the line $L$ bisects the acute angle between the lines $L_{1}$ and $L_{2}$, then which of the following statements is/are TRUE?

(A) $\alpha-\gamma=3$

(B) $l+m=2$

(C) $\alpha-\gamma=1$

(D) $l+m=0$","{""A"": ""$\\alpha-\\gamma=3$"", ""B"": ""$l+m=2$"", ""C"": ""$\\alpha-\\gamma=1$"", ""D"": ""$l+m=0$""}",no
113,JEE Adv 2020 Paper 1,MCQ(multiple),ABD,Which of the following inequalities is/are TRUE?,"Which of the following inequalities is/are TRUE?

(A) $\int_{0}^{1} x \cos x d x \geq \frac{3}{8}$

(B) $\int_{0}^{1} x \sin x d x \geq \frac{3}{10}$

(C) $\int_{0}^{1} x^{2} \cos x d x \geq \frac{1}{2}$

(D) $\int_{0}^{1} x^{2} \sin x d x \geq \frac{2}{9}$","{""A"": ""$\\int_{0}^{1} x \\cos x d x \\geq \\frac{3}{8}$"", ""B"": ""$\\int_{0}^{1} x \\sin x d x \\geq \\frac{3}{10}$"", ""C"": ""$\\int_{0}^{1} x^{2} \\cos x d x \\geq \\frac{1}{2}$"", ""D"": ""$\\int_{0}^{1} x^{2} \\sin x d x \\geq \\frac{2}{9}$""}",no
114,JEE Adv 2020 Paper 1,Numeric,8,"Let $m$ be the minimum possible value of $\log _{3}\left(3^{y_{1}}+3^{y_{2}}+3^{y_{3}}\right)$, where $y_{1}, y_{2}, y_{3}$ are real numbers for which $y_{1}+y_{2}+y_{3}=9$. Let $M$ be the maximum possible value of $\left(\log _{3} x_{1}+\log _{3} x_{2}+\log _{3} x_{3}\right)$, where $x_{1}, x_{2}, x_{3}$ are positive real numbers for which $x_{1}+x_{2}+x_{3}=9$. Then what is the value of $\log _{2}\left(m^{3}\right)+\log _{3}\left(M^{2}\right)$?","Let $m$ be the minimum possible value of $\log _{3}\left(3^{y_{1}}+3^{y_{2}}+3^{y_{3}}\right)$, where $y_{1}, y_{2}, y_{3}$ are real numbers for which $y_{1}+y_{2}+y_{3}=9$. Let $M$ be the maximum possible value of $\left(\log _{3} x_{1}+\log _{3} x_{2}+\log _{3} x_{3}\right)$, where $x_{1}, x_{2}, x_{3}$ are positive real numbers for which $x_{1}+x_{2}+x_{3}=9$. Then what is the value of $\log _{2}\left(m^{3}\right)+\log _{3}\left(M^{2}\right)$?",,no
115,JEE Adv 2020 Paper 1,Numeric,1,"Let $a_{1}, a_{2}, a_{3}, \ldots$ be a sequence of positive integers in arithmetic progression with common difference 2. Also, let $b_{1}, b_{2}, b_{3}, \ldots$ be a sequence of positive integers in geometric progression with common ratio 2. If $a_{1}=b_{1}=c$, then what is the number of all possible values of $c$, for which the equality

\[
2\left(a_{1}+a_{2}+\cdots+a_{n}\right)=b_{1}+b_{2}+\cdots+b_{n}
\]

holds for some positive integer $n$?","Let $a_{1}, a_{2}, a_{3}, \ldots$ be a sequence of positive integers in arithmetic progression with common difference 2. Also, let $b_{1}, b_{2}, b_{3}, \ldots$ be a sequence of positive integers in geometric progression with common ratio 2. If $a_{1}=b_{1}=c$, then what is the number of all possible values of $c$, for which the equality

\[
2\left(a_{1}+a_{2}+\cdots+a_{n}\right)=b_{1}+b_{2}+\cdots+b_{n}
\]

holds for some positive integer $n$?",,no
116,JEE Adv 2020 Paper 1,Numeric,1,"Let $f:[0,2] \rightarrow \mathbb{R}$ be the function defined by

\[
f(x)=(3-\sin (2 \pi x)) \sin \left(\pi x-\frac{\pi}{4}\right)-\sin \left(3 \pi x+\frac{\pi}{4}\right)
\]

If $\alpha, \beta \in[0,2]$ are such that $\{x \in[0,2]: f(x) \geq 0\}=[\alpha, \beta]$, then what is the value of $\beta-\alpha$?","Let $f:[0,2] \rightarrow \mathbb{R}$ be the function defined by

\[
f(x)=(3-\sin (2 \pi x)) \sin \left(\pi x-\frac{\pi}{4}\right)-\sin \left(3 \pi x+\frac{\pi}{4}\right)
\]

If $\alpha, \beta \in[0,2]$ are such that $\{x \in[0,2]: f(x) \geq 0\}=[\alpha, \beta]$, then what is the value of $\beta-\alpha$?",,no
117,JEE Adv 2020 Paper 1,Numeric,108,"In a triangle $P Q R$, let $\vec{a}=\overrightarrow{Q R}, \vec{b}=\overrightarrow{R P}$ and $\vec{c}=\overrightarrow{P Q}$. If

\[
|\vec{a}|=3, \quad|\vec{b}|=4 \quad \text { and } \quad \frac{\vec{a} \cdot(\vec{c}-\vec{b})}{\vec{c} \cdot(\vec{a}-\vec{b})}=\frac{|\vec{a}|}{|\vec{a}|+|\vec{b}|},
\]

then what is the value of $|\vec{a} \times \vec{b}|^{2}$?","In a triangle $P Q R$, let $\vec{a}=\overrightarrow{Q R}, \vec{b}=\overrightarrow{R P}$ and $\vec{c}=\overrightarrow{P Q}$. If

\[
|\vec{a}|=3, \quad|\vec{b}|=4 \quad \text { and } \quad \frac{\vec{a} \cdot(\vec{c}-\vec{b})}{\vec{c} \cdot(\vec{a}-\vec{b})}=\frac{|\vec{a}|}{|\vec{a}|+|\vec{b}|},
\]

then what is the value of $|\vec{a} \times \vec{b}|^{2}$?",,no
118,JEE Adv 2020 Paper 1,Numeric,3,"For a polynomial $g(x)$ with real coefficients, let $m_{g}$ denote the number of distinct real roots of $g(x)$. Suppose $S$ is the set of polynomials with real coefficients defined by

\[
S=\left\{\left(x^{2}-1\right)^{2}\left(a_{0}+a_{1} x+a_{2} x^{2}+a_{3} x^{3}\right): a_{0}, a_{1}, a_{2}, a_{3} \in \mathbb{R}\right\}
\]

For a polynomial $f$, let $f^{\prime}$ and $f^{\prime \prime}$ denote its first and second order derivatives, respectively. Then what is the minimum possible value of $\left(m_{f^{\prime}}+m_{f^{\prime \prime}}\right)$, where $f \in S$?","For a polynomial $g(x)$ with real coefficients, let $m_{g}$ denote the number of distinct real roots of $g(x)$. Suppose $S$ is the set of polynomials with real coefficients defined by

\[
S=\left\{\left(x^{2}-1\right)^{2}\left(a_{0}+a_{1} x+a_{2} x^{2}+a_{3} x^{3}\right): a_{0}, a_{1}, a_{2}, a_{3} \in \mathbb{R}\right\}
\]

For a polynomial $f$, let $f^{\prime}$ and $f^{\prime \prime}$ denote its first and second order derivatives, respectively. Then what is the minimum possible value of $\left(m_{f^{\prime}}+m_{f^{\prime \prime}}\right)$, where $f \in S$?",,no
119,JEE Adv 2020 Paper 1,Numeric,1,"Let $e$ denote the base of the natural logarithm. What is the value of the real number $a$ for which the right hand limit

\[
\lim _{x \rightarrow 0^{+}} \frac{(1-x)^{\frac{1}{x}}-e^{-1}}{x^{a}}
\]

is equal to a nonzero real number?","Let $e$ denote the base of the natural logarithm. What is the value of the real number $a$ for which the right hand limit

\[
\lim _{x \rightarrow 0^{+}} \frac{(1-x)^{\frac{1}{x}}-e^{-1}}{x^{a}}
\]

is equal to a nonzero real number?",,no
120,JEE Adv 2020 Paper 2,Integer,8,"For a complex number $z$, let $\operatorname{Re}(z)$ denote the real part of $z$. Let $S$ be the set of all complex numbers $z$ satisfying $z^{4}-|z|^{4}=4 i z^{2}$, where $i=\sqrt{-1}$. Then what is the minimum possible value of $\left|z_{1}-z_{2}\right|^{2}$, where $z_{1}, z_{2} \in S$ with $\operatorname{Re}\left(z_{1}\right)>0$ and $\operatorname{Re}\left(z_{2}\right)<0$?","For a complex number $z$, let $\operatorname{Re}(z)$ denote the real part of $z$. Let $S$ be the set of all complex numbers $z$ satisfying $z^{4}-|z|^{4}=4 i z^{2}$, where $i=\sqrt{-1}$. Then what is the minimum possible value of $\left|z_{1}-z_{2}\right|^{2}$, where $z_{1}, z_{2} \in S$ with $\operatorname{Re}\left(z_{1}\right)>0$ and $\operatorname{Re}\left(z_{2}\right)<0$?",,no
121,JEE Adv 2020 Paper 2,Integer,6,"The probability that a missile hits a target successfully is 0.75 . In order to destroy the target completely, at least three successful hits are required. Then what is the minimum number of missiles that have to be fired so that the probability of completely destroying the target is NOT less than 0.95?","The probability that a missile hits a target successfully is 0.75 . In order to destroy the target completely, at least three successful hits are required. Then what is the minimum number of missiles that have to be fired so that the probability of completely destroying the target is NOT less than 0.95?",,no
122,JEE Adv 2020 Paper 2,Integer,2,"Let $O$ be the centre of the circle $x^{2}+y^{2}=r^{2}$, where $r>\frac{\sqrt{5}}{2}$. Suppose $P Q$ is a chord of this circle and the equation of the line passing through $P$ and $Q$ is $2 x+4 y=5$. If the centre of the circumcircle of the triangle $O P Q$ lies on the line $x+2 y=4$, then what is the value of $r$?","Let $O$ be the centre of the circle $x^{2}+y^{2}=r^{2}$, where $r>\frac{\sqrt{5}}{2}$. Suppose $P Q$ is a chord of this circle and the equation of the line passing through $P$ and $Q$ is $2 x+4 y=5$. If the centre of the circumcircle of the triangle $O P Q$ lies on the line $x+2 y=4$, then what is the value of $r$?",,no
123,JEE Adv 2020 Paper 2,Integer,5,"The trace of a square matrix is defined to be the sum of its diagonal entries. If $A$ is a $2 \times 2$ matrix such that the trace of $A$ is 3 and the trace of $A^{3}$ is -18 , then what is the value of the determinant of $A$?","The trace of a square matrix is defined to be the sum of its diagonal entries. If $A$ is a $2 \times 2$ matrix such that the trace of $A$ is 3 and the trace of $A^{3}$ is -18 , then what is the value of the determinant of $A$?",,no
124,JEE Adv 2020 Paper 2,Integer,4,"Let the functions $f:(-1,1) \rightarrow \mathbb{R}$ and $g:(-1,1) \rightarrow(-1,1)$ be defined by

\[
f(x)=|2 x-1|+|2 x+1| \text { and } g(x)=x-[x] .
\]

where $[x]$ denotes the greatest integer less than or equal to $x$. Let $f \circ g:(-1,1) \rightarrow \mathbb{R}$ be the composite function defined by $(f \circ g)(x)=f(g(x))$. Suppose $c$ is the number of points in the interval $(-1,1)$ at which $f \circ g$ is NOT continuous, and suppose $d$ is the number of points in the interval $(-1,1)$ at which $f \circ g$ is NOT differentiable. Then what is the value of $c+d$?","Let the functions $f:(-1,1) \rightarrow \mathbb{R}$ and $g:(-1,1) \rightarrow(-1,1)$ be defined by

\[
f(x)=|2 x-1|+|2 x+1| \text { and } g(x)=x-[x] .
\]

where $[x]$ denotes the greatest integer less than or equal to $x$. Let $f \circ g:(-1,1) \rightarrow \mathbb{R}$ be the composite function defined by $(f \circ g)(x)=f(g(x))$. Suppose $c$ is the number of points in the interval $(-1,1)$ at which $f \circ g$ is NOT continuous, and suppose $d$ is the number of points in the interval $(-1,1)$ at which $f \circ g$ is NOT differentiable. Then what is the value of $c+d$?",,no
125,JEE Adv 2020 Paper 2,Integer,8,"What is the value of the limit

\[
\lim _{x \rightarrow \frac{\pi}{2}} \frac{4 \sqrt{2}(\sin 3 x+\sin x)}{\left(2 \sin 2 x \sin \frac{3 x}{2}+\cos \frac{5 x}{2}\right)-\left(\sqrt{2}+\sqrt{2} \cos 2 x+\cos \frac{3 x}{2}\right)}
\]?","What is the value of the limit

\[
\lim _{x \rightarrow \frac{\pi}{2}} \frac{4 \sqrt{2}(\sin 3 x+\sin x)}{\left(2 \sin 2 x \sin \frac{3 x}{2}+\cos \frac{5 x}{2}\right)-\left(\sqrt{2}+\sqrt{2} \cos 2 x+\cos \frac{3 x}{2}\right)}
\]?",,no
126,JEE Adv 2020 Paper 2,MCQ(multiple),AC,"Let $b$ be a nonzero real number. Suppose $f: \mathbb{R} \rightarrow \mathbb{R}$ is a differentiable function such that $f(0)=1$. If the derivative $f^{\prime}$ of $f$ satisfies the equation

\[
f^{\prime}(x)=\frac{f(x)}{b^{2}+x^{2}}
\]

for all $x \in \mathbb{R}$, then which of the following statements is/are TRUE?","Let $b$ be a nonzero real number. Suppose $f: \mathbb{R} \rightarrow \mathbb{R}$ is a differentiable function such that $f(0)=1$. If the derivative $f^{\prime}$ of $f$ satisfies the equation

\[
f^{\prime}(x)=\frac{f(x)}{b^{2}+x^{2}}
\]

for all $x \in \mathbb{R}$, then which of the following statements is/are TRUE?

(A) If $b>0$, then $f$ is an increasing function

(B) If $b<0$, then $f$ is a decreasing function

(C) $f(x) f(-x)=1$ for all $x \in \mathbb{R}$

(D) $f(x)-f(-x)=0$ for all $x \in \mathbb{R}$","{""A"": ""If $b>0$, then $f$ is an increasing function"", ""B"": ""If $b<0$, then $f$ is a decreasing function"", ""C"": ""$f(x) f(-x)=1$ for all $x \\in \\mathbb{R}$"", ""D"": ""$f(x)-f(-x)=0$ for all $x \\in \\mathbb{R}$""}",no
127,JEE Adv 2020 Paper 2,MCQ(multiple),AD,"Let $a$ and $b$ be positive real numbers such that $a>1$ and $b<a$. Let $P$ be a point in the first quadrant that lies on the hyperbola $\frac{x^{2}}{a^{2}}-\frac{y^{2}}{b^{2}}=1$. Suppose the tangent to the hyperbola at $P$ passes through the point $(1,0)$, and suppose the normal to the hyperbola at $P$ cuts off equal intercepts on the coordinate axes. Let $\Delta$ denote the area of the triangle formed by the tangent at $P$, the normal at $P$ and the $x$-axis. If $e$ denotes the eccentricity of the hyperbola, then which of the following statements is/are TRUE?","Let $a$ and $b$ be positive real numbers such that $a>1$ and $b<a$. Let $P$ be a point in the first quadrant that lies on the hyperbola $\frac{x^{2}}{a^{2}}-\frac{y^{2}}{b^{2}}=1$. Suppose the tangent to the hyperbola at $P$ passes through the point $(1,0)$, and suppose the normal to the hyperbola at $P$ cuts off equal intercepts on the coordinate axes. Let $\Delta$ denote the area of the triangle formed by the tangent at $P$, the normal at $P$ and the $x$-axis. If $e$ denotes the eccentricity of the hyperbola, then which of the following statements is/are TRUE?

(A) $1<e<\sqrt{2}$

(B) $\sqrt{2}<e<2$

(C) $\Delta=a^{4}$

(D) $\Delta=b^{4}$","{""A"": ""$1<e<\\sqrt{2}$"", ""B"": ""$\\sqrt{2}<e<2$"", ""C"": ""$\\Delta=a^{4}$"", ""D"": ""$\\Delta=b^{4}$""}",no
128,JEE Adv 2020 Paper 2,MCQ(multiple),ABD,"Let $\boldsymbol{f}: \mathbb{R} \rightarrow \mathbb{R}$ and $\boldsymbol{g}: \mathbb{R} \rightarrow \mathbb{R}$ be functions satisfying

\[
f(x+y)=f(x)+f(y)+f(x) f(y) \text { and } f(x)=x g(x)
\]

for all $x, y \in \mathbb{R}$. If $\lim _{x \rightarrow 0} g(x)=1$, then which of the following statements is/are TRUE?","Let $\boldsymbol{f}: \mathbb{R} \rightarrow \mathbb{R}$ and $\boldsymbol{g}: \mathbb{R} \rightarrow \mathbb{R}$ be functions satisfying

\[
f(x+y)=f(x)+f(y)+f(x) f(y) \text { and } f(x)=x g(x)
\]

for all $x, y \in \mathbb{R}$. If $\lim _{x \rightarrow 0} g(x)=1$, then which of the following statements is/are TRUE?

(A) $f$ is differentiable at every $x \in \mathbb{R}$

(B) If $g(0)=1$, then $g$ is differentiable at every $x \in \mathbb{R}$

(C) The derivative $f^{\prime}(1)$ is equal to 1

(D) The derivative $f^{\prime}(0)$ is equal to 1","{""A"": ""$f$ is differentiable at every $x \\in \\mathbb{R}$"", ""B"": ""If $g(0)=1$, then $g$ is differentiable at every $x \\in \\mathbb{R}$"", ""C"": ""The derivative $f^{\\prime}(1)$ is equal to 1"", ""D"": ""The derivative $f^{\\prime}(0)$ is equal to 1""}",no
129,JEE Adv 2020 Paper 2,MCQ(multiple),ABC,"Let $\alpha, \beta, \gamma, \delta$ be real numbers such that $\alpha^{2}+\beta^{2}+\gamma^{2} \neq 0$ and $\alpha+\gamma=1$. Suppose the point $(3,2,-1)$ is the mirror image of the point $(1,0,-1)$ with respect to the plane $\alpha x+\beta y+\gamma z=\delta$. Then which of the following statements is/are TRUE?","Let $\alpha, \beta, \gamma, \delta$ be real numbers such that $\alpha^{2}+\beta^{2}+\gamma^{2} \neq 0$ and $\alpha+\gamma=1$. Suppose the point $(3,2,-1)$ is the mirror image of the point $(1,0,-1)$ with respect to the plane $\alpha x+\beta y+\gamma z=\delta$. Then which of the following statements is/are TRUE?

(A) $\alpha+\beta=2$

(B) $\delta-\gamma=3$

(C) $\delta+\beta=4$

(D) $\alpha+\beta+\gamma=\delta$","{""A"": ""$\\alpha+\\beta=2$"", ""B"": ""$\\delta-\\gamma=3$"", ""C"": ""$\\delta+\\beta=4$"", ""D"": ""$\\alpha+\\beta+\\gamma=\\delta$""}",no
130,JEE Adv 2020 Paper 2,MCQ(multiple),AC,"Let $a$ and $b$ be positive real numbers. Suppose $\overrightarrow{P Q}=a \hat{i}+b \hat{j}$ and $\overrightarrow{P S}=a \hat{i}-b \hat{j}$ are adjacent sides of a parallelogram $P Q R S$. Let $\vec{u}$ and $\vec{v}$ be the projection vectors of $\vec{w}=\hat{i}+\hat{j}$ along $\overrightarrow{P Q}$ and $\overrightarrow{P S}$, respectively. If $|\vec{u}|+|\vec{v}|=|\vec{w}|$ and if the area of the parallelogram $P Q R S$ is 8 , then which of the following statements is/are TRUE?","Let $a$ and $b$ be positive real numbers. Suppose $\overrightarrow{P Q}=a \hat{i}+b \hat{j}$ and $\overrightarrow{P S}=a \hat{i}-b \hat{j}$ are adjacent sides of a parallelogram $P Q R S$. Let $\vec{u}$ and $\vec{v}$ be the projection vectors of $\vec{w}=\hat{i}+\hat{j}$ along $\overrightarrow{P Q}$ and $\overrightarrow{P S}$, respectively. If $|\vec{u}|+|\vec{v}|=|\vec{w}|$ and if the area of the parallelogram $P Q R S$ is 8 , then which of the following statements is/are TRUE?

(A) $a+b=4$

(B) $a-b=2$

(C) The length of the diagonal $P R$ of the parallelogram $P Q R S$ is 4

(D) $\vec{w}$ is an angle bisector of the vectors $\overrightarrow{P Q}$ and $\overrightarrow{P S}$","{""A"": ""$a+b=4$"", ""B"": ""$a-b=2$"", ""C"": ""The length of the diagonal $P R$ of the parallelogram $P Q R S$ is 4"", ""D"": ""$\\vec{w}$ is an angle bisector of the vectors $\\overrightarrow{P Q}$ and $\\overrightarrow{P S}$""}",no
131,JEE Adv 2020 Paper 2,MCQ(multiple),ABD,"For nonnegative integers $s$ and $r$, let

\[
\left(\begin{array}{ll}

s \\

r

\end{array}\right)= \begin{cases}\frac{s !}{r !(s-r) !} & \text { if } r \leq s \\

0 & \text { if } r>s .\end{cases}
\]

For positive integers $m$ and $n$, let

\[
g(m, n)=\sum_{p=0}^{m+n} \frac{f(m, n, p)}{\left(\begin{array}{c}

n+p \\

p

\end{array}\right)}
\]

where for any nonnegative integer $p$,

\[
f(m, n, p)=\sum_{i=0}^{p}\left(\begin{array}{c}

m \\

i

\end{array}\right)\left(\begin{array}{c}

n+i \\

p

\end{array}\right)\left(\begin{array}{c}

p+n \\

p-i

\end{array}\right) .
\]

Then which of the following statements is/are TRUE?","For nonnegative integers $s$ and $r$, let

\[
\left(\begin{array}{ll}

s \\

r

\end{array}\right)= \begin{cases}\frac{s !}{r !(s-r) !} & \text { if } r \leq s \\

0 & \text { if } r>s .\end{cases}
\]

For positive integers $m$ and $n$, let

\[
g(m, n)=\sum_{p=0}^{m+n} \frac{f(m, n, p)}{\left(\begin{array}{c}

n+p \\

p

\end{array}\right)}
\]

where for any nonnegative integer $p$,

\[
f(m, n, p)=\sum_{i=0}^{p}\left(\begin{array}{c}

m \\

i

\end{array}\right)\left(\begin{array}{c}

n+i \\

p

\end{array}\right)\left(\begin{array}{c}

p+n \\

p-i

\end{array}\right) .
\]

Then which of the following statements is/are TRUE?

(A) $g(m, n)=g(n, m)$ for all positive integers $m, n$

(B) $g(m, n+1)=g(m+1, n)$ for all positive integers $m, n$

(C) $g(2 m, 2 n)=2 g(m, n)$ for all positive integers $m, n$

(D) $g(2 m, 2 n)=(g(m, n))^{2}$ for all positive integers $m, n$","{""A"": ""$g(m, n)=g(n, m)$ for all positive integers $m, n$"", ""B"": ""$g(m, n+1)=g(m+1, n)$ for all positive integers $m, n$"", ""C"": ""$g(2 m, 2 n)=2 g(m, n)$ for all positive integers $m, n$"", ""D"": ""$g(2 m, 2 n)=(g(m, n))^{2}$ for all positive integers $m, n$""}",no
132,JEE Adv 2020 Paper 2,Numeric,495,An engineer is required to visit a factory for exactly four days during the first 15 days of every month and it is mandatory that no two visits take place on consecutive days. Then what is the number of all possible ways in which such visits to the factory can be made by the engineer during 1-15 June 2021?,An engineer is required to visit a factory for exactly four days during the first 15 days of every month and it is mandatory that no two visits take place on consecutive days. Then what is the number of all possible ways in which such visits to the factory can be made by the engineer during 1-15 June 2021?,,no
133,JEE Adv 2020 Paper 2,Numeric,1080,"In a hotel, four rooms are available. Six persons are to be accommodated in these four rooms in such a way that each of these rooms contains at least one person and at most two persons. Then what is the number of all possible ways in which this can be done?","In a hotel, four rooms are available. Six persons are to be accommodated in these four rooms in such a way that each of these rooms contains at least one person and at most two persons. Then what is the number of all possible ways in which this can be done?",,no
134,JEE Adv 2020 Paper 2,Numeric,8,"Two fair dice, each with faces numbered 1,2,3,4,5 and 6, are rolled together and the sum of the numbers on the faces is observed. This process is repeated till the sum is either a prime number or a perfect square. Suppose the sum turns out to be a perfect square before it turns out to be a prime number. If $p$ is the probability that this perfect square is an odd number, then what is the value of $14 p$?","Two fair dice, each with faces numbered 1,2,3,4,5 and 6, are rolled together and the sum of the numbers on the faces is observed. This process is repeated till the sum is either a prime number or a perfect square. Suppose the sum turns out to be a perfect square before it turns out to be a prime number. If $p$ is the probability that this perfect square is an odd number, then what is the value of $14 p$?",,no
135,JEE Adv 2020 Paper 2,Numeric,19,"Let the function $f:[0,1] \rightarrow \mathbb{R}$ be defined by

\[
f(x)=\frac{4^{x}}{4^{x}+2}
\]

Then what is the value of
\[
f\left(\frac{1}{40}\right)+f\left(\frac{2}{40}\right)+f\left(\frac{3}{40}\right)+\cdots+f\left(\frac{39}{40}\right)-f\left(\frac{1}{2}\right)
\]?","Let the function $f:[0,1] \rightarrow \mathbb{R}$ be defined by

\[
f(x)=\frac{4^{x}}{4^{x}+2}
\]

Then what is the value of
\[
f\left(\frac{1}{40}\right)+f\left(\frac{2}{40}\right)+f\left(\frac{3}{40}\right)+\cdots+f\left(\frac{39}{40}\right)-f\left(\frac{1}{2}\right)
\]?",,no
136,JEE Adv 2020 Paper 2,Numeric,4,"Let $f: \mathbb{R} \rightarrow \mathbb{R}$ be a differentiable function such that its derivative $f^{\prime}$ is continuous and $f(\pi)=-6$. If $F:[0, \pi] \rightarrow \mathbb{R}$ is defined by $F(x)=\int_{0}^{x} f(t) d t$, and if

\[
\int_{0}^{\pi}\left(f^{\prime}(x)+F(x)\right) \cos x d x=2,
\]

then what is the value of $f(0)$?","Let $f: \mathbb{R} \rightarrow \mathbb{R}$ be a differentiable function such that its derivative $f^{\prime}$ is continuous and $f(\pi)=-6$. If $F:[0, \pi] \rightarrow \mathbb{R}$ is defined by $F(x)=\int_{0}^{x} f(t) d t$, and if

\[
\int_{0}^{\pi}\left(f^{\prime}(x)+F(x)\right) \cos x d x=2,
\]

then what is the value of $f(0)$?",,no
137,JEE Adv 2020 Paper 2,Numeric,0.5,"Let the function $f:(0, \pi) \rightarrow \mathbb{R}$ be defined by

\[
f(\theta)=(\sin \theta+\cos \theta)^{2}+(\sin \theta-\cos \theta)^{4} .
\]

Suppose the function $f$ has a local minimum at $\theta$ precisely when $\theta \in\left\{\lambda_{1} \pi, \ldots, \lambda_{r} \pi\right\}$, where $0<$ $\lambda_{1}<\cdots<\lambda_{r}<1$. Then what is the value of $\lambda_{1}+\cdots+\lambda_{r}$?","Let the function $f:(0, \pi) \rightarrow \mathbb{R}$ be defined by

\[
f(\theta)=(\sin \theta+\cos \theta)^{2}+(\sin \theta-\cos \theta)^{4} .
\]

Suppose the function $f$ has a local minimum at $\theta$ precisely when $\theta \in\left\{\lambda_{1} \pi, \ldots, \lambda_{r} \pi\right\}$, where $0<$ $\lambda_{1}<\cdots<\lambda_{r}<1$. Then what is the value of $\lambda_{1}+\cdots+\lambda_{r}$?",,no
138,JEE Adv 2021 Paper 1,MCQ,B,"Consider a triangle $\Delta$ whose two sides lie on the $x$-axis and the line $x+y+1=0$. If the orthocenter of $\Delta$ is $(1,1)$, then the equation of the circle passing through the vertices of the triangle $\Delta$ is","Consider a triangle $\Delta$ whose two sides lie on the $x$-axis and the line $x+y+1=0$. If the orthocenter of $\Delta$ is $(1,1)$, then the equation of the circle passing through the vertices of the triangle $\Delta$ is

(A) $x^{2}+y^{2}-3 x+y=0$

(B) $x^{2}+y^{2}+x+3 y=0$

(C) $x^{2}+y^{2}+2 y-1=0$

(D) $x^{2}+y^{2}+x+y=0$","{""A"": ""$x^{2}+y^{2}-3 x+y=0$"", ""B"": ""$x^{2}+y^{2}+x+3 y=0$"", ""C"": ""$x^{2}+y^{2}+2 y-1=0$"", ""D"": ""$x^{2}+y^{2}+x+y=0$""}",no
139,JEE Adv 2021 Paper 1,MCQ,A,"The area of the region

\[
\left\{(x, y): 0 \leq x \leq \frac{9}{4}, \quad 0 \leq y \leq 1, \quad x \geq 3 y, \quad x+y \geq 2\right\}
\]

is","The area of the region

\[
\left\{(x, y): 0 \leq x \leq \frac{9}{4}, \quad 0 \leq y \leq 1, \quad x \geq 3 y, \quad x+y \geq 2\right\}
\]

is

(A) $\frac{11}{32}$

(B) $\frac{35}{96}$

(C) $\frac{37}{96}$

(D) $\frac{13}{32}$","{""A"": ""$\\frac{11}{32}$"", ""B"": ""$\\frac{35}{96}$"", ""C"": ""$\\frac{37}{96}$"", ""D"": ""$\\frac{13}{32}$""}",no
140,JEE Adv 2021 Paper 1,MCQ,A,"Consider three sets $E_{1}=\{1,2,3\}, F_{1}=\{1,3,4\}$ and $G_{1}=\{2,3,4,5\}$. Two elements are chosen at random, without replacement, from the set $E_{1}$, and let $S_{1}$ denote the set of these chosen elements. Let $E_{2}=E_{1}-S_{1}$ and $F_{2}=F_{1} \cup S_{1}$. Now two elements are chosen at random, without replacement, from the set $F_{2}$ and let $S_{2}$ denote the set of these chosen elements.

Let $G_{2}=G_{1} \cup S_{2}$. Finally, two elements are chosen at random, without replacement, from the set $G_{2}$ and let $S_{3}$ denote the set of these chosen elements.

Let $E_{3}=E_{2} \cup S_{3}$. Given that $E_{1}=E_{3}$, let $p$ be the conditional probability of the event $S_{1}=\{1,2\}$. Then the value of $p$ is","Consider three sets $E_{1}=\{1,2,3\}, F_{1}=\{1,3,4\}$ and $G_{1}=\{2,3,4,5\}$. Two elements are chosen at random, without replacement, from the set $E_{1}$, and let $S_{1}$ denote the set of these chosen elements. Let $E_{2}=E_{1}-S_{1}$ and $F_{2}=F_{1} \cup S_{1}$. Now two elements are chosen at random, without replacement, from the set $F_{2}$ and let $S_{2}$ denote the set of these chosen elements.

Let $G_{2}=G_{1} \cup S_{2}$. Finally, two elements are chosen at random, without replacement, from the set $G_{2}$ and let $S_{3}$ denote the set of these chosen elements.

Let $E_{3}=E_{2} \cup S_{3}$. Given that $E_{1}=E_{3}$, let $p$ be the conditional probability of the event $S_{1}=\{1,2\}$. Then the value of $p$ is

(A) $\frac{1}{5}$

(B) $\frac{3}{5}$

(C) $\frac{1}{2}$

(D) $\frac{2}{5}$","{""A"": ""$\\frac{1}{5}$"", ""B"": ""$\\frac{3}{5}$"", ""C"": ""$\\frac{1}{2}$"", ""D"": ""$\\frac{2}{5}$""}",no
141,JEE Adv 2021 Paper 1,MCQ,C,"Let $\theta_{1}, \theta_{2}, \ldots, \theta_{10}$ be positive valued angles (in radian) such that $\theta_{1}+\theta_{2}+\cdots+\theta_{10}=2 \pi$. Define the complex numbers $z_{1}=e^{i \theta_{1}}, z_{k}=z_{k-1} e^{i \theta_{k}}$ for $k=2,3, \ldots, 10$, where $i=\sqrt{-1}$. Consider the statements $P$ and $Q$ given below:

\[
\begin{aligned}

& P:\left|z_{2}-z_{1}\right|+\left|z_{3}-z_{2}\right|+\cdots+\left|z_{10}-z_{9}\right|+\left|z_{1}-z_{10}\right| \leq 2 \pi \\

& Q:\left|z_{2}^{2}-z_{1}^{2}\right|+\left|z_{3}^{2}-z_{2}^{2}\right|+\cdots+\left|z_{10}^{2}-z_{9}^{2}\right|+\left|z_{1}^{2}-z_{10}^{2}\right| \leq 4 \pi

\end{aligned}
\]

Then,","Let $\theta_{1}, \theta_{2}, \ldots, \theta_{10}$ be positive valued angles (in radian) such that $\theta_{1}+\theta_{2}+\cdots+\theta_{10}=2 \pi$. Define the complex numbers $z_{1}=e^{i \theta_{1}}, z_{k}=z_{k-1} e^{i \theta_{k}}$ for $k=2,3, \ldots, 10$, where $i=\sqrt{-1}$. Consider the statements $P$ and $Q$ given below:

\[
\begin{aligned}

& P:\left|z_{2}-z_{1}\right|+\left|z_{3}-z_{2}\right|+\cdots+\left|z_{10}-z_{9}\right|+\left|z_{1}-z_{10}\right| \leq 2 \pi \\

& Q:\left|z_{2}^{2}-z_{1}^{2}\right|+\left|z_{3}^{2}-z_{2}^{2}\right|+\cdots+\left|z_{10}^{2}-z_{9}^{2}\right|+\left|z_{1}^{2}-z_{10}^{2}\right| \leq 4 \pi

\end{aligned}
\]

Then,

(A) $P$ is TRUE and $Q$ is FALSE

(B) $Q$ is TRUE and $P$ is FALSE

(C) both $P$ and $Q$ are TRUE

(D) both $P$ and $Q$ are FALSE","{""A"": ""$P$ is TRUE and $Q$ is FALSE"", ""B"": ""$Q$ is TRUE and $P$ is FALSE"", ""C"": ""both $P$ and $Q$ are TRUE"", ""D"": ""both $P$ and $Q$ are FALSE""}",no
142,JEE Adv 2021 Paper 1,Numeric,76.25,"Three numbers are chosen at random, one after another with replacement, from the set $S=\{1,2,3, \ldots, 100\}$. Let $p_1$ be the probability that the maximum of chosen numbers is at least 81 and $p_2$ be the probability that the minimum of chosen numbers is at most 40 . What is the value of $\frac{625}{4} p_{1}$?","Three numbers are chosen at random, one after another with replacement, from the set $S=\{1,2,3, \ldots, 100\}$. Let $p_1$ be the probability that the maximum of chosen numbers is at least 81 and $p_2$ be the probability that the minimum of chosen numbers is at most 40 . What is the value of $\frac{625}{4} p_{1}$?",,no
143,JEE Adv 2021 Paper 1,Numeric,24.5,"Three numbers are chosen at random, one after another with replacement, from the set $S=\{1,2,3, \ldots, 100\}$. Let $p_1$ be the probability that the maximum of chosen numbers is at least 81 and $p_2$ be the probability that the minimum of chosen numbers is at most 40 . What is the value of $\frac{125}{4} p_{2}$?","Three numbers are chosen at random, one after another with replacement, from the set $S=\{1,2,3, \ldots, 100\}$. Let $p_1$ be the probability that the maximum of chosen numbers is at least 81 and $p_2$ be the probability that the minimum of chosen numbers is at most 40 . What is the value of $\frac{125}{4} p_{2}$?",,no
144,JEE Adv 2021 Paper 1,Numeric,1.00,"Let $\alpha, \beta$ and $\gamma$ be real numbers such that the system of linear equations
\[\begin{gathered}
x+2 y+3 z=\alpha \\
4 x+5 y+6 z=\beta \\
7 x+8 y+9 z=\gamma-1
\end{gathered}\]
is consistent. Let $|M|$ represent the determinant of the matrix
\[M=\left[\begin{array}{ccc}
\alpha & 2 & \gamma \\
\beta & 1 & 0 \\
-1 & 0 & 1
\end{array}\right]\]
Let $P$ be the plane containing all those $(\alpha, \beta, \gamma)$ for which the above system of linear equations is consistent, and $D$ be the square of the distance of the point $(0,1,0)$ from the plane $P$. What is the value of $|\mathrm{M}|$?","Let $\alpha, \beta$ and $\gamma$ be real numbers such that the system of linear equations
\[\begin{gathered}
x+2 y+3 z=\alpha \\
4 x+5 y+6 z=\beta \\
7 x+8 y+9 z=\gamma-1
\end{gathered}\]
is consistent. Let $|M|$ represent the determinant of the matrix
\[M=\left[\begin{array}{ccc}
\alpha & 2 & \gamma \\
\beta & 1 & 0 \\
-1 & 0 & 1
\end{array}\right]\]
Let $P$ be the plane containing all those $(\alpha, \beta, \gamma)$ for which the above system of linear equations is consistent, and $D$ be the square of the distance of the point $(0,1,0)$ from the plane $P$. What is the value of $|\mathrm{M}|$?",,no
145,JEE Adv 2021 Paper 1,Numeric,1.5,"Let $\alpha, \beta$ and $\gamma$ be real numbers such that the system of linear equations
\[\begin{gathered}
x+2 y+3 z=\alpha \\
4 x+5 y+6 z=\beta \\
7 x+8 y+9 z=\gamma-1
\end{gathered}\]
is consistent. Let $|M|$ represent the determinant of the matrix
\[M=\left[\begin{array}{ccc}
\alpha & 2 & \gamma \\
\beta & 1 & 0 \\
-1 & 0 & 1
\end{array}\right]\]
Let $P$ be the plane containing all those $(\alpha, \beta, \gamma)$ for which the above system of linear equations is consistent, and $D$ be the square of the distance of the point $(0,1,0)$ from the plane $P$. What is the value of $D$?","Let $\alpha, \beta$ and $\gamma$ be real numbers such that the system of linear equations
\[\begin{gathered}
x+2 y+3 z=\alpha \\
4 x+5 y+6 z=\beta \\
7 x+8 y+9 z=\gamma-1
\end{gathered}\]
is consistent. Let $|M|$ represent the determinant of the matrix
\[M=\left[\begin{array}{ccc}
\alpha & 2 & \gamma \\
\beta & 1 & 0 \\
-1 & 0 & 1
\end{array}\right]\]
Let $P$ be the plane containing all those $(\alpha, \beta, \gamma)$ for which the above system of linear equations is consistent, and $D$ be the square of the distance of the point $(0,1,0)$ from the plane $P$. What is the value of $D$?",,no
146,JEE Adv 2021 Paper 1,Numeric,9.00,"Consider the lines $\mathrm{L}_1$ and $\mathrm{L}_2$ defined by
$\mathrm{L}_1: \mathrm{x} \sqrt{2}+\mathrm{y}-1=0$ and $\mathrm{L}_2: \mathrm{x} \sqrt{2}-\mathrm{y}+1=0$
For a fixed constant $\lambda$, let $\mathrm{C}$ be the locus of a point $\mathrm{P}$ such that the product of the distance of $\mathrm{P}$ from $\mathrm{L}_1$ and the distance of $\mathrm{P}$ from $\mathrm{L}_2$ is $\lambda^2$. The line $\mathrm{y}=2 \mathrm{x}+1$ meets $\mathrm{C}$ at two points $\mathrm{R}$ and $\mathrm{S}$, where the distance between $\mathrm{R}$ and $\mathrm{S}$ is $\sqrt{270}$.

Let the perpendicular bisector of RS meet $\mathrm{C}$ at two distinct points $\mathrm{R}^{\prime}$ and $\mathrm{S}^{\prime}$. Let $\mathrm{D}$ be the square of the distance between $\mathrm{R}^{\prime}$ and S'. What is the value of $\lambda^{2}$?","Consider the lines $\mathrm{L}_1$ and $\mathrm{L}_2$ defined by
$\mathrm{L}_1: \mathrm{x} \sqrt{2}+\mathrm{y}-1=0$ and $\mathrm{L}_2: \mathrm{x} \sqrt{2}-\mathrm{y}+1=0$
For a fixed constant $\lambda$, let $\mathrm{C}$ be the locus of a point $\mathrm{P}$ such that the product of the distance of $\mathrm{P}$ from $\mathrm{L}_1$ and the distance of $\mathrm{P}$ from $\mathrm{L}_2$ is $\lambda^2$. The line $\mathrm{y}=2 \mathrm{x}+1$ meets $\mathrm{C}$ at two points $\mathrm{R}$ and $\mathrm{S}$, where the distance between $\mathrm{R}$ and $\mathrm{S}$ is $\sqrt{270}$.

Let the perpendicular bisector of RS meet $\mathrm{C}$ at two distinct points $\mathrm{R}^{\prime}$ and $\mathrm{S}^{\prime}$. Let $\mathrm{D}$ be the square of the distance between $\mathrm{R}^{\prime}$ and S'. What is the value of $\lambda^{2}$?",,no
147,JEE Adv 2021 Paper 1,Numeric,77.14,"Consider the lines $\mathrm{L}_1$ and $\mathrm{L}_2$ defined by
$\mathrm{L}_1: \mathrm{x} \sqrt{2}+\mathrm{y}-1=0$ and $\mathrm{L}_2: \mathrm{x} \sqrt{2}-\mathrm{y}+1=0$
For a fixed constant $\lambda$, let $\mathrm{C}$ be the locus of a point $\mathrm{P}$ such that the product of the distance of $\mathrm{P}$ from $\mathrm{L}_1$ and the distance of $\mathrm{P}$ from $\mathrm{L}_2$ is $\lambda^2$. The line $\mathrm{y}=2 \mathrm{x}+1$ meets $\mathrm{C}$ at two points $\mathrm{R}$ and $\mathrm{S}$, where the distance between $\mathrm{R}$ and $\mathrm{S}$ is $\sqrt{270}$.

Let the perpendicular bisector of RS meet $\mathrm{C}$ at two distinct points $\mathrm{R}^{\prime}$ and $\mathrm{S}^{\prime}$. Let $\mathrm{D}$ be the square of the distance between $\mathrm{R}^{\prime}$ and S'. What is the value of $D$?","Consider the lines $\mathrm{L}_1$ and $\mathrm{L}_2$ defined by
$\mathrm{L}_1: \mathrm{x} \sqrt{2}+\mathrm{y}-1=0$ and $\mathrm{L}_2: \mathrm{x} \sqrt{2}-\mathrm{y}+1=0$
For a fixed constant $\lambda$, let $\mathrm{C}$ be the locus of a point $\mathrm{P}$ such that the product of the distance of $\mathrm{P}$ from $\mathrm{L}_1$ and the distance of $\mathrm{P}$ from $\mathrm{L}_2$ is $\lambda^2$. The line $\mathrm{y}=2 \mathrm{x}+1$ meets $\mathrm{C}$ at two points $\mathrm{R}$ and $\mathrm{S}$, where the distance between $\mathrm{R}$ and $\mathrm{S}$ is $\sqrt{270}$.

Let the perpendicular bisector of RS meet $\mathrm{C}$ at two distinct points $\mathrm{R}^{\prime}$ and $\mathrm{S}^{\prime}$. Let $\mathrm{D}$ be the square of the distance between $\mathrm{R}^{\prime}$ and S'. What is the value of $D$?",,no
148,JEE Adv 2021 Paper 1,MCQ(multiple),ABD,"For any $3 \times 3$ matrix $M$, let $|M|$ denote the determinant of $M$. Let

\[
E=\left[\begin{array}{ccc}

1 & 2 & 3 \\

2 & 3 & 4 \\

8 & 13 & 18

\end{array}\right], P=\left[\begin{array}{ccc}

1 & 0 & 0 \\

0 & 0 & 1 \\

0 & 1 & 0

\end{array}\right] \text { and } F=\left[\begin{array}{ccc}

1 & 3 & 2 \\

8 & 18 & 13 \\

2 & 4 & 3

\end{array}\right]
\]

If $Q$ is a nonsingular matrix of order $3 \times 3$, then which of the following statements is (are) TRUE?","For any $3 \times 3$ matrix $M$, let $|M|$ denote the determinant of $M$. Let

\[
E=\left[\begin{array}{ccc}

1 & 2 & 3 \\

2 & 3 & 4 \\

8 & 13 & 18

\end{array}\right], P=\left[\begin{array}{ccc}

1 & 0 & 0 \\

0 & 0 & 1 \\

0 & 1 & 0

\end{array}\right] \text { and } F=\left[\begin{array}{ccc}

1 & 3 & 2 \\

8 & 18 & 13 \\

2 & 4 & 3

\end{array}\right]
\]

If $Q$ is a nonsingular matrix of order $3 \times 3$, then which of the following statements is (are) TRUE?

(A) $F=P E P$ and $P^{2}=\left[\begin{array}{lll}1 & 0 & 0 \\ 0 & 1 & 0 \\ 0 & 0 & 1\end{array}\right]$

(B) $\left|E Q+P F Q^{-1}\right|=|E Q|+\left|P F Q^{-1}\right|$

(C) $\left|(E F)^{3}\right|>|E F|^{2}$

(D) Sum of the diagonal entries of $P^{-1} E P+F$ is equal to the sum of diagonal entries of $E+P^{-1} F P$","{""A"": ""$F=P E P$ and $P^{2}=\\left[\\begin{array}{lll}1 & 0 & 0 \\\\ 0 & 1 & 0 \\\\ 0 & 0 & 1\\end{array}\\right]$"", ""B"": ""$\\left|E Q+P F Q^{-1}\\right|=|E Q|+\\left|P F Q^{-1}\\right|$"", ""C"": ""$\\left|(E F)^{3}\\right|>|E F|^{2}$"", ""D"": ""Sum of the diagonal entries of $P^{-1} E P+F$ is equal to the sum of diagonal entries of $E+P^{-1} F P$""}",no
149,JEE Adv 2021 Paper 1,MCQ(multiple),AB,"Let $f: \mathbb{R} \rightarrow \mathbb{R}$ be defined by

\[
f(x)=\frac{x^{2}-3 x-6}{x^{2}+2 x+4}
\]

Then which of the following statements is (are) TRUE ?","Let $f: \mathbb{R} \rightarrow \mathbb{R}$ be defined by

\[
f(x)=\frac{x^{2}-3 x-6}{x^{2}+2 x+4}
\]

Then which of the following statements is (are) TRUE ?

(A) $f$ is decreasing in the interval $(-2,-1)$

(B) $f$ is increasing in the interval $(1,2)$

(C) $f$ is onto

(D) Range of $f$ is $\left[-\frac{3}{2}, 2\right]$","{""A"": ""$f$ is decreasing in the interval $(-2,-1)$"", ""B"": ""$f$ is increasing in the interval $(1,2)$"", ""C"": ""$f$ is onto"", ""D"": ""Range of $f$ is $\\left[-\\frac{3}{2}, 2\\right]$""}",no
150,JEE Adv 2021 Paper 1,MCQ(multiple),ABC,"Let $E, F$ and $G$ be three events having probabilities

\[
P(E)=\frac{1}{8}, P(F)=\frac{1}{6} \text { and } P(G)=\frac{1}{4} \text {, and let } P(E \cap F \cap G)=\frac{1}{10} \text {. }
\]

For any event $H$, if $H^{c}$ denotes its complement, then which of the following statements is (are) TRUE ?","Let $E, F$ and $G$ be three events having probabilities

\[
P(E)=\frac{1}{8}, P(F)=\frac{1}{6} \text { and } P(G)=\frac{1}{4} \text {, and let } P(E \cap F \cap G)=\frac{1}{10} \text {. }
\]

For any event $H$, if $H^{c}$ denotes its complement, then which of the following statements is (are) TRUE ?

(A) $P\left(E \cap F \cap G^{c}\right) \leq \frac{1}{40}$

(B) $P\left(E^{c} \cap F \cap G\right) \leq \frac{1}{15}$

(C) $P(E \cup F \cup G) \leq \frac{13}{24}$

(D) $P\left(E^{c} \cap F^{c} \cap G^{c}\right) \leq \frac{5}{12}$","{""A"": ""$P\\left(E \\cap F \\cap G^{c}\\right) \\leq \\frac{1}{40}$"", ""B"": ""$P\\left(E^{c} \\cap F \\cap G\\right) \\leq \\frac{1}{15}$"", ""C"": ""$P(E \\cup F \\cup G) \\leq \\frac{13}{24}$"", ""D"": ""$P\\left(E^{c} \\cap F^{c} \\cap G^{c}\\right) \\leq \\frac{5}{12}$""}",no
151,JEE Adv 2021 Paper 1,MCQ(multiple),ABC,"For any $3 \times 3$ matrix $M$, let $|M|$ denote the determinant of $M$. Let $I$ be the $3 \times 3$ identity matrix. Let $E$ and $F$ be two $3 \times 3$ matrices such that $(I-E F)$ is invertible. If $G=(I-E F)^{-1}$, then which of the following statements is (are) TRUE ?","For any $3 \times 3$ matrix $M$, let $|M|$ denote the determinant of $M$. Let $I$ be the $3 \times 3$ identity matrix. Let $E$ and $F$ be two $3 \times 3$ matrices such that $(I-E F)$ is invertible. If $G=(I-E F)^{-1}$, then which of the following statements is (are) TRUE ?

(A) $|F E|=|I-F E||F G E|$

(B) $(I-F E)(I+F G E)=I$

(C) $E F G=G E F$

(D) $(I-F E)(I-F G E)=I$","{""A"": ""$|F E|=|I-F E||F G E|$"", ""B"": ""$(I-F E)(I+F G E)=I$"", ""C"": ""$E F G=G E F$"", ""D"": ""$(I-F E)(I-F G E)=I$""}",no
152,JEE Adv 2021 Paper 1,MCQ(multiple),AB,"For any positive integer $n$, let $S_{n}:(0, \infty) \rightarrow \mathbb{R}$ be defined by

\[
S_{n}(x)=\sum_{k=1}^{n} \cot ^{-1}\left(\frac{1+k(k+1) x^{2}}{x}\right)
\]

where for any $x \in \mathbb{R}, \cot ^{-1}(x) \in(0, \pi)$ and $\tan ^{-1}(x) \in\left(-\frac{\pi}{2}, \frac{\pi}{2}\right)$. Then which of the following statements is (are) TRUE ?","For any positive integer $n$, let $S_{n}:(0, \infty) \rightarrow \mathbb{R}$ be defined by

\[
S_{n}(x)=\sum_{k=1}^{n} \cot ^{-1}\left(\frac{1+k(k+1) x^{2}}{x}\right)
\]

where for any $x \in \mathbb{R}, \cot ^{-1}(x) \in(0, \pi)$ and $\tan ^{-1}(x) \in\left(-\frac{\pi}{2}, \frac{\pi}{2}\right)$. Then which of the following statements is (are) TRUE ?

(A) $S_{10}(x)=\frac{\pi}{2}-\tan ^{-1}\left(\frac{1+11 x^{2}}{10 x}\right)$, for all $x>0$

(B) $\lim _{n \rightarrow \infty} \cot \left(S_{n}(x)\right)=x$, for all $x>0$

(C) The equation $S_{3}(x)=\frac{\pi}{4}$ has a root in $(0, \infty)$

(D) $\tan \left(S_{n}(x)\right) \leq \frac{1}{2}$, for all $n \geq 1$ and $x>0$","{""A"": ""$S_{10}(x)=\\frac{\\pi}{2}-\\tan ^{-1}\\left(\\frac{1+11 x^{2}}{10 x}\\right)$, for all $x>0$"", ""B"": ""$\\lim _{n \\rightarrow \\infty} \\cot \\left(S_{n}(x)\\right)=x$, for all $x>0$"", ""C"": ""The equation $S_{3}(x)=\\frac{\\pi}{4}$ has a root in $(0, \\infty)$"", ""D"": ""$\\tan \\left(S_{n}(x)\\right) \\leq \\frac{1}{2}$, for all $n \\geq 1$ and $x>0$""}",no
153,JEE Adv 2021 Paper 1,MCQ(multiple),BD,"For any complex number $w=c+i d$, let $\arg (\mathrm{w}) \in(-\pi, \pi]$, where $i=\sqrt{-1}$. Let $\alpha$ and $\beta$ be real numbers such that for all complex numbers $z=x+i y$ satisfying $\arg \left(\frac{z+\alpha}{z+\beta}\right)=\frac{\pi}{4}$, the ordered pair $(x, y)$ lies on the circle

\[
x^{2}+y^{2}+5 x-3 y+4=0
\]

Then which of the following statements is (are) TRUE ?","For any complex number $w=c+i d$, let $\arg (\mathrm{w}) \in(-\pi, \pi]$, where $i=\sqrt{-1}$. Let $\alpha$ and $\beta$ be real numbers such that for all complex numbers $z=x+i y$ satisfying $\arg \left(\frac{z+\alpha}{z+\beta}\right)=\frac{\pi}{4}$, the ordered pair $(x, y)$ lies on the circle

\[
x^{2}+y^{2}+5 x-3 y+4=0
\]

Then which of the following statements is (are) TRUE ?

(A) $\alpha=-1$

(B) $\alpha \beta=4$

(C) $\alpha \beta=-4$

(D) $\beta=4$","{""A"": ""$\\alpha=-1$"", ""B"": ""$\\alpha \\beta=4$"", ""C"": ""$\\alpha \\beta=-4$"", ""D"": ""$\\beta=4$""}",no
154,JEE Adv 2021 Paper 1,Integer,4,"For $x \in \mathbb{R}$, what is the number of real roots of the equation

\[
3 x^{2}-4\left|x^{2}-1\right|+x-1=0
\]?","For $x \in \mathbb{R}$, what is the number of real roots of the equation

\[
3 x^{2}-4\left|x^{2}-1\right|+x-1=0
\]?",,no
155,JEE Adv 2021 Paper 1,Integer,2,"In a triangle $A B C$, let $A B=\sqrt{23}, B C=3$ and $C A=4$. Then what is the value of

\[
\frac{\cot A+\cot C}{\cot B}
\]?","In a triangle $A B C$, let $A B=\sqrt{23}, B C=3$ and $C A=4$. Then what is the value of

\[
\frac{\cot A+\cot C}{\cot B}
\]?",,no
156,JEE Adv 2021 Paper 2,MCQ(multiple),ABD,"Let

\[
\begin{gathered}

S_{1}=\{(i, j, k): i, j, k \in\{1,2, \ldots, 10\}\}, \\

S_{2}=\{(i, j): 1 \leq i<j+2 \leq 10, i, j \in\{1,2, \ldots, 10\}\} \\

S_{3}=\{(i, j, k, l): 1 \leq i<j<k<l, i, j, k, l \in\{1,2, \ldots, 10\}\}

\end{gathered}
\]

and

\[
S_{4}=\{(i, j, k, l): i, j, k \text { and } l \text { are distinct elements in }\{1,2, \ldots, 10\}\}
\]

If the total number of elements in the set $S_{r}$ is $n_{r}, r=1,2,3,4$, then which of the following statements is (are) TRUE ?","Let

\[
\begin{gathered}

S_{1}=\{(i, j, k): i, j, k \in\{1,2, \ldots, 10\}\}, \\

S_{2}=\{(i, j): 1 \leq i<j+2 \leq 10, i, j \in\{1,2, \ldots, 10\}\} \\

S_{3}=\{(i, j, k, l): 1 \leq i<j<k<l, i, j, k, l \in\{1,2, \ldots, 10\}\}

\end{gathered}
\]

and

\[
S_{4}=\{(i, j, k, l): i, j, k \text { and } l \text { are distinct elements in }\{1,2, \ldots, 10\}\}
\]

If the total number of elements in the set $S_{r}$ is $n_{r}, r=1,2,3,4$, then which of the following statements is (are) TRUE ?

(A) $n_{1}=1000$

(B) $n_{2}=44$

(C) $n_{3}=220$

(D) $\frac{n_{4}}{12}=420$","{""A"": ""$n_{1}=1000$"", ""B"": ""$n_{2}=44$"", ""C"": ""$n_{3}=220$"", ""D"": ""$\\frac{n_{4}}{12}=420$""}",no
157,JEE Adv 2021 Paper 2,MCQ(multiple),AB,"Consider a triangle $P Q R$ having sides of lengths $p, q$ and $r$ opposite to the angles $P, Q$ and $R$, respectively. Then which of the following statements is (are) TRUE ?","Consider a triangle $P Q R$ having sides of lengths $p, q$ and $r$ opposite to the angles $P, Q$ and $R$, respectively. Then which of the following statements is (are) TRUE ?

(A) $\cos P \geq 1-\frac{p^{2}}{2 q r}$

(B) $\cos R \geq\left(\frac{q-r}{p+q}\right) \cos P+\left(\frac{p-r}{p+q}\right) \cos Q$

(C) $\frac{q+r}{p}<2 \frac{\sqrt{\sin Q \sin R}}{\sin P}$

(D) If $p<q$ and $p<r$, then $\cos Q>\frac{p}{r}$ and $\cos R>\frac{p}{q}$","{""A"": ""$\\cos P \\geq 1-\\frac{p^{2}}{2 q r}$"", ""B"": ""$\\cos R \\geq\\left(\\frac{q-r}{p+q}\\right) \\cos P+\\left(\\frac{p-r}{p+q}\\right) \\cos Q$"", ""C"": ""$\\frac{q+r}{p}<2 \\frac{\\sqrt{\\sin Q \\sin R}}{\\sin P}$"", ""D"": ""If $p<q$ and $p<r$, then $\\cos Q>\\frac{p}{r}$ and $\\cos R>\\frac{p}{q}$""}",no
158,JEE Adv 2021 Paper 2,MCQ(multiple),ABC,"Let $f:\left[-\frac{\pi}{2}, \frac{\pi}{2}\right] \rightarrow \mathbb{R}$ be a continuous function such that

\[
f(0)=1 \text { and } \int_{0}^{\frac{\pi}{3}} f(t) d t=0
\]

Then which of the following statements is (are) TRUE ?","Let $f:\left[-\frac{\pi}{2}, \frac{\pi}{2}\right] \rightarrow \mathbb{R}$ be a continuous function such that

\[
f(0)=1 \text { and } \int_{0}^{\frac{\pi}{3}} f(t) d t=0
\]

Then which of the following statements is (are) TRUE ?

(A) The equation $f(x)-3 \cos 3 x=0$ has at least one solution in $\left(0, \frac{\pi}{3}\right)$

(B) The equation $f(x)-3 \sin 3 x=-\frac{6}{\pi}$ has at least one solution in $\left(0, \frac{\pi}{3}\right)$

(C) $\lim _{x \rightarrow 0} \frac{x \int_{0}^{x} f(t) d t}{1-e^{x^{2}}}=-1$

(D) $\lim _{x \rightarrow 0} \frac{\sin x \int_{0}^{x} f(t) d t}{x^{2}}=-1$","{""A"": ""The equation $f(x)-3 \\cos 3 x=0$ has at least one solution in $\\left(0, \\frac{\\pi}{3}\\right)$"", ""B"": ""The equation $f(x)-3 \\sin 3 x=-\\frac{6}{\\pi}$ has at least one solution in $\\left(0, \\frac{\\pi}{3}\\right)$"", ""C"": ""$\\lim _{x \\rightarrow 0} \\frac{x \\int_{0}^{x} f(t) d t}{1-e^{x^{2}}}=-1$"", ""D"": ""$\\lim _{x \\rightarrow 0} \\frac{\\sin x \\int_{0}^{x} f(t) d t}{x^{2}}=-1$""}",no
159,JEE Adv 2021 Paper 2,MCQ(multiple),AC,"For any real numbers $\alpha$ and $\beta$, let $y_{\alpha, \beta}(x), x \in \mathbb{R}$, be the solution of the differential equation

\[
\frac{d y}{d x}+\alpha y=x e^{\beta x}, \quad y(1)=1
\]

Let $S=\left\{y_{\alpha, \beta}(x): \alpha, \beta \in \mathbb{R}\right\}$. Then which of the following functions belong(s) to the set $S$ ?","For any real numbers $\alpha$ and $\beta$, let $y_{\alpha, \beta}(x), x \in \mathbb{R}$, be the solution of the differential equation

\[
\frac{d y}{d x}+\alpha y=x e^{\beta x}, \quad y(1)=1
\]

Let $S=\left\{y_{\alpha, \beta}(x): \alpha, \beta \in \mathbb{R}\right\}$. Then which of the following functions belong(s) to the set $S$ ?

(A) $f(x)=\frac{x^{2}}{2} e^{-x}+\left(e-\frac{1}{2}\right) e^{-x}$

(B) $f(x)=-\frac{x^{2}}{2} e^{-x}+\left(e+\frac{1}{2}\right) e^{-x}$

(C) $f(x)=\frac{e^{x}}{2}\left(x-\frac{1}{2}\right)+\left(e-\frac{e^{2}}{4}\right) e^{-x}$

(D) $f(x)=\frac{e^{x}}{2}\left(\frac{1}{2}-x\right)+\left(e+\frac{e^{2}}{4}\right) e^{-x}$","{""A"": ""$f(x)=\\frac{x^{2}}{2} e^{-x}+\\left(e-\\frac{1}{2}\\right) e^{-x}$"", ""B"": ""$f(x)=-\\frac{x^{2}}{2} e^{-x}+\\left(e+\\frac{1}{2}\\right) e^{-x}$"", ""C"": ""$f(x)=\\frac{e^{x}}{2}\\left(x-\\frac{1}{2}\\right)+\\left(e-\\frac{e^{2}}{4}\\right) e^{-x}$"", ""D"": ""$f(x)=\\frac{e^{x}}{2}\\left(\\frac{1}{2}-x\\right)+\\left(e+\\frac{e^{2}}{4}\\right) e^{-x}$""}",no
160,JEE Adv 2021 Paper 2,MCQ(multiple),ABD,"Let $E$ denote the parabola $y^{2}=8 x$. Let $P=(-2,4)$, and let $Q$ and $Q^{\prime}$ be two distinct points on $E$ such that the lines $P Q$ and $P Q^{\prime}$ are tangents to $E$. Let $F$ be the focus of $E$. Then which of the following statements is (are) TRUE?","Let $E$ denote the parabola $y^{2}=8 x$. Let $P=(-2,4)$, and let $Q$ and $Q^{\prime}$ be two distinct points on $E$ such that the lines $P Q$ and $P Q^{\prime}$ are tangents to $E$. Let $F$ be the focus of $E$. Then which of the following statements is (are) TRUE?

(A) The triangle $P F Q$ is a right-angled triangle

(B) The triangle $Q P Q^{\prime}$ is a right-angled triangle

(C) The distance between $P$ and $F$ is $5 \sqrt{2}$

(D) $F$ lies on the line joining $Q$ and $Q^{\prime}$","{""A"": ""The triangle $P F Q$ is a right-angled triangle"", ""B"": ""The triangle $Q P Q^{\\prime}$ is a right-angled triangle"", ""C"": ""The distance between $P$ and $F$ is $5 \\sqrt{2}$"", ""D"": ""$F$ lies on the line joining $Q$ and $Q^{\\prime}$""}",no
161,JEE Adv 2021 Paper 2,Numeric,1.5,"Consider the region $R=\left\{(x, y) \in \mathbb{R} \times \mathbb{R}: x \geq 0\right.$ and $\left.y^2 \leq 4-x\right\}$. Let $\mathcal{F}$ be the family of all circles that are contained in $R$ and have centers on the $x$-axis. Let $C$ be the circle that has largest radius among the circles in $\mathcal{F}$. Let $(\alpha, \beta)$ be a point where the circle $C$ meets the curve $y^2=4-x$. What is the radius of the circle $C$?","Consider the region $R=\left\{(x, y) \in \mathbb{R} \times \mathbb{R}: x \geq 0\right.$ and $\left.y^2 \leq 4-x\right\}$. Let $\mathcal{F}$ be the family of all circles that are contained in $R$ and have centers on the $x$-axis. Let $C$ be the circle that has largest radius among the circles in $\mathcal{F}$. Let $(\alpha, \beta)$ be a point where the circle $C$ meets the curve $y^2=4-x$. What is the radius of the circle $C$?",,no
162,JEE Adv 2021 Paper 2,Numeric,2.00,"Consider the region $R=\left\{(x, y) \in \mathbb{R} \times \mathbb{R}: x \geq 0\right.$ and $\left.y^2 \leq 4-x\right\}$. Let $\mathcal{F}$ be the family of all circles that are contained in $R$ and have centers on the $x$-axis. Let $C$ be the circle that has largest radius among the circles in $\mathcal{F}$. Let $(\alpha, \beta)$ be a point where the circle $C$ meets the curve $y^2=4-x$. What is the value of $\alpha$?","Consider the region $R=\left\{(x, y) \in \mathbb{R} \times \mathbb{R}: x \geq 0\right.$ and $\left.y^2 \leq 4-x\right\}$. Let $\mathcal{F}$ be the family of all circles that are contained in $R$ and have centers on the $x$-axis. Let $C$ be the circle that has largest radius among the circles in $\mathcal{F}$. Let $(\alpha, \beta)$ be a point where the circle $C$ meets the curve $y^2=4-x$. What is the value of $\alpha$?",,no
163,JEE Adv 2021 Paper 2,Numeric,57,"Let $f_1:(0, \infty) \rightarrow \mathbb{R}$ and $f_2:(0, \infty) \rightarrow \mathbb{R}$ be defined by
\[f_1(x)=\int_0^x \prod_{j=1}^{21}(t-j)^j d t, x>0\]
and
\[f_2(x)=98(x-1)^{50}-600(x-1)^{49}+2450, x>0\]
where, for any positive integer $\mathrm{n}$ and real numbers $\mathrm{a}_1, \mathrm{a}_2, \ldots, \mathrm{a}_{\mathrm{n}}, \prod_{i=1}^{\mathrm{n}} \mathrm{a}_i$ denotes the product of $\mathrm{a}_1, \mathrm{a}_2, \ldots, \mathrm{a}_{\mathrm{n}}$. Let $\mathrm{m}_i$ and $\mathrm{n}_i$, respectively, denote the number of points of local minima and the number of points of local maxima of function $f_i, i=1,2$, in the interval $(0, \infty)$. What is the value of $2 m_{1}+3 n_{1}+m_{1} n_{1}$?","Let $f_1:(0, \infty) \rightarrow \mathbb{R}$ and $f_2:(0, \infty) \rightarrow \mathbb{R}$ be defined by
\[f_1(x)=\int_0^x \prod_{j=1}^{21}(t-j)^j d t, x>0\]
and
\[f_2(x)=98(x-1)^{50}-600(x-1)^{49}+2450, x>0\]
where, for any positive integer $\mathrm{n}$ and real numbers $\mathrm{a}_1, \mathrm{a}_2, \ldots, \mathrm{a}_{\mathrm{n}}, \prod_{i=1}^{\mathrm{n}} \mathrm{a}_i$ denotes the product of $\mathrm{a}_1, \mathrm{a}_2, \ldots, \mathrm{a}_{\mathrm{n}}$. Let $\mathrm{m}_i$ and $\mathrm{n}_i$, respectively, denote the number of points of local minima and the number of points of local maxima of function $f_i, i=1,2$, in the interval $(0, \infty)$. What is the value of $2 m_{1}+3 n_{1}+m_{1} n_{1}$?",,no
164,JEE Adv 2021 Paper 2,Numeric,6,"Let $f_1:(0, \infty) \rightarrow \mathbb{R}$ and $f_2:(0, \infty) \rightarrow \mathbb{R}$ be defined by
\[f_1(x)=\int_0^x \prod_{j=1}^{21}(t-j)^j d t, x>0\]
and
\[f_2(x)=98(x-1)^{50}-600(x-1)^{49}+2450, x>0\]
where, for any positive integer $\mathrm{n}$ and real numbers $\mathrm{a}_1, \mathrm{a}_2, \ldots, \mathrm{a}_{\mathrm{n}}, \prod_{i=1}^{\mathrm{n}} \mathrm{a}_i$ denotes the product of $\mathrm{a}_1, \mathrm{a}_2, \ldots, \mathrm{a}_{\mathrm{n}}$. Let $\mathrm{m}_i$ and $\mathrm{n}_i$, respectively, denote the number of points of local minima and the number of points of local maxima of function $f_i, i=1,2$, in the interval $(0, \infty)$. What is the value of $6 m_{2}+4 n_{2}+8 m_{2} n_{2}$?","Let $f_1:(0, \infty) \rightarrow \mathbb{R}$ and $f_2:(0, \infty) \rightarrow \mathbb{R}$ be defined by
\[f_1(x)=\int_0^x \prod_{j=1}^{21}(t-j)^j d t, x>0\]
and
\[f_2(x)=98(x-1)^{50}-600(x-1)^{49}+2450, x>0\]
where, for any positive integer $\mathrm{n}$ and real numbers $\mathrm{a}_1, \mathrm{a}_2, \ldots, \mathrm{a}_{\mathrm{n}}, \prod_{i=1}^{\mathrm{n}} \mathrm{a}_i$ denotes the product of $\mathrm{a}_1, \mathrm{a}_2, \ldots, \mathrm{a}_{\mathrm{n}}$. Let $\mathrm{m}_i$ and $\mathrm{n}_i$, respectively, denote the number of points of local minima and the number of points of local maxima of function $f_i, i=1,2$, in the interval $(0, \infty)$. What is the value of $6 m_{2}+4 n_{2}+8 m_{2} n_{2}$?",,no
165,JEE Adv 2021 Paper 2,Numeric,2,"Let $\mathrm{g}_i:\left[\frac{\pi}{8}, \frac{3 \pi}{8}\right] \rightarrow \mathbb{R}, \mathrm{i}=1,2$, and $f:\left[\frac{\pi}{8}, \frac{3 \pi}{8}\right] \rightarrow \mathbb{R}$ be functions such that $\mathrm{g}_1(\mathrm{x})=1, \mathrm{~g}_2(\mathrm{x})=|4 \mathrm{x}-\pi|$ and $f(\mathrm{x})=\sin ^2 \mathrm{x}$, for all $\mathrm{x} \in\left[\frac{\pi}{8}, \frac{3 \pi}{8}\right]$
Define $\mathrm{S}_i=\int_{\frac{\pi}{8}}^{\frac{3 \pi}{8}} f(\mathrm{x}) \cdot \mathrm{g}_i(\mathrm{x}) \mathrm{dx}, i=1,2$. What is the value of $\frac{16 S_{1}}{\pi}$?","Let $\mathrm{g}_i:\left[\frac{\pi}{8}, \frac{3 \pi}{8}\right] \rightarrow \mathbb{R}, \mathrm{i}=1,2$, and $f:\left[\frac{\pi}{8}, \frac{3 \pi}{8}\right] \rightarrow \mathbb{R}$ be functions such that $\mathrm{g}_1(\mathrm{x})=1, \mathrm{~g}_2(\mathrm{x})=|4 \mathrm{x}-\pi|$ and $f(\mathrm{x})=\sin ^2 \mathrm{x}$, for all $\mathrm{x} \in\left[\frac{\pi}{8}, \frac{3 \pi}{8}\right]$
Define $\mathrm{S}_i=\int_{\frac{\pi}{8}}^{\frac{3 \pi}{8}} f(\mathrm{x}) \cdot \mathrm{g}_i(\mathrm{x}) \mathrm{dx}, i=1,2$. What is the value of $\frac{16 S_{1}}{\pi}$?",,no
166,JEE Adv 2021 Paper 2,MCQ,D,"Let
\[\mathrm{M}=\left\{(\mathrm{x}, \mathrm{y}) \in \mathbb{R} \times \mathbb{R}: \mathrm{x}^2+\mathrm{y}^2 \leq \mathrm{r}^2\right\}\]
where $\mathrm{r}>0$. Consider the geometric progression $a_n=\frac{1}{2^{n-1}}, n=1,2,3, \ldots$. Let $S_0=0$ and, for $n \geq 1$, let $S_n$ denote the sum of the first $n$ terms of this progression. For $n \geq 1$, let $C_n$ denote the circle with center $\left(S_{n-1}, 0\right)$ and radius $a_n$, and $D_n$ denote the circle with center $\left(S_{n-1}, S_{n-1}\right)$ and radius $a_n$. Consider $M$ with $r=\frac{1025}{513}$. Let $k$ be the number of all those circles $C_{n}$ that are inside $M$. Let $l$ be the maximum possible number of circles among these $k$ circles such that no two circles intersect. Then","Let
\[\mathrm{M}=\left\{(\mathrm{x}, \mathrm{y}) \in \mathbb{R} \times \mathbb{R}: \mathrm{x}^2+\mathrm{y}^2 \leq \mathrm{r}^2\right\}\]
where $\mathrm{r}>0$. Consider the geometric progression $a_n=\frac{1}{2^{n-1}}, n=1,2,3, \ldots$. Let $S_0=0$ and, for $n \geq 1$, let $S_n$ denote the sum of the first $n$ terms of this progression. For $n \geq 1$, let $C_n$ denote the circle with center $\left(S_{n-1}, 0\right)$ and radius $a_n$, and $D_n$ denote the circle with center $\left(S_{n-1}, S_{n-1}\right)$ and radius $a_n$. Consider $M$ with $r=\frac{1025}{513}$. Let $k$ be the number of all those circles $C_{n}$ that are inside $M$. Let $l$ be the maximum possible number of circles among these $k$ circles such that no two circles intersect. Then

(A) $k+2 l=22$

(B) $2 k+l=26$

(C) $2 k+3 l=34$

(D) $3 k+2 l=40$","{""A"": ""$k+2 l=22$"", ""B"": ""$2 k+l=26$"", ""C"": ""$2 k+3 l=34$"", ""D"": ""$3 k+2 l=40$""}",no
167,JEE Adv 2021 Paper 2,MCQ,B,"Let
\[\mathrm{M}=\left\{(\mathrm{x}, \mathrm{y}) \in \mathbb{R} \times \mathbb{R}: \mathrm{x}^2+\mathrm{y}^2 \leq \mathrm{r}^2\right\}\]
where $\mathrm{r}>0$. Consider the geometric progression $a_n=\frac{1}{2^{n-1}}, n=1,2,3, \ldots$. Let $S_0=0$ and, for $n \geq 1$, let $S_n$ denote the sum of the first $n$ terms of this progression. For $n \geq 1$, let $C_n$ denote the circle with center $\left(S_{n-1}, 0\right)$ and radius $a_n$, and $D_n$ denote the circle with center $\left(S_{n-1}, S_{n-1}\right)$ and radius $a_n$. Consider $M$ with $r=\frac{\left(2^{199}-1\right) \sqrt{2}}{2^{198}}$. The number of all those circles $D_{n}$ that are inside $M$ is","Let
\[\mathrm{M}=\left\{(\mathrm{x}, \mathrm{y}) \in \mathbb{R} \times \mathbb{R}: \mathrm{x}^2+\mathrm{y}^2 \leq \mathrm{r}^2\right\}\]
where $\mathrm{r}>0$. Consider the geometric progression $a_n=\frac{1}{2^{n-1}}, n=1,2,3, \ldots$. Let $S_0=0$ and, for $n \geq 1$, let $S_n$ denote the sum of the first $n$ terms of this progression. For $n \geq 1$, let $C_n$ denote the circle with center $\left(S_{n-1}, 0\right)$ and radius $a_n$, and $D_n$ denote the circle with center $\left(S_{n-1}, S_{n-1}\right)$ and radius $a_n$. Consider $M$ with $r=\frac{\left(2^{199}-1\right) \sqrt{2}}{2^{198}}$. The number of all those circles $D_{n}$ that are inside $M$ is

(A) 198

(B) 199

(C) 200

(D) 201","{""A"": ""198"", ""B"": ""199"", ""C"": ""200"", ""D"": ""201""}",no
168,JEE Adv 2021 Paper 2,MCQ,C,"Let $\psi_1:[0, \infty) \rightarrow \mathbb{R}, \psi_2:[0, \infty) \rightarrow \mathbb{R}, f:[0, \infty) \rightarrow \mathbb{R}$ and $g:[0, \infty) \rightarrow \mathbb{R}$ be functions such that
\[\begin{aligned}
& f(0)=\mathrm{g}(0)=0, \\
& \psi_1(\mathrm{x})=\mathrm{e}^{-\mathrm{x}}+\mathrm{x}, \quad \mathrm{x} \geq 0, \\
& \psi_2(\mathrm{x})=\mathrm{x}^2-2 \mathrm{x}-2 \mathrm{e}^{-\mathrm{x}}+2, \mathrm{x} \geq 0, \\
& f(\mathrm{x})=\int_{-\mathrm{x}}^{\mathrm{x}}\left(|\mathrm{t}|-\mathrm{t}^2\right) \mathrm{e}^{-\mathrm{t}^2} \mathrm{dt}, \mathrm{x}>0
\end{aligned}\]
and
\[g(x)=\int_0^{x^2} \sqrt{t} e^{-t} d t, x>0\]. Which of the following statements is TRUE?","Let $\psi_1:[0, \infty) \rightarrow \mathbb{R}, \psi_2:[0, \infty) \rightarrow \mathbb{R}, f:[0, \infty) \rightarrow \mathbb{R}$ and $g:[0, \infty) \rightarrow \mathbb{R}$ be functions such that
\[\begin{aligned}
& f(0)=\mathrm{g}(0)=0, \\
& \psi_1(\mathrm{x})=\mathrm{e}^{-\mathrm{x}}+\mathrm{x}, \quad \mathrm{x} \geq 0, \\
& \psi_2(\mathrm{x})=\mathrm{x}^2-2 \mathrm{x}-2 \mathrm{e}^{-\mathrm{x}}+2, \mathrm{x} \geq 0, \\
& f(\mathrm{x})=\int_{-\mathrm{x}}^{\mathrm{x}}\left(|\mathrm{t}|-\mathrm{t}^2\right) \mathrm{e}^{-\mathrm{t}^2} \mathrm{dt}, \mathrm{x}>0
\end{aligned}\]
and
\[g(x)=\int_0^{x^2} \sqrt{t} e^{-t} d t, x>0\]. Which of the following statements is TRUE?

(A) $f(\sqrt{\ln 3})+g(\sqrt{\ln 3})=\frac{1}{3}$

(B) For every $x>1$, there exists an $\alpha \in(1, x)$ such that $\psi_{1}(x)=1+\alpha x$

(C) For every $x>0$, there exists a $\beta \in(0, x)$ such that $\psi_{2}(x)=2 x\left(\psi_{1}(\beta)-1\right)$

(D) $f$ is an increasing function on the interval $\left[0, \frac{3}{2}\right]$","{""A"": ""$f(\\sqrt{\\ln 3})+g(\\sqrt{\\ln 3})=\\frac{1}{3}$"", ""B"": ""For every $x>1$, there exists an $\\alpha \\in(1, x)$ such that $\\psi_{1}(x)=1+\\alpha x$"", ""C"": ""For every $x>0$, there exists a $\\beta \\in(0, x)$ such that $\\psi_{2}(x)=2 x\\left(\\psi_{1}(\\beta)-1\\right)$"", ""D"": ""$f$ is an increasing function on the interval $\\left[0, \\frac{3}{2}\\right]$""}",no
169,JEE Adv 2022 Paper 1,Numeric,2.35,"Considering only the principal values of the inverse trigonometric functions, what is the value of

\[
\frac{3}{2} \cos ^{-1} \sqrt{\frac{2}{2+\pi^{2}}}+\frac{1}{4} \sin ^{-1} \frac{2 \sqrt{2} \pi}{2+\pi^{2}}+\tan ^{-1} \frac{\sqrt{2}}{\pi}
\]?","Considering only the principal values of the inverse trigonometric functions, what is the value of

\[
\frac{3}{2} \cos ^{-1} \sqrt{\frac{2}{2+\pi^{2}}}+\frac{1}{4} \sin ^{-1} \frac{2 \sqrt{2} \pi}{2+\pi^{2}}+\tan ^{-1} \frac{\sqrt{2}}{\pi}
\]?",,no
170,JEE Adv 2022 Paper 1,Numeric,0.5,"Let $\alpha$ be a positive real number. Let $f: \mathbb{R} \rightarrow \mathbb{R}$ and $g:(\alpha, \infty) \rightarrow \mathbb{R}$ be the functions defined by

\[
f(x)=\sin \left(\frac{\pi x}{12}\right) \quad \text { and } \quad g(x)=\frac{2 \log _{\mathrm{e}}(\sqrt{x}-\sqrt{\alpha})}{\log _{\mathrm{e}}\left(e^{\sqrt{x}}-e^{\sqrt{\alpha}}\right)}
\]

Then what is the value of $\lim _{x \rightarrow \alpha^{+}} f(g(x))$?","Let $\alpha$ be a positive real number. Let $f: \mathbb{R} \rightarrow \mathbb{R}$ and $g:(\alpha, \infty) \rightarrow \mathbb{R}$ be the functions defined by

\[
f(x)=\sin \left(\frac{\pi x}{12}\right) \quad \text { and } \quad g(x)=\frac{2 \log _{\mathrm{e}}(\sqrt{x}-\sqrt{\alpha})}{\log _{\mathrm{e}}\left(e^{\sqrt{x}}-e^{\sqrt{\alpha}}\right)}
\]

Then what is the value of $\lim _{x \rightarrow \alpha^{+}} f(g(x))$?",,no
171,JEE Adv 2022 Paper 1,Numeric,0.8,"In a study about a pandemic, data of 900 persons was collected. It was found that

190 persons had symptom of fever,

220 persons had symptom of cough,

220 persons had symptom of breathing problem,

330 persons had symptom of fever or cough or both,

350 persons had symptom of cough or breathing problem or both,

340 persons had symptom of fever or breathing problem or both,

30 persons had all three symptoms (fever, cough and breathing problem).

If a person is chosen randomly from these 900 persons, then what the probability that the person has at most one symptom?","In a study about a pandemic, data of 900 persons was collected. It was found that

190 persons had symptom of fever,

220 persons had symptom of cough,

220 persons had symptom of breathing problem,

330 persons had symptom of fever or cough or both,

350 persons had symptom of cough or breathing problem or both,

340 persons had symptom of fever or breathing problem or both,

30 persons had all three symptoms (fever, cough and breathing problem).

If a person is chosen randomly from these 900 persons, then what the probability that the person has at most one symptom?",,no
172,JEE Adv 2022 Paper 1,Numeric,0.5,"Let $z$ be a complex number with non-zero imaginary part. If

\[
\frac{2+3 z+4 z^{2}}{2-3 z+4 z^{2}}
\]

is a real number, then the value of $|z|^{2}$ is","Let $z$ be a complex number with non-zero imaginary part. If

\[
\frac{2+3 z+4 z^{2}}{2-3 z+4 z^{2}}
\]

is a real number, then the value of $|z|^{2}$ is",,no
173,JEE Adv 2022 Paper 1,Numeric,4,"Let $\bar{z}$ denote the complex conjugate of a complex number $z$ and let $i=\sqrt{-1}$. In the set of complex numbers,what is the number of distinct roots of the equation

\[
\bar{z}-z^{2}=i\left(\bar{z}+z^{2}\right)
\]?","Let $\bar{z}$ denote the complex conjugate of a complex number $z$ and let $i=\sqrt{-1}$. In the set of complex numbers,what is the number of distinct roots of the equation

\[
\bar{z}-z^{2}=i\left(\bar{z}+z^{2}\right)
\]?",,no
174,JEE Adv 2022 Paper 1,Numeric,18900,"Let $l_{1}, l_{2}, \ldots, l_{100}$ be consecutive terms of an arithmetic progression with common difference $d_{1}$, and let $w_{1}, w_{2}, \ldots, w_{100}$ be consecutive terms of another arithmetic progression with common difference $d_{2}$, where $d_{1} d_{2}=10$. For each $i=1,2, \ldots, 100$, let $R_{i}$ be a rectangle with length $l_{i}$, width $w_{i}$ and area $A_{i}$. If $A_{51}-A_{50}=1000$, then what is the value of $A_{100}-A_{90}$?","Let $l_{1}, l_{2}, \ldots, l_{100}$ be consecutive terms of an arithmetic progression with common difference $d_{1}$, and let $w_{1}, w_{2}, \ldots, w_{100}$ be consecutive terms of another arithmetic progression with common difference $d_{2}$, where $d_{1} d_{2}=10$. For each $i=1,2, \ldots, 100$, let $R_{i}$ be a rectangle with length $l_{i}$, width $w_{i}$ and area $A_{i}$. If $A_{51}-A_{50}=1000$, then what is the value of $A_{100}-A_{90}$?",,no
175,JEE Adv 2022 Paper 1,Numeric,569,"What is the number of 4-digit integers in the closed interval [2022, 4482] formed by using the digits $0,2,3,4,6,7$?","What is the number of 4-digit integers in the closed interval [2022, 4482] formed by using the digits $0,2,3,4,6,7$?",,no
176,JEE Adv 2022 Paper 1,Numeric,0.83,"Let $A B C$ be the triangle with $A B=1, A C=3$ and $\angle B A C=\frac{\pi}{2}$. If a circle of radius $r>0$ touches the sides $A B, A C$ and also touches internally the circumcircle of the triangle $A B C$, then what is the value of $r$?","Let $A B C$ be the triangle with $A B=1, A C=3$ and $\angle B A C=\frac{\pi}{2}$. If a circle of radius $r>0$ touches the sides $A B, A C$ and also touches internally the circumcircle of the triangle $A B C$, then what is the value of $r$?",,no
177,JEE Adv 2022 Paper 1,MCQ(multiple),CD,"Consider the equation

\[
\int_{1}^{e} \frac{\left(\log _{\mathrm{e}} x\right)^{1 / 2}}{x\left(a-\left(\log _{\mathrm{e}} x\right)^{3 / 2}\right)^{2}} d x=1, \quad a \in(-\infty, 0) \cup(1, \infty) .
\]

Which of the following statements is/are TRUE?","Consider the equation

\[
\int_{1}^{e} \frac{\left(\log _{\mathrm{e}} x\right)^{1 / 2}}{x\left(a-\left(\log _{\mathrm{e}} x\right)^{3 / 2}\right)^{2}} d x=1, \quad a \in(-\infty, 0) \cup(1, \infty) .
\]

Which of the following statements is/are TRUE?

(A) No $a$ satisfies the above equation

(B) An integer $a$ satisfies the above equation

(C) An irrational number $a$ satisfies the above equation

(D) More than one $a$ satisfy the above equation","{""A"": ""No $a$ satisfies the above equation"", ""B"": ""An integer $a$ satisfies the above equation"", ""C"": ""An irrational number $a$ satisfies the above equation"", ""D"": ""More than one $a$ satisfy the above equation""}",no
178,JEE Adv 2022 Paper 1,MCQ(multiple),BC,"Let $a_{1}, a_{2}, a_{3}, \ldots$ be an arithmetic progression with $a_{1}=7$ and common difference 8 . Let $T_{1}, T_{2}, T_{3}, \ldots$ be such that $T_{1}=3$ and $T_{n+1}-T_{n}=a_{n}$ for $n \geq 1$. Then, which of the following is/are TRUE ?","Let $a_{1}, a_{2}, a_{3}, \ldots$ be an arithmetic progression with $a_{1}=7$ and common difference 8 . Let $T_{1}, T_{2}, T_{3}, \ldots$ be such that $T_{1}=3$ and $T_{n+1}-T_{n}=a_{n}$ for $n \geq 1$. Then, which of the following is/are TRUE ?

(A) $T_{20}=1604$

(B) $\sum_{k=1}^{20} T_{k}=10510$

(C) $T_{30}=3454$

(D) $\sum_{k=1}^{30} T_{k}=35610$","{""A"": ""$T_{20}=1604$"", ""B"": ""$\\sum_{k=1}^{20} T_{k}=10510$"", ""C"": ""$T_{30}=3454$"", ""D"": ""$\\sum_{k=1}^{30} T_{k}=35610$""}",no
179,JEE Adv 2022 Paper 1,MCQ(multiple),ABD,"Let $P_{1}$ and $P_{2}$ be two planes given by

\[
\begin{aligned}

& P_{1}: 10 x+15 y+12 z-60=0, \\

& P_{2}: \quad-2 x+5 y+4 z-20=0 .

\end{aligned}
\]

Which of the following straight lines can be an edge of some tetrahedron whose two faces lie on $P_{1}$ and $P_{2}$ ?","Let $P_{1}$ and $P_{2}$ be two planes given by

\[
\begin{aligned}

& P_{1}: 10 x+15 y+12 z-60=0, \\

& P_{2}: \quad-2 x+5 y+4 z-20=0 .

\end{aligned}
\]

Which of the following straight lines can be an edge of some tetrahedron whose two faces lie on $P_{1}$ and $P_{2}$ ?

(A) $\frac{x-1}{0}=\frac{y-1}{0}=\frac{z-1}{5}$

(B) $\frac{x-6}{-5}=\frac{y}{2}=\frac{z}{3}$

(C) $\frac{x}{-2}=\frac{y-4}{5}=\frac{z}{4}$

(D) $\frac{x}{1}=\frac{y-4}{-2}=\frac{z}{3}$","{""A"": ""$\\frac{x-1}{0}=\\frac{y-1}{0}=\\frac{z-1}{5}$"", ""B"": ""$\\frac{x-6}{-5}=\\frac{y}{2}=\\frac{z}{3}$"", ""C"": ""$\\frac{x}{-2}=\\frac{y-4}{5}=\\frac{z}{4}$"", ""D"": ""$\\frac{x}{1}=\\frac{y-4}{-2}=\\frac{z}{3}$""}",no
180,JEE Adv 2022 Paper 1,MCQ(multiple),ABC,"Let $S$ be the reflection of a point $Q$ with respect to the plane given by

\[
\vec{r}=-(t+p) \hat{i}+t \hat{j}+(1+p) \hat{k}
\]

where $t, p$ are real parameters and $\hat{i}, \hat{j}, \hat{k}$ are the unit vectors along the three positive coordinate axes. If the position vectors of $Q$ and $S$ are $10 \hat{i}+15 \hat{j}+20 \hat{k}$ and $\alpha \hat{i}+\beta \hat{j}+\gamma \hat{k}$ respectively, then which of the following is/are TRUE ?","Let $S$ be the reflection of a point $Q$ with respect to the plane given by

\[
\vec{r}=-(t+p) \hat{i}+t \hat{j}+(1+p) \hat{k}
\]

where $t, p$ are real parameters and $\hat{i}, \hat{j}, \hat{k}$ are the unit vectors along the three positive coordinate axes. If the position vectors of $Q$ and $S$ are $10 \hat{i}+15 \hat{j}+20 \hat{k}$ and $\alpha \hat{i}+\beta \hat{j}+\gamma \hat{k}$ respectively, then which of the following is/are TRUE ?

(A) $3(\alpha+\beta)=-101$

(B) $3(\beta+\gamma)=-71$

(C) $3(\gamma+\alpha)=-86$

(D) $3(\alpha+\beta+\gamma)=-121$","{""A"": ""$3(\\alpha+\\beta)=-101$"", ""B"": ""$3(\\beta+\\gamma)=-71$"", ""C"": ""$3(\\gamma+\\alpha)=-86$"", ""D"": ""$3(\\alpha+\\beta+\\gamma)=-121$""}",no
181,JEE Adv 2022 Paper 1,MCQ(multiple),AC,"Let $|M|$ denote the determinant of a square matrix $M$. Let $g:\left[0, \frac{\pi}{2}\right] \rightarrow \mathbb{R}$ be the function defined by

where

\[
g(\theta)=\sqrt{f(\theta)-1}+\sqrt{f\left(\frac{\pi}{2}-\theta\right)-1}
\]

$f(\theta)=\frac{1}{2}\left|\begin{array}{ccc}1 & \sin \theta & 1 \\ -\sin \theta & 1 & \sin \theta \\ -1 & -\sin \theta & 1\end{array}\right|+\left|\begin{array}{ccc}\sin \pi & \cos \left(\theta+\frac{\pi}{4}\right) & \tan \left(\theta-\frac{\pi}{4}\right) \\ \sin \left(\theta-\frac{\pi}{4}\right) & -\cos \frac{\pi}{2} & \log _{e}\left(\frac{4}{\pi}\right) \\ \cot \left(\theta+\frac{\pi}{4}\right) & \log _{e}\left(\frac{\pi}{4}\right) & \tan \pi\end{array}\right|$

Let $p(x)$ be a quadratic polynomial whose roots are the maximum and minimum values of the function $g(\theta)$, and $p(2)=2-\sqrt{2}$. Then, which of the following is/are TRUE?","Let $|M|$ denote the determinant of a square matrix $M$. Let $g:\left[0, \frac{\pi}{2}\right] \rightarrow \mathbb{R}$ be the function defined by

where

\[
g(\theta)=\sqrt{f(\theta)-1}+\sqrt{f\left(\frac{\pi}{2}-\theta\right)-1}
\]

$f(\theta)=\frac{1}{2}\left|\begin{array}{ccc}1 & \sin \theta & 1 \\ -\sin \theta & 1 & \sin \theta \\ -1 & -\sin \theta & 1\end{array}\right|+\left|\begin{array}{ccc}\sin \pi & \cos \left(\theta+\frac{\pi}{4}\right) & \tan \left(\theta-\frac{\pi}{4}\right) \\ \sin \left(\theta-\frac{\pi}{4}\right) & -\cos \frac{\pi}{2} & \log _{e}\left(\frac{4}{\pi}\right) \\ \cot \left(\theta+\frac{\pi}{4}\right) & \log _{e}\left(\frac{\pi}{4}\right) & \tan \pi\end{array}\right|$

Let $p(x)$ be a quadratic polynomial whose roots are the maximum and minimum values of the function $g(\theta)$, and $p(2)=2-\sqrt{2}$. Then, which of the following is/are TRUE?

(A) $p\left(\frac{3+\sqrt{2}}{4}\right)<0$

(B) $p\left(\frac{1+3 \sqrt{2}}{4}\right)>0$

(C) $p\left(\frac{5 \sqrt{2}-1}{4}\right)>0$

(D) $p\left(\frac{5-\sqrt{2}}{4}\right)<0$","{""A"": ""$p\\left(\\frac{3+\\sqrt{2}}{4}\\right)<0$"", ""B"": ""$p\\left(\\frac{1+3 \\sqrt{2}}{4}\\right)>0$"", ""C"": ""$p\\left(\\frac{5 \\sqrt{2}-1}{4}\\right)>0$"", ""D"": ""$p\\left(\\frac{5-\\sqrt{2}}{4}\\right)<0$""}",no
182,JEE Adv 2022 Paper 1,MCQ,B,"Consider the following lists:
List-I
(I) $\left\{x \in\left[-\frac{2 \pi}{3}, \frac{2 \pi}{3}\right]: \cos x+\sin x=1\right\}$
(II) $\left\{x \in\left[-\frac{5 \pi}{18}, \frac{5 \pi}{18}\right]: \sqrt{3} \tan 3 x=1\right\}$
(III) $\left\{x \in\left[-\frac{6 \pi}{5}, \frac{6 \pi}{5}\right]: 2 \cos (2 x)=\sqrt{3}\right\}$
(IV) $\left\{x \in\left[-\frac{7 \pi}{4}, \frac{7 \pi}{4}\right]: \sin x-\cos x=1\right\}$

List-II
(P) has two elements
(Q) has three elements
(R) has four elements
(S) has five elements
(T) has six elements

The correct option is:","Consider the following lists:
List-I
(I) $\left\{x \in\left[-\frac{2 \pi}{3}, \frac{2 \pi}{3}\right]: \cos x+\sin x=1\right\}$
(II) $\left\{x \in\left[-\frac{5 \pi}{18}, \frac{5 \pi}{18}\right]: \sqrt{3} \tan 3 x=1\right\}$
(III) $\left\{x \in\left[-\frac{6 \pi}{5}, \frac{6 \pi}{5}\right]: 2 \cos (2 x)=\sqrt{3}\right\}$
(IV) $\left\{x \in\left[-\frac{7 \pi}{4}, \frac{7 \pi}{4}\right]: \sin x-\cos x=1\right\}$

List-II
(P) has two elements
(Q) has three elements
(R) has four elements
(S) has five elements
(T) has six elements

The correct option is:

(A) (I) $\rightarrow$ (P); (II) $\rightarrow$ (S); (III) $\rightarrow$ (P); (IV) $\rightarrow$ (S)

(B) (I) $\rightarrow$ (P); (II) $\rightarrow$ (P); (III) $\rightarrow$ (T); (IV) $\rightarrow$ (R)

(C) (I) $\rightarrow$ (Q); (II) $\rightarrow$ (P); (III) $\rightarrow$ (T); (IV) $\rightarrow$ (S)

(D) (I) $\rightarrow$ (Q); (II) $\rightarrow$ (S); (III) $\rightarrow$ (P); (IV) $\rightarrow$ (R)","{""A"": ""(I) $\\rightarrow$ (P); (II) $\\rightarrow$ (S); (III) $\\rightarrow$ (P); (IV) $\\rightarrow$ (S)"", ""B"": ""(I) $\\rightarrow$ (P); (II) $\\rightarrow$ (P); (III) $\\rightarrow$ (T); (IV) $\\rightarrow$ (R)"", ""C"": ""(I) $\\rightarrow$ (Q); (II) $\\rightarrow$ (P); (III) $\\rightarrow$ (T); (IV) $\\rightarrow$ (S)"", ""D"": ""(I) $\\rightarrow$ (Q); (II) $\\rightarrow$ (S); (III) $\\rightarrow$ (P); (IV) $\\rightarrow$ (R)""}",no
183,JEE Adv 2022 Paper 1,MCQ,A,"Two players, $P_{1}$ and $P_{2}$, play a game against each other. In every round of the game, each player rolls a fair die once, where the six faces of the die have six distinct numbers. Let $x$ and $y$ denote the readings on the die rolled by $P_{1}$ and $P_{2}$, respectively. If $x>y$, then $P_{1}$ scores 5 points and $P_{2}$ scores 0 point. If $x=y$, then each player scores 2 points. If $x<y$, then $P_{1}$ scores 0 point and $P_{2}$ scores 5 points. Let $X_{i}$ and $Y_{i}$ be the total scores of $P_{1}$ and $P_{2}$, respectively, after playing the $i^{\text {th }}$ round.

List-I
(I) Probability of $\left(X_2 \geq Y_2\right)$ is
(II) Probability of $\left(X_2>Y_2\right)$ is
(III) Probability of $\left(X_3=Y_3\right)$ is
(IV) Probability of $\left(X_3>Y_3\right)$ is

List-II
(P) $\frac{3}{8}$
(Q) $\frac{11}{16}$
(R) $\frac{5}{16}$
(S) $\frac{355}{864}$
(T) $\frac{77}{432}$

The correct option is:","Two players, $P_{1}$ and $P_{2}$, play a game against each other. In every round of the game, each player rolls a fair die once, where the six faces of the die have six distinct numbers. Let $x$ and $y$ denote the readings on the die rolled by $P_{1}$ and $P_{2}$, respectively. If $x>y$, then $P_{1}$ scores 5 points and $P_{2}$ scores 0 point. If $x=y$, then each player scores 2 points. If $x<y$, then $P_{1}$ scores 0 point and $P_{2}$ scores 5 points. Let $X_{i}$ and $Y_{i}$ be the total scores of $P_{1}$ and $P_{2}$, respectively, after playing the $i^{\text {th }}$ round.

List-I
(I) Probability of $\left(X_2 \geq Y_2\right)$ is
(II) Probability of $\left(X_2>Y_2\right)$ is
(III) Probability of $\left(X_3=Y_3\right)$ is
(IV) Probability of $\left(X_3>Y_3\right)$ is

List-II
(P) $\frac{3}{8}$
(Q) $\frac{11}{16}$
(R) $\frac{5}{16}$
(S) $\frac{355}{864}$
(T) $\frac{77}{432}$

The correct option is:

(A) (I) $\rightarrow$ (Q); (II) $\rightarrow$ (R); (III) $\rightarrow$ (T); (IV) $\rightarrow$ (S)

(B) (I) $\rightarrow$ (Q); (II) $\rightarrow$ (R); (III) $\rightarrow$ (T); (IV) $\rightarrow$ (T)

(C) (I) $\rightarrow$ (P); (II) $\rightarrow$ (R); (III) $\rightarrow$ (Q); (IV) $\rightarrow$ (S)

(D) (I) $\rightarrow$ (P); (II) $\rightarrow$ (R); (III) $\rightarrow$ (Q); (IV) $\rightarrow$ (T)","{""A"": ""(I) $\\rightarrow$ (Q); (II) $\\rightarrow$ (R); (III) $\\rightarrow$ (T); (IV) $\\rightarrow$ (S)"", ""B"": ""(I) $\\rightarrow$ (Q); (II) $\\rightarrow$ (R); (III) $\\rightarrow$ (T); (IV) $\\rightarrow$ (T)"", ""C"": ""(I) $\\rightarrow$ (P); (II) $\\rightarrow$ (R); (III) $\\rightarrow$ (Q); (IV) $\\rightarrow$ (S)"", ""D"": ""(I) $\\rightarrow$ (P); (II) $\\rightarrow$ (R); (III) $\\rightarrow$ (Q); (IV) $\\rightarrow$ (T)""}",no
184,JEE Adv 2022 Paper 1,MCQ,B,"Let $p, q, r$ be nonzero real numbers that are, respectively, the $10^{\text {th }}, 100^{\text {th }}$ and $1000^{\text {th }}$ terms of a harmonic progression. Consider the system of linear equations

\[
\begin{gathered}

x+y+z=1 \\

10 x+100 y+1000 z=0 \\

q r x+p r y+p q z=0

\end{gathered}
\]

List-I
(I) If $\frac{q}{r}=10$, then the system of linear equations has
(II) If $\frac{p}{r} \neq 100$, then the system of linear equations has
(III) If $\frac{p}{q} \neq 10$, then the system of linear equations has
(IV) If $\frac{p}{q}=10$, then the system of linear equations has

List-II
(P) $x=0, \quad y=\frac{10}{9}, z=-\frac{1}{9}$ as a solution
(Q) $x=\frac{10}{9}, y=-\frac{1}{9}, z=0$ as a solution
(III) If $\frac{p}{q} \neq 10$, then the system of linear
(R) infinitely many solutions
(IV) If $\frac{p}{q}=10$, then the system of linear
(S) no solution
(T) at least one solution

The correct option is:","Let $p, q, r$ be nonzero real numbers that are, respectively, the $10^{\text {th }}, 100^{\text {th }}$ and $1000^{\text {th }}$ terms of a harmonic progression. Consider the system of linear equations

\[
\begin{gathered}

x+y+z=1 \\

10 x+100 y+1000 z=0 \\

q r x+p r y+p q z=0

\end{gathered}
\]

List-I
(I) If $\frac{q}{r}=10$, then the system of linear equations has
(II) If $\frac{p}{r} \neq 100$, then the system of linear equations has
(III) If $\frac{p}{q} \neq 10$, then the system of linear equations has
(IV) If $\frac{p}{q}=10$, then the system of linear equations has

List-II
(P) $x=0, \quad y=\frac{10}{9}, z=-\frac{1}{9}$ as a solution
(Q) $x=\frac{10}{9}, y=-\frac{1}{9}, z=0$ as a solution
(III) If $\frac{p}{q} \neq 10$, then the system of linear
(R) infinitely many solutions
(IV) If $\frac{p}{q}=10$, then the system of linear
(S) no solution
(T) at least one solution

The correct option is:

(A) (I) $\rightarrow$ (T); (II) $\rightarrow$ (R); (III) $\rightarrow$ (S); (IV) $\rightarrow$ (T)

(B) (I) $\rightarrow$ (Q); (II) $\rightarrow$ (S); (III) $\rightarrow$ (S); (IV) $\rightarrow$ (R)

(C) (I) $\rightarrow$ (Q); (II) $\rightarrow$ (R); (III) $\rightarrow$ (P); (IV) $\rightarrow$ (R)

(D) (I) $\rightarrow$ (T); (II) $\rightarrow$ (S); (III) $\rightarrow$ (P); (IV) $\rightarrow$ (T)","{""A"": ""(I) $\\rightarrow$ (T); (II) $\\rightarrow$ (R); (III) $\\rightarrow$ (S); (IV) $\\rightarrow$ (T)"", ""B"": ""(I) $\\rightarrow$ (Q); (II) $\\rightarrow$ (S); (III) $\\rightarrow$ (S); (IV) $\\rightarrow$ (R)"", ""C"": ""(I) $\\rightarrow$ (Q); (II) $\\rightarrow$ (R); (III) $\\rightarrow$ (P); (IV) $\\rightarrow$ (R)"", ""D"": ""(I) $\\rightarrow$ (T); (II) $\\rightarrow$ (S); (III) $\\rightarrow$ (P); (IV) $\\rightarrow$ (T)""}",no
185,JEE Adv 2022 Paper 1,MCQ,C,"Consider the ellipse

\[
\frac{x^{2}}{4}+\frac{y^{2}}{3}=1
\]

Let $H(\alpha, 0), 0<\alpha<2$, be a point. A straight line drawn through $H$ parallel to the $y$-axis crosses the ellipse and its auxiliary circle at points $E$ and $F$ respectively, in the first quadrant. The tangent to the ellipse at the point $E$ intersects the positive $x$-axis at a point $G$. Suppose the straight line joining $F$ and the origin makes an angle $\phi$ with the positive $x$-axis.

List-I
(I) If $\phi=\frac{\pi}{4}$, then the area of the triangle $F G H$ is
(II) If $\phi=\frac{\pi}{3}$, then the area of the triangle $F G H$ is
(III) If $\phi=\frac{\pi}{6}$, then the area of the triangle $F G H$ is
(IV) If $\phi=\frac{\pi}{12}$, then the area of the triangle $F G H$ is

List-II
(P) $\frac{(\sqrt{3}-1)^4}{8}$
(Q) 1
(R) $\frac{3}{4}$
(S) $\frac{1}{2 \sqrt{3}}$
(T) $\frac{3 \sqrt{3}}{2}$

The correct option is:","Consider the ellipse

\[
\frac{x^{2}}{4}+\frac{y^{2}}{3}=1
\]

Let $H(\alpha, 0), 0<\alpha<2$, be a point. A straight line drawn through $H$ parallel to the $y$-axis crosses the ellipse and its auxiliary circle at points $E$ and $F$ respectively, in the first quadrant. The tangent to the ellipse at the point $E$ intersects the positive $x$-axis at a point $G$. Suppose the straight line joining $F$ and the origin makes an angle $\phi$ with the positive $x$-axis.

List-I
(I) If $\phi=\frac{\pi}{4}$, then the area of the triangle $F G H$ is
(II) If $\phi=\frac{\pi}{3}$, then the area of the triangle $F G H$ is
(III) If $\phi=\frac{\pi}{6}$, then the area of the triangle $F G H$ is
(IV) If $\phi=\frac{\pi}{12}$, then the area of the triangle $F G H$ is

List-II
(P) $\frac{(\sqrt{3}-1)^4}{8}$
(Q) 1
(R) $\frac{3}{4}$
(S) $\frac{1}{2 \sqrt{3}}$
(T) $\frac{3 \sqrt{3}}{2}$

The correct option is:

(A) (I) $\rightarrow$ (R); (II) $\rightarrow$ (S); (III) $\rightarrow$ (Q); (IV) $\rightarrow$ (P)

(B) $\quad$ (I) $\rightarrow$ (R); (II) $\rightarrow$ (T); (III) $\rightarrow$ (S); (IV) $\rightarrow$ (P)

(C) $\quad$ (I) $\rightarrow$ (Q); (II) $\rightarrow$ (T); (III) $\rightarrow$ (S); (IV) $\rightarrow$ (P)

(D) $\quad$ (I) $\rightarrow$ (Q); (II) $\rightarrow$ (S); (III) $\rightarrow$ (Q); (IV) $\rightarrow$ (P)","{""A"": ""(I) $\\rightarrow$ (R); (II) $\\rightarrow$ (S); (III) $\\rightarrow$ (Q); (IV) $\\rightarrow$ (P)"", ""B"": ""$\\quad$ (I) $\\rightarrow$ (R); (II) $\\rightarrow$ (T); (III) $\\rightarrow$ (S); (IV) $\\rightarrow$ (P)"", ""C"": ""$\\quad$ (I) $\\rightarrow$ (Q); (II) $\\rightarrow$ (T); (III) $\\rightarrow$ (S); (IV) $\\rightarrow$ (P)"", ""D"": ""$\\quad$ (I) $\\rightarrow$ (Q); (II) $\\rightarrow$ (S); (III) $\\rightarrow$ (Q); (IV) $\\rightarrow$ (P)""}",no
186,JEE Adv 2022 Paper 2,Integer,1,"Let $\alpha$ and $\beta$ be real numbers such that $-\frac{\pi}{4}<\beta<0<\alpha<\frac{\pi}{4}$. If $\sin (\alpha+\beta)=\frac{1}{3}$ and $\cos (\alpha-\beta)=\frac{2}{3}$, then what is the greatest integer less than or equal to

\[
\left(\frac{\sin \alpha}{\cos \beta}+\frac{\cos \beta}{\sin \alpha}+\frac{\cos \alpha}{\sin \beta}+\frac{\sin \beta}{\cos \alpha}\right)^{2}
\]?","Let $\alpha$ and $\beta$ be real numbers such that $-\frac{\pi}{4}<\beta<0<\alpha<\frac{\pi}{4}$. If $\sin (\alpha+\beta)=\frac{1}{3}$ and $\cos (\alpha-\beta)=\frac{2}{3}$, then what is the greatest integer less than or equal to

\[
\left(\frac{\sin \alpha}{\cos \beta}+\frac{\cos \beta}{\sin \alpha}+\frac{\cos \alpha}{\sin \beta}+\frac{\sin \beta}{\cos \alpha}\right)^{2}
\]?",,no
187,JEE Adv 2022 Paper 2,Integer,8,"If $y(x)$ is the solution of the differential equation

\[
x d y-\left(y^{2}-4 y\right) d x=0 \text { for } x>0, \quad y(1)=2,
\]

and the slope of the curve $y=y(x)$ is never zero, then what is the value of $10 y(\sqrt{2})$?","If $y(x)$ is the solution of the differential equation

\[
x d y-\left(y^{2}-4 y\right) d x=0 \text { for } x>0, \quad y(1)=2,
\]

and the slope of the curve $y=y(x)$ is never zero, then what is the value of $10 y(\sqrt{2})$?",,no
188,JEE Adv 2022 Paper 2,Numeric,5,"What is the greatest integer less than or equal to

\[
\int_{1}^{2} \log _{2}\left(x^{3}+1\right) d x+\int_{1}^{\log _{2} 9}\left(2^{x}-1\right)^{\frac{1}{3}} d x
\]?","What is the greatest integer less than or equal to

\[
\int_{1}^{2} \log _{2}\left(x^{3}+1\right) d x+\int_{1}^{\log _{2} 9}\left(2^{x}-1\right)^{\frac{1}{3}} d x
\]?",,no
189,JEE Adv 2022 Paper 2,Integer,1,"What is the product of all positive real values of $x$ satisfying the equation

\[
x^{\left(16\left(\log _{5} x\right)^{3}-68 \log _{5} x\right)}=5^{-16}
\]?","What is the product of all positive real values of $x$ satisfying the equation

\[
x^{\left(16\left(\log _{5} x\right)^{3}-68 \log _{5} x\right)}=5^{-16}
\]?",,no
190,JEE Adv 2022 Paper 2,Integer,5,"If

\[
\beta=\lim _{x \rightarrow 0} \frac{e^{x^{3}}-\left(1-x^{3}\right)^{\frac{1}{3}}+\left(\left(1-x^{2}\right)^{\frac{1}{2}}-1\right) \sin x}{x \sin ^{2} x},
\]

then what is the value of $6 \beta$?","If

\[
\beta=\lim _{x \rightarrow 0} \frac{e^{x^{3}}-\left(1-x^{3}\right)^{\frac{1}{3}}+\left(\left(1-x^{2}\right)^{\frac{1}{2}}-1\right) \sin x}{x \sin ^{2} x},
\]

then what is the value of $6 \beta$?",,no
191,JEE Adv 2022 Paper 2,Integer,3,"Let $\beta$ be a real number. Consider the matrix

\[
A=\left(\begin{array}{ccc}

\beta & 0 & 1 \\

2 & 1 & -2 \\

3 & 1 & -2

\end{array}\right)
\]

If $A^{7}-(\beta-1) A^{6}-\beta A^{5}$ is a singular matrix, then what is the value of $9 \beta$?","Let $\beta$ be a real number. Consider the matrix

\[
A=\left(\begin{array}{ccc}

\beta & 0 & 1 \\

2 & 1 & -2 \\

3 & 1 & -2

\end{array}\right)
\]

If $A^{7}-(\beta-1) A^{6}-\beta A^{5}$ is a singular matrix, then what is the value of $9 \beta$?",,no
192,JEE Adv 2022 Paper 2,Integer,7,"Consider the hyperbola

\[
\frac{x^{2}}{100}-\frac{y^{2}}{64}=1
\]

with foci at $S$ and $S_{1}$, where $S$ lies on the positive $x$-axis. Let $P$ be a point on the hyperbola, in the first quadrant. Let $\angle S P S_{1}=\alpha$, with $\alpha<\frac{\pi}{2}$. The straight line passing through the point $S$ and having the same slope as that of the tangent at $P$ to the hyperbola, intersects the straight line $S_{1} P$ at $P_{1}$. Let $\delta$ be the distance of $P$ from the straight line $S P_{1}$, and $\beta=S_{1} P$. Then what is the greatest integer less than or equal to $\frac{\beta \delta}{9} \sin \frac{\alpha}{2}$?","Consider the hyperbola

\[
\frac{x^{2}}{100}-\frac{y^{2}}{64}=1
\]

with foci at $S$ and $S_{1}$, where $S$ lies on the positive $x$-axis. Let $P$ be a point on the hyperbola, in the first quadrant. Let $\angle S P S_{1}=\alpha$, with $\alpha<\frac{\pi}{2}$. The straight line passing through the point $S$ and having the same slope as that of the tangent at $P$ to the hyperbola, intersects the straight line $S_{1} P$ at $P_{1}$. Let $\delta$ be the distance of $P$ from the straight line $S P_{1}$, and $\beta=S_{1} P$. Then what is the greatest integer less than or equal to $\frac{\beta \delta}{9} \sin \frac{\alpha}{2}$?",,no
193,JEE Adv 2022 Paper 2,Integer,6,"Consider the functions $f, g: \mathbb{R} \rightarrow \mathbb{R}$ defined by

\[
f(x)=x^{2}+\frac{5}{12} \quad \text { and } \quad g(x)= \begin{cases}2\left(1-\frac{4|x|}{3}\right), & |x| \leq \frac{3}{4} \\ 0, & |x|>\frac{3}{4}\end{cases}
\]

If $\alpha$ is the area of the region

\[
\left\{(x, y) \in \mathbb{R} \times \mathbb{R}:|x| \leq \frac{3}{4}, 0 \leq y \leq \min \{f(x), g(x)\}\right\}
\]

then what is the value of $9 \alpha$?","Consider the functions $f, g: \mathbb{R} \rightarrow \mathbb{R}$ defined by

\[
f(x)=x^{2}+\frac{5}{12} \quad \text { and } \quad g(x)= \begin{cases}2\left(1-\frac{4|x|}{3}\right), & |x| \leq \frac{3}{4} \\ 0, & |x|>\frac{3}{4}\end{cases}
\]

If $\alpha$ is the area of the region

\[
\left\{(x, y) \in \mathbb{R} \times \mathbb{R}:|x| \leq \frac{3}{4}, 0 \leq y \leq \min \{f(x), g(x)\}\right\}
\]

then what is the value of $9 \alpha$?",,no
194,JEE Adv 2022 Paper 2,MCQ(multiple),AB,"Let $P Q R S$ be a quadrilateral in a plane, where $Q R=1, \angle P Q R=\angle Q R S=70^{\circ}, \angle P Q S=15^{\circ}$ and $\angle P R S=40^{\circ}$. If $\angle R P S=\theta^{\circ}, P Q=\alpha$ and $P S=\beta$, then the interval(s) that contain(s) the value of $4 \alpha \beta \sin \theta^{\circ}$ is/are","Let $P Q R S$ be a quadrilateral in a plane, where $Q R=1, \angle P Q R=\angle Q R S=70^{\circ}, \angle P Q S=15^{\circ}$ and $\angle P R S=40^{\circ}$. If $\angle R P S=\theta^{\circ}, P Q=\alpha$ and $P S=\beta$, then the interval(s) that contain(s) the value of $4 \alpha \beta \sin \theta^{\circ}$ is/are

(A) $(0, \sqrt{2})$

(B) $(1,2)$

(C) $(\sqrt{2}, 3)$

(D) $(2 \sqrt{2}, 3 \sqrt{2})$","{""A"": ""$(0, \\sqrt{2})$"", ""B"": ""$(1,2)$"", ""C"": ""$(\\sqrt{2}, 3)$"", ""D"": ""$(2 \\sqrt{2}, 3 \\sqrt{2})$""}",no
195,JEE Adv 2022 Paper 2,MCQ(multiple),ABC,"Let

\[
\alpha=\sum_{k=1}^{\infty} \sin ^{2 k}\left(\frac{\pi}{6}\right)
\]

Let $g:[0,1] \rightarrow \mathbb{R}$ be the function defined by

\[
g(x)=2^{\alpha x}+2^{\alpha(1-x)}
\]

Then, which of the following statements is/are TRUE ?","Let

\[
\alpha=\sum_{k=1}^{\infty} \sin ^{2 k}\left(\frac{\pi}{6}\right)
\]

Let $g:[0,1] \rightarrow \mathbb{R}$ be the function defined by

\[
g(x)=2^{\alpha x}+2^{\alpha(1-x)}
\]

Then, which of the following statements is/are TRUE ?

(A) The minimum value of $g(x)$ is $2^{\frac{7}{6}}$

(B) The maximum value of $g(x)$ is $1+2^{\frac{1}{3}}$

(C) The function $g(x)$ attains its maximum at more than one point

(D) The function $g(x)$ attains its minimum at more than one point","{""A"": ""The minimum value of $g(x)$ is $2^{\\frac{7}{6}}$"", ""B"": ""The maximum value of $g(x)$ is $1+2^{\\frac{1}{3}}$"", ""C"": ""The function $g(x)$ attains its maximum at more than one point"", ""D"": ""The function $g(x)$ attains its minimum at more than one point""}",no
196,JEE Adv 2022 Paper 2,MCQ(multiple),A,"Let $\bar{z}$ denote the complex conjugate of a complex number $z$. If $z$ is a non-zero complex number for which both real and imaginary parts of

\[
(\bar{z})^{2}+\frac{1}{z^{2}}
\]

are integers, then which of the following is/are possible value(s) of $|z|$ ?","Let $\bar{z}$ denote the complex conjugate of a complex number $z$. If $z$ is a non-zero complex number for which both real and imaginary parts of

\[
(\bar{z})^{2}+\frac{1}{z^{2}}
\]

are integers, then which of the following is/are possible value(s) of $|z|$ ?

(A) $\left(\frac{43+3 \sqrt{205}}{2}\right)^{\frac{1}{4}}$

(B) $\left(\frac{7+\sqrt{33}}{4}\right)^{\frac{1}{4}}$

(C) $\left(\frac{9+\sqrt{65}}{4}\right)^{\frac{1}{4}}$

(D) $\left(\frac{7+\sqrt{13}}{6}\right)^{\frac{1}{4}}$","{""A"": ""$\\left(\\frac{43+3 \\sqrt{205}}{2}\\right)^{\\frac{1}{4}}$"", ""B"": ""$\\left(\\frac{7+\\sqrt{33}}{4}\\right)^{\\frac{1}{4}}$"", ""C"": ""$\\left(\\frac{9+\\sqrt{65}}{4}\\right)^{\\frac{1}{4}}$"", ""D"": ""$\\left(\\frac{7+\\sqrt{13}}{6}\\right)^{\\frac{1}{4}}$""}",no
197,JEE Adv 2022 Paper 2,MCQ(multiple),CD,"Let $G$ be a circle of radius $R>0$. Let $G_{1}, G_{2}, \ldots, G_{n}$ be $n$ circles of equal radius $r>0$. Suppose each of the $n$ circles $G_{1}, G_{2}, \ldots, G_{n}$ touches the circle $G$ externally. Also, for $i=1,2, \ldots, n-1$, the circle $G_{i}$ touches $G_{i+1}$ externally, and $G_{n}$ touches $G_{1}$ externally. Then, which of the following statements is/are TRUE?","Let $G$ be a circle of radius $R>0$. Let $G_{1}, G_{2}, \ldots, G_{n}$ be $n$ circles of equal radius $r>0$. Suppose each of the $n$ circles $G_{1}, G_{2}, \ldots, G_{n}$ touches the circle $G$ externally. Also, for $i=1,2, \ldots, n-1$, the circle $G_{i}$ touches $G_{i+1}$ externally, and $G_{n}$ touches $G_{1}$ externally. Then, which of the following statements is/are TRUE?

(A) If $n=4$, then $(\sqrt{2}-1) r<R$

(B) If $n=5$, then $r<R$

(C) If $n=8$, then $(\sqrt{2}-1) r<R$

(D) If $n=12$, then $\sqrt{2}(\sqrt{3}+1) r>R$","{""A"": ""If $n=4$, then $(\\sqrt{2}-1) r<R$"", ""B"": ""If $n=5$, then $r<R$"", ""C"": ""If $n=8$, then $(\\sqrt{2}-1) r<R$"", ""D"": ""If $n=12$, then $\\sqrt{2}(\\sqrt{3}+1) r>R$""}",no
198,JEE Adv 2022 Paper 2,MCQ(multiple),BCD,"Let $\hat{i}, \hat{j}$ and $\hat{k}$ be the unit vectors along the three positive coordinate axes. Let

\[
\vec{a}=3 \hat{i}+\hat{j}-\hat{k},
\]
\[\vec{b}=\hat{i}+b_{2} \hat{j}+b_{3} \hat{k}, \quad b_{2}, b_{3} \in \mathbb{R},
\]
\[\vec{c}=c_{1} \hat{i}+c_{2} \hat{j}+c_{3} \hat{k}, \quad c_{1}, c_{2}, c_{3} \in \mathbb{R}
\]

be three vectors such that $b_{2} b_{3}>0, \vec{a} \cdot \vec{b}=0$ and

\[
\left(\begin{array}{ccc}

0 & -c_{3} & c_{2} \\

c_{3} & 0 & -c_{1} \\

-c_{2} & c_{1} & 0

\end{array}\right)\left(\begin{array}{l}

1 \\

b_{2} \\

b_{3}

\end{array}\right)=\left(\begin{array}{r}

3-c_{1} \\

1-c_{2} \\

-1-c_{3}

\end{array}\right) .
\]

Then, which of the following is/are TRUE ?","Let $\hat{i}, \hat{j}$ and $\hat{k}$ be the unit vectors along the three positive coordinate axes. Let

\[
\vec{a}=3 \hat{i}+\hat{j}-\hat{k},
\]
\[\vec{b}=\hat{i}+b_{2} \hat{j}+b_{3} \hat{k}, \quad b_{2}, b_{3} \in \mathbb{R},
\]
\[\vec{c}=c_{1} \hat{i}+c_{2} \hat{j}+c_{3} \hat{k}, \quad c_{1}, c_{2}, c_{3} \in \mathbb{R}
\]

be three vectors such that $b_{2} b_{3}>0, \vec{a} \cdot \vec{b}=0$ and

\[
\left(\begin{array}{ccc}

0 & -c_{3} & c_{2} \\

c_{3} & 0 & -c_{1} \\

-c_{2} & c_{1} & 0

\end{array}\right)\left(\begin{array}{l}

1 \\

b_{2} \\

b_{3}

\end{array}\right)=\left(\begin{array}{r}

3-c_{1} \\

1-c_{2} \\

-1-c_{3}

\end{array}\right) .
\]

Then, which of the following is/are TRUE ?

(A) $\vec{a} \cdot \vec{c}=0$

(B) $\vec{b} \cdot \vec{c}=0$

(C) $|\vec{b}|>\sqrt{10}$

(D) $|\vec{c}| \leq \sqrt{11}$","{""A"": ""$\\vec{a} \\cdot \\vec{c}=0$"", ""B"": ""$\\vec{b} \\cdot \\vec{c}=0$"", ""C"": ""$|\\vec{b}|>\\sqrt{10}$"", ""D"": ""$|\\vec{c}| \\leq \\sqrt{11}$""}",no
199,JEE Adv 2022 Paper 2,MCQ(multiple),C,"For $x \in \mathbb{R}$, let the function $y(x)$ be the solution of the differential equation

\[
\frac{d y}{d x}+12 y=\cos \left(\frac{\pi}{12} x\right), \quad y(0)=0
\]

Then, which of the following statements is/are TRUE?","For $x \in \mathbb{R}$, let the function $y(x)$ be the solution of the differential equation

\[
\frac{d y}{d x}+12 y=\cos \left(\frac{\pi}{12} x\right), \quad y(0)=0
\]

Then, which of the following statements is/are TRUE?

(A) $y(x)$ is an increasing function

(B) $y(x)$ is a decreasing function

(C) There exists a real number $\beta$ such that the line $y=\beta$ intersects the curve $y=y(x)$ at infinitely many points

(D) $y(x)$ is a periodic function","{""A"": ""$y(x)$ is an increasing function"", ""B"": ""$y(x)$ is a decreasing function"", ""C"": ""There exists a real number $\\beta$ such that the line $y=\\beta$ intersects the curve $y=y(x)$ at infinitely many points"", ""D"": ""$y(x)$ is a periodic function""}",no
200,JEE Adv 2022 Paper 2,MCQ,A,"Consider 4 boxes, where each box contains 3 red balls and 2 blue balls. Assume that all 20 balls are distinct. In how many different ways can 10 balls be chosen from these 4 boxes so that from each box at least one red ball and one blue ball are chosen?","Consider 4 boxes, where each box contains 3 red balls and 2 blue balls. Assume that all 20 balls are distinct. In how many different ways can 10 balls be chosen from these 4 boxes so that from each box at least one red ball and one blue ball are chosen?

(A) 21816

(B) 85536

(C) 12096

(D) 156816","{""A"": ""21816"", ""B"": ""85536"", ""C"": ""12096"", ""D"": ""156816""}",no
201,JEE Adv 2022 Paper 2,MCQ,A,"If $M=\left(\begin{array}{rr}\frac{5}{2} & \frac{3}{2} \\ -\frac{3}{2} & -\frac{1}{2}\end{array}\right)$, then which of the following matrices is equal to $M^{2022}$ ?","If $M=\left(\begin{array}{rr}\frac{5}{2} & \frac{3}{2} \\ -\frac{3}{2} & -\frac{1}{2}\end{array}\right)$, then which of the following matrices is equal to $M^{2022}$ ?

(A) $\left(\begin{array}{rr}3034 & 3033 \\ -3033 & -3032\end{array}\right)$

(B) $\left(\begin{array}{ll}3034 & -3033 \\ 3033 & -3032\end{array}\right)$

(C) $\left(\begin{array}{rr}3033 & 3032 \\ -3032 & -3031\end{array}\right)$

(D) $\left(\begin{array}{rr}3032 & 3031 \\ -3031 & -3030\end{array}\right)$","{""A"": ""$\\left(\\begin{array}{rr}3034 & 3033 \\\\ -3033 & -3032\\end{array}\\right)$"", ""B"": ""$\\left(\\begin{array}{ll}3034 & -3033 \\\\ 3033 & -3032\\end{array}\\right)$"", ""C"": ""$\\left(\\begin{array}{rr}3033 & 3032 \\\\ -3032 & -3031\\end{array}\\right)$"", ""D"": ""$\\left(\\begin{array}{rr}3032 & 3031 \\\\ -3031 & -3030\\end{array}\\right)$""}",no
202,JEE Adv 2022 Paper 2,MCQ,C,"Suppose that

Box-I contains 8 red, 3 blue and 5 green balls,

Box-II contains 24 red, 9 blue and 15 green balls,

Box-III contains 1 blue, 12 green and 3 yellow balls,

Box-IV contains 10 green, 16 orange and 6 white balls.

A ball is chosen randomly from Box-I; call this ball $b$. If $b$ is red then a ball is chosen randomly from Box-II, if $b$ is blue then a ball is chosen randomly from Box-III, and if $b$ is green then a ball is chosen randomly from Box-IV. The conditional probability of the event 'one of the chosen balls is white' given that the event 'at least one of the chosen balls is green' has happened, is equal to","Suppose that

Box-I contains 8 red, 3 blue and 5 green balls,

Box-II contains 24 red, 9 blue and 15 green balls,

Box-III contains 1 blue, 12 green and 3 yellow balls,

Box-IV contains 10 green, 16 orange and 6 white balls.

A ball is chosen randomly from Box-I; call this ball $b$. If $b$ is red then a ball is chosen randomly from Box-II, if $b$ is blue then a ball is chosen randomly from Box-III, and if $b$ is green then a ball is chosen randomly from Box-IV. The conditional probability of the event 'one of the chosen balls is white' given that the event 'at least one of the chosen balls is green' has happened, is equal to

(A) $\frac{15}{256}$

(B) $\frac{3}{16}$

(C) $\frac{5}{52}$

(D) $\frac{1}{8}$","{""A"": ""$\\frac{15}{256}$"", ""B"": ""$\\frac{3}{16}$"", ""C"": ""$\\frac{5}{52}$"", ""D"": ""$\\frac{1}{8}$""}",no
203,JEE Adv 2022 Paper 2,MCQ,B,"For positive integer $n$, define

\[
f(n)=n+\frac{16+5 n-3 n^{2}}{4 n+3 n^{2}}+\frac{32+n-3 n^{2}}{8 n+3 n^{2}}+\frac{48-3 n-3 n^{2}}{12 n+3 n^{2}}+\cdots+\frac{25 n-7 n^{2}}{7 n^{2}}
\]

Then, the value of $\lim _{n \rightarrow \infty} f(n)$ is equal to","For positive integer $n$, define

\[
f(n)=n+\frac{16+5 n-3 n^{2}}{4 n+3 n^{2}}+\frac{32+n-3 n^{2}}{8 n+3 n^{2}}+\frac{48-3 n-3 n^{2}}{12 n+3 n^{2}}+\cdots+\frac{25 n-7 n^{2}}{7 n^{2}}
\]

Then, the value of $\lim _{n \rightarrow \infty} f(n)$ is equal to

(A) $3+\frac{4}{3} \log _{e} 7$

(B) $4-\frac{3}{4} \log _{e}\left(\frac{7}{3}\right)$

(C) $4-\frac{4}{3} \log _{e}\left(\frac{7}{3}\right)$

(D) $3+\frac{3}{4} \log _{e} 7$","{""A"": ""$3+\\frac{4}{3} \\log _{e} 7$"", ""B"": ""$4-\\frac{3}{4} \\log _{e}\\left(\\frac{7}{3}\\right)$"", ""C"": ""$4-\\frac{4}{3} \\log _{e}\\left(\\frac{7}{3}\\right)$"", ""D"": ""$3+\\frac{3}{4} \\log _{e} 7$""}",no
204,JEE Adv 2023 Paper 1,MCQ(multiple),ACD,"Let $S=(0,1) \cup(1,2) \cup(3,4)$ and $T=\{0,1,2,3\}$. Then which of the following statements is(are) true?","Let $S=(0,1) \cup(1,2) \cup(3,4)$ and $T=\{0,1,2,3\}$. Then which of the following statements is(are) true?   



(A) There are infinitely many functions from $S$ to $T$



(B) There are infinitely many strictly increasing functions from $S$ to $T$



(C) The number of continuous functions from $S$ to $T$ is at most 120



(D) Every continuous function from $S$ to $T$ is differentiable","{""A"": ""There are infinitely many functions from $S$ to $T$"", ""B"": ""There are infinitely many strictly increasing functions from $S$ to $T$"", ""C"": ""The number of continuous functions from $S$ to $T$ is at most 120"", ""D"": ""Every continuous function from $S$ to $T$ is differentiable""}",no
205,JEE Adv 2023 Paper 1,MCQ(multiple),AC,"Let $T_{1}$ and $T_{2}$ be two distinct common tangents to the ellipse $E: \frac{x^{2}}{6}+\frac{y^{2}}{3}=1$ and the parabola $P: y^{2}=12 x$. Suppose that the tangent $T_{1}$ touches $P$ and $E$ at the points $A_{1}$ and $A_{2}$, respectively and the tangent $T_{2}$ touches $P$ and $E$ at the points $A_{4}$ and $A_{3}$, respectively. Then which of the following statements is(are) true?","Let $T_{1}$ and $T_{2}$ be two distinct common tangents to the ellipse $E: \frac{x^{2}}{6}+\frac{y^{2}}{3}=1$ and the parabola $P: y^{2}=12 x$. Suppose that the tangent $T_{1}$ touches $P$ and $E$ at the points $A_{1}$ and $A_{2}$, respectively and the tangent $T_{2}$ touches $P$ and $E$ at the points $A_{4}$ and $A_{3}$, respectively. Then which of the following statements is(are) true?



(A) The area of the quadrilateral $A_{1} A_{2} A_{3} A_{4}$ is 35 square units



(B) The area of the quadrilateral $A_{1} A_{2} A_{3} A_{4}$ is 36 square units



(C) The tangents $T_{1}$ and $T_{2}$ meet the $x$-axis at the point $(-3,0)$



(D) The tangents $T_{1}$ and $T_{2}$ meet the $x$-axis at the point $(-6,0)$","{""A"": ""The area of the quadrilateral $A_{1} A_{2} A_{3} A_{4}$ is 35 square units"", ""B"": ""The area of the quadrilateral $A_{1} A_{2} A_{3} A_{4}$ is 36 square units"", ""C"": ""The tangents $T_{1}$ and $T_{2}$ meet the $x$-axis at the point $(-3,0)$"", ""D"": ""The tangents $T_{1}$ and $T_{2}$ meet the $x$-axis at the point $(-6,0)$""}",no
206,JEE Adv 2023 Paper 1,MCQ(multiple),BCD,"Let $f:[0,1] \rightarrow[0,1]$ be the function defined by $f(x)=\frac{x^{3}}{3}-x^{2}+\frac{5}{9} x+\frac{17}{36}$. Consider the square region $S=[0,1] \times[0,1]$. Let $G=\{(x, y) \in S: y>f(x)\}$ be called the green region and $R=\{(x, y) \in S: y<f(x)\}$ be called the red region. Let $L_{h}=\{(x, h) \in S: x \in[0,1]\}$ be the horizontal line drawn at a height $h \in[0,1]$. Then which of the following statements is(are) true?","Let $f:[0,1] \rightarrow[0,1]$ be the function defined by $f(x)=\frac{x^{3}}{3}-x^{2}+\frac{5}{9} x+\frac{17}{36}$. Consider the square region $S=[0,1] \times[0,1]$. Let $G=\{(x, y) \in S: y>f(x)\}$ be called the green region and $R=\{(x, y) \in S: y<f(x)\}$ be called the red region. Let $L_{h}=\{(x, h) \in S: x \in[0,1]\}$ be the horizontal line drawn at a height $h \in[0,1]$. Then which of the following statements is(are) true?



(A) There exists an $h \in\left[\frac{1}{4}, \frac{2}{3}\right]$ such that the area of the green region above the line $L_{h}$ equals the area of the green region below the line $L_{h}$



(B) There exists an $h \in\left[\frac{1}{4}, \frac{2}{3}\right]$ such that the area of the red region above the line $L_{h}$ equals the area of the red region below the line $L_{h}$



(C) There exists an $h \in\left[\frac{1}{4}, \frac{2}{3}\right]$ such that the area of the green region above the line $L_{h}$ equals the area of the red region below the line $L_{h}$



(D) There exists an $h \in\left[\frac{1}{4}, \frac{2}{3}\right]$ such that the area of the red region above the line $L_{h}$ equals the area of the green region below the line $L_{h}$","{""A"": ""There exists an $h \\in\\left[\\frac{1}{4}, \\frac{2}{3}\\right]$ such that the area of the green region above the line $L_{h}$ equals the area of the green region below the line $L_{h}$"", ""B"": ""There exists an $h \\in\\left[\\frac{1}{4}, \\frac{2}{3}\\right]$ such that the area of the red region above the line $L_{h}$ equals the area of the red region below the line $L_{h}$"", ""C"": ""There exists an $h \\in\\left[\\frac{1}{4}, \\frac{2}{3}\\right]$ such that the area of the green region above the line $L_{h}$ equals the area of the red region below the line $L_{h}$"", ""D"": ""There exists an $h \\in\\left[\\frac{1}{4}, \\frac{2}{3}\\right]$ such that the area of the red region above the line $L_{h}$ equals the area of the green region below the line $L_{h}$""}",no
207,JEE Adv 2023 Paper 1,MCQ,C,"Let $f:(0,1) \rightarrow \mathbb{R}$ be the function defined as $f(x)=\sqrt{n}$ if $x \in\left[\frac{1}{n+1}, \frac{1}{n}\right)$ where $n \in \mathbb{N}$. Let $g:(0,1) \rightarrow \mathbb{R}$ be a function such that $\int_{x^{2}}^{x} \sqrt{\frac{1-t}{t}} d t<g(x)<2 \sqrt{x}$ for all $x \in(0,1)$. Then $\lim _{x \rightarrow 0} f(x) g(x)$","Let $f:(0,1) \rightarrow \mathbb{R}$ be the function defined as $f(x)=\sqrt{n}$ if $x \in\left[\frac{1}{n+1}, \frac{1}{n}\right)$ where $n \in \mathbb{N}$. Let $g:(0,1) \rightarrow \mathbb{R}$ be a function such that $\int_{x^{2}}^{x} \sqrt{\frac{1-t}{t}} d t<g(x)<2 \sqrt{x}$ for all $x \in(0,1)$. Then $\lim _{x \rightarrow 0} f(x) g(x)$



(A) does NOT exist



(B) is equal to 1



(C) is equal to 2



(D) is equal to 3","{""A"": ""does NOT exist"", ""B"": ""is equal to 1"", ""C"": ""is equal to 2"", ""D"": ""is equal to 3""}",no
208,JEE Adv 2023 Paper 1,MCQ,A,"Let $Q$ be the cube with the set of vertices $\left\{\left(x_{1}, x_{2}, x_{3}\right) \in \mathbb{R}^{3}: x_{1}, x_{2}, x_{3} \in\{0,1\}\right\}$. Let $F$ be the set of all twelve lines containing the diagonals of the six faces of the cube $Q$. Let $S$ be the set of all four lines containing the main diagonals of the cube $Q$; for instance, the line passing through the vertices $(0,0,0)$ and $(1,1,1)$ is in $S$. For lines $\ell_{1}$ and $\ell_{2}$, let $d\left(\ell_{1}, \ell_{2}\right)$ denote the shortest distance between them. Then the maximum value of $d\left(\ell_{1}, \ell_{2}\right)$, as $\ell_{1}$ varies over $F$ and $\ell_{2}$ varies over $S$, is","Let $Q$ be the cube with the set of vertices $\left\{\left(x_{1}, x_{2}, x_{3}\right) \in \mathbb{R}^{3}: x_{1}, x_{2}, x_{3} \in\{0,1\}\right\}$. Let $F$ be the set of all twelve lines containing the diagonals of the six faces of the cube $Q$. Let $S$ be the set of all four lines containing the main diagonals of the cube $Q$; for instance, the line passing through the vertices $(0,0,0)$ and $(1,1,1)$ is in $S$. For lines $\ell_{1}$ and $\ell_{2}$, let $d\left(\ell_{1}, \ell_{2}\right)$ denote the shortest distance between them. Then the maximum value of $d\left(\ell_{1}, \ell_{2}\right)$, as $\ell_{1}$ varies over $F$ and $\ell_{2}$ varies over $S$, is



(A) $\frac{1}{\sqrt{6}}$



(B) $\frac{1}{\sqrt{8}}$



(C) $\frac{1}{\sqrt{3}}$



(D) $\frac{1}{\sqrt{12}}$","{""A"": ""$\\frac{1}{\\sqrt{6}}$"", ""B"": ""$\\frac{1}{\\sqrt{8}}$"", ""C"": ""$\\frac{1}{\\sqrt{3}}$"", ""D"": ""$\\frac{1}{\\sqrt{12}}$""}",no
209,JEE Adv 2023 Paper 1,MCQ,B,"Let $X=\left\{(x, y) \in \mathbb{Z} \times \mathbb{Z}: \frac{x^{2}}{8}+\frac{y^{2}}{20}<1\right.$ and $\left.y^{2}<5 x\right\}$. Three distinct points $P, Q$ and $R$ are randomly chosen from $X$. Then the probability that $P, Q$ and $R$ form a triangle whose area is a positive integer, is","Let $X=\left\{(x, y) \in \mathbb{Z} \times \mathbb{Z}: \frac{x^{2}}{8}+\frac{y^{2}}{20}<1\right.$ and $\left.y^{2}<5 x\right\}$. Three distinct points $P, Q$ and $R$ are randomly chosen from $X$. Then the probability that $P, Q$ and $R$ form a triangle whose area is a positive integer, is

(A) $\frac{71}{220}$



(B) $\frac{73}{220}$



(C) $\frac{79}{220}$



(D) $\frac{83}{220}$","{""A"": ""$\\frac{71}{220}$"", ""B"": ""$\\frac{73}{220}$"", ""C"": ""$\\frac{79}{220}$"", ""D"": ""$\\frac{83}{220}$""}",no
210,JEE Adv 2023 Paper 1,MCQ,A,"Let $P$ be a point on the parabola $y^{2}=4 a x$, where $a>0$. The normal to the parabola at $P$ meets the $x$-axis at a point $Q$. The area of the triangle $P F Q$, where $F$ is the focus of the parabola, is 120 . If the slope $m$ of the normal and $a$ are both positive integers, then the pair $(a, m)$ is","Let $P$ be a point on the parabola $y^{2}=4 a x$, where $a>0$. The normal to the parabola at $P$ meets the $x$-axis at a point $Q$. The area of the triangle $P F Q$, where $F$ is the focus of the parabola, is 120 . If the slope $m$ of the normal and $a$ are both positive integers, then the pair $(a, m)$ is

(A) $(2,3)$



(B) $(1,3)$



(C) $(2,4)$



(D) $(3,4)$","{""A"": ""$(2,3)$"", ""B"": ""$(1,3)$"", ""C"": ""$(2,4)$"", ""D"": ""$(3,4)$""}",no
211,JEE Adv 2023 Paper 1,Integer,3,"Let $\tan ^{-1}(x) \in\left(-\frac{\pi}{2}, \frac{\pi}{2}\right)$, for $x \in \mathbb{R}$. Then what is the number of real solutions of the equation



$\sqrt{1+\cos (2 x)}=\sqrt{2} \tan ^{-1}(\tan x)$ in the set $\left(-\frac{3 \pi}{2},-\frac{\pi}{2}\right) \cup\left(-\frac{\pi}{2}, \frac{\pi}{2}\right) \cup\left(\frac{\pi}{2}, \frac{3 \pi}{2}\right)$?","Let $\tan ^{-1}(x) \in\left(-\frac{\pi}{2}, \frac{\pi}{2}\right)$, for $x \in \mathbb{R}$. Then what is the number of real solutions of the equation



$\sqrt{1+\cos (2 x)}=\sqrt{2} \tan ^{-1}(\tan x)$ in the set $\left(-\frac{3 \pi}{2},-\frac{\pi}{2}\right) \cup\left(-\frac{\pi}{2}, \frac{\pi}{2}\right) \cup\left(\frac{\pi}{2}, \frac{3 \pi}{2}\right)$?",,no
212,JEE Adv 2023 Paper 1,Integer,8,"Let $n \geq 2$ be a natural number and $f:[0,1] \rightarrow \mathbb{R}$ be the function defined by



$$

f(x)= \begin{cases}n(1-2 n x) & \text { if } 0 \leq x \leq \frac{1}{2 n} \\ 2 n(2 n x-1) & \text { if } \frac{1}{2 n} \leq x \leq \frac{3}{4 n} \\ 4 n(1-n x) & \text { if } \frac{3}{4 n} \leq x \leq \frac{1}{n} \\ \frac{n}{n-1}(n x-1) & \text { if } \frac{1}{n} \leq x \leq 1\end{cases}

$$



If $n$ is such that the area of the region bounded by the curves $x=0, x=1, y=0$ and $y=f(x)$ is 4 , then what is the maximum value of the function $f$?","Let $n \geq 2$ be a natural number and $f:[0,1] \rightarrow \mathbb{R}$ be the function defined by



$$

f(x)= \begin{cases}n(1-2 n x) & \text { if } 0 \leq x \leq \frac{1}{2 n} \\ 2 n(2 n x-1) & \text { if } \frac{1}{2 n} \leq x \leq \frac{3}{4 n} \\ 4 n(1-n x) & \text { if } \frac{3}{4 n} \leq x \leq \frac{1}{n} \\ \frac{n}{n-1}(n x-1) & \text { if } \frac{1}{n} \leq x \leq 1\end{cases}

$$



If $n$ is such that the area of the region bounded by the curves $x=0, x=1, y=0$ and $y=f(x)$ is 4 , then what is the maximum value of the function $f$?",,no
213,JEE Adv 2023 Paper 1,Integer,1219,"Let $7 \overbrace{5 \cdots 5}^{r} 7$ denote the $(r+2)$ digit number where the first and the last digits are 7 and the remaining $r$ digits are 5 . Consider the sum $S=77+757+7557+\cdots+7 \overbrace{5 \cdots 5}^{98}7$. If $S=\frac{7 \overbrace{5 \cdots 5}^{99}7+m}{n}$, where $m$ and $n$ are natural numbers less than 3000 , then what is the value of $m+n$?","Let $7 \overbrace{5 \cdots 5}^{r} 7$ denote the $(r+2)$ digit number where the first and the last digits are 7 and the remaining $r$ digits are 5 . Consider the sum $S=77+757+7557+\cdots+7 \overbrace{5 \cdots 5}^{98}7$. If $S=\frac{7 \overbrace{5 \cdots 5}^{99}7+m}{n}$, where $m$ and $n$ are natural numbers less than 3000 , then what is the value of $m+n$?",,no
214,JEE Adv 2023 Paper 1,Integer,281,"Let $A=\left\{\frac{1967+1686 i \sin \theta}{7-3 i \cos \theta}: \theta \in \mathbb{R}\right\}$. If $A$ contains exactly one positive integer $n$, then what is the value of $n$?","Let $A=\left\{\frac{1967+1686 i \sin \theta}{7-3 i \cos \theta}: \theta \in \mathbb{R}\right\}$. If $A$ contains exactly one positive integer $n$, then what is the value of $n$?",,no
215,JEE Adv 2023 Paper 1,Integer,45,"Let $P$ be the plane $\sqrt{3} x+2 y+3 z=16$ and let $S=\left\{\alpha \hat{i}+\beta \hat{j}+\gamma \hat{k}: \alpha^{2}+\beta^{2}+\gamma^{2}=1\right.$ and the distance of $(\alpha, \beta, \gamma)$ from the plane $P$ is $\left.\frac{7}{2}\right\}$. Let $\vec{u}, \vec{v}$ and $\vec{w}$ be three distinct vectors in $S$ such that $|\vec{u}-\vec{v}|=|\vec{v}-\vec{w}|=|\vec{w}-\vec{u}|$. Let $V$ be the volume of the parallelepiped determined by vectors $\vec{u}, \vec{v}$ and $\vec{w}$. Then what is the value of $\frac{80}{\sqrt{3}} V$?","Let $P$ be the plane $\sqrt{3} x+2 y+3 z=16$ and let $S=\left\{\alpha \hat{i}+\beta \hat{j}+\gamma \hat{k}: \alpha^{2}+\beta^{2}+\gamma^{2}=1\right.$ and the distance of $(\alpha, \beta, \gamma)$ from the plane $P$ is $\left.\frac{7}{2}\right\}$. Let $\vec{u}, \vec{v}$ and $\vec{w}$ be three distinct vectors in $S$ such that $|\vec{u}-\vec{v}|=|\vec{v}-\vec{w}|=|\vec{w}-\vec{u}|$. Let $V$ be the volume of the parallelepiped determined by vectors $\vec{u}, \vec{v}$ and $\vec{w}$. Then what is the value of $\frac{80}{\sqrt{3}} V$?",,no
216,JEE Adv 2023 Paper 1,Integer,3,"Let $a$ and $b$ be two nonzero real numbers. If the coefficient of $x^{5}$ in the expansion of $\left(a x^{2}+\frac{70}{27 b x}\right)^{4}$ is equal to the coefficient of $x^{-5}$ in the expansion of $\left(a x-\frac{1}{b x^{2}}\right)^{7}$, then the value of $2 b$ is","Let $a$ and $b$ be two nonzero real numbers. If the coefficient of $x^{5}$ in the expansion of $\left(a x^{2}+\frac{70}{27 b x}\right)^{4}$ is equal to the coefficient of $x^{-5}$ in the expansion of $\left(a x-\frac{1}{b x^{2}}\right)^{7}$, then the value of $2 b$ is",,no
217,JEE Adv 2023 Paper 1,MCQ,A,"Let $\alpha, \beta$ and $\gamma$ be real numbers. Consider the following system of linear equations 



$x+2 y+z=7$



$x+\alpha z=11$



$2 x-3 y+\beta z=\gamma$



Match each entry in List-I to the correct entries in List-II.



\textbf{List-I}



(P) If $\beta=\frac{1}{2}(7 \alpha-3)$ and $\gamma=28$, then the system has



(Q) If $\beta=\frac{1}{2}(7 \alpha-3)$ and $\gamma \neq 28$, then the system has



(R) If $\beta \neq \frac{1}{2}(7 \alpha-3)$ where $\alpha=1$ and $\gamma \neq 28$, then the system has



(S) If $\beta \neq \frac{1}{2}(7 \alpha-3)$ where $\alpha=1$ and $\gamma = 28$, then the system has





\textbf{List-II}



(1) a unique solution



(2) no solution



(3) infinitely many solutions



(4) $x=11, y=-2$ and $z=0$ as a solution



(5) $x=-15, y=4$ and $z=0$ as a solution



The correct option is:","Let $\alpha, \beta$ and $\gamma$ be real numbers. Consider the following system of linear equations 



$x+2 y+z=7$



$x+\alpha z=11$



$2 x-3 y+\beta z=\gamma$



Match each entry in List-I to the correct entries in List-II.



\textbf{List-I}



(P) If $\beta=\frac{1}{2}(7 \alpha-3)$ and $\gamma=28$, then the system has



(Q) If $\beta=\frac{1}{2}(7 \alpha-3)$ and $\gamma \neq 28$, then the system has



(R) If $\beta \neq \frac{1}{2}(7 \alpha-3)$ where $\alpha=1$ and $\gamma \neq 28$, then the system has



(S) If $\beta \neq \frac{1}{2}(7 \alpha-3)$ where $\alpha=1$ and $\gamma = 28$, then the system has





\textbf{List-II}



(1) a unique solution



(2) no solution



(3) infinitely many solutions



(4) $x=11, y=-2$ and $z=0$ as a solution



(5) $x=-15, y=4$ and $z=0$ as a solution



The correct option is:



(A) $(P) \rightarrow(3) \quad(Q) \rightarrow(2) \quad(R) \rightarrow(1) \quad(S) \rightarrow(4)$



(B) $(P) \rightarrow(3) \quad(Q) \rightarrow(2) \quad(R) \rightarrow(5) \quad(S) \rightarrow(4)$



(C) $(P) \rightarrow(2) \quad(Q) \rightarrow(1) \quad(R) \rightarrow(4) \quad(S) \rightarrow(5)$



(D) $(P) \rightarrow(2) \quad(Q) \rightarrow(1) \quad(R) \rightarrow(1) \quad$ (S) $\rightarrow$ (3)","{""A"": ""$(P) \\rightarrow(3) \\quad(Q) \\rightarrow(2) \\quad(R) \\rightarrow(1) \\quad(S) \\rightarrow(4)$"", ""B"": ""$(P) \\rightarrow(3) \\quad(Q) \\rightarrow(2) \\quad(R) \\rightarrow(5) \\quad(S) \\rightarrow(4)$"", ""C"": ""$(P) \\rightarrow(2) \\quad(Q) \\rightarrow(1) \\quad(R) \\rightarrow(4) \\quad(S) \\rightarrow(5)$"", ""D"": ""$(P) \\rightarrow(2) \\quad(Q) \\rightarrow(1) \\quad(R) \\rightarrow(1) \\quad$ (S) $\\rightarrow$ (3)""}",no
218,JEE Adv 2023 Paper 1,MCQ,A,"Consider the given data with frequency distribution



$$

\begin{array}{ccccccc}

x_{i} & 3 & 8 & 11 & 10 & 5 & 4 \\

f_{i} & 5 & 2 & 3 & 2 & 4 & 4

\end{array}

$$



Match each entry in List-I to the correct entries in List-II.



\textbf{List-I}



(P) The mean of the above data is



(Q) The median of the above data is



(R) The mean deviation about the mean of the above data is



(S) The mean deviation about the median of the above data is



\textbf{List-II}



(1) 2.5



(2) 5



(3) 6



(4) 2.7



(5) 2.4



The correct option is:","Consider the given data with frequency distribution



$$

\begin{array}{ccccccc}

x_{i} & 3 & 8 & 11 & 10 & 5 & 4 \\

f_{i} & 5 & 2 & 3 & 2 & 4 & 4

\end{array}

$$



Match each entry in List-I to the correct entries in List-II.



\textbf{List-I}



(P) The mean of the above data is



(Q) The median of the above data is



(R) The mean deviation about the mean of the above data is



(S) The mean deviation about the median of the above data is



\textbf{List-II}



(1) 2.5



(2) 5



(3) 6



(4) 2.7



(5) 2.4



The correct option is:



(A) $(P) \rightarrow(3) \quad$ (Q) $\rightarrow$ (2) $\quad$ (R) $\rightarrow$ (4) $\quad$ (S) $\rightarrow$ (5)



(B) $(P) \rightarrow(3) \quad(Q) \rightarrow(2) \quad(R) \rightarrow(1) \quad(S) \rightarrow(5)$



(C) $(P) \rightarrow(2) \quad(Q) \rightarrow(3) \quad(R) \rightarrow(4) \quad(S) \rightarrow(1)$



(D) $(P) \rightarrow$ (3) $\quad$ (Q) $\rightarrow$ (3) $\quad$ (R) $\rightarrow$ (5) $\quad$ (S) $\rightarrow$ (5)","{""A"": ""$(P) \\rightarrow(3) \\quad$ (Q) $\\rightarrow$ (2) $\\quad$ (R) $\\rightarrow$ (4) $\\quad$ (S) $\\rightarrow$ (5)"", ""B"": ""$(P) \\rightarrow(3) \\quad(Q) \\rightarrow(2) \\quad(R) \\rightarrow(1) \\quad(S) \\rightarrow(5)$"", ""C"": ""$(P) \\rightarrow(2) \\quad(Q) \\rightarrow(3) \\quad(R) \\rightarrow(4) \\quad(S) \\rightarrow(1)$"", ""D"": ""$(P) \\rightarrow$ (3) $\\quad$ (Q) $\\rightarrow$ (3) $\\quad$ (R) $\\rightarrow$ (5) $\\quad$ (S) $\\rightarrow$ (5)""}",no
219,JEE Adv 2023 Paper 1,MCQ,B,"Let $\ell_{1}$ and $\ell_{2}$ be the lines $\vec{r}_{1}=\lambda(\hat{i}+\hat{j}+\hat{k})$ and $\vec{r}_{2}=(\hat{j}-\hat{k})+\mu(\hat{i}+\hat{k})$, respectively. Let $X$ be the set of all the planes $H$ that contain the line $\ell_{1}$. For a plane $H$, let $d(H)$ denote the smallest possible distance between the points of $\ell_{2}$ and $H$. Let $H_{0}$ be a plane in $X$ for which $d\left(H_{0}\right)$ is the maximum value of $d(H)$ as $H$ varies over all planes in $X$.



Match each entry in List-I to the correct entries in List-II.



\textbf{List-I}



(P) The value of $d\left(H_{0}\right)$ is



(Q) The distance of the point $(0,1,2)$ from $H_{0}$ is



(R) The distance of origin from $H_{0}$ is



(S) The distance of origin from the point of intersection of planes $y=z, x=1$ and $H_{0}$ is



\textbf{List-II}



(1) $\sqrt{3}$



(2) $\frac{1}{\sqrt{3}}$



(3) 0



(4) $\sqrt{2}$



(5) $\frac{1}{\sqrt{2}}$



The correct option is:","Let $\ell_{1}$ and $\ell_{2}$ be the lines $\vec{r}_{1}=\lambda(\hat{i}+\hat{j}+\hat{k})$ and $\vec{r}_{2}=(\hat{j}-\hat{k})+\mu(\hat{i}+\hat{k})$, respectively. Let $X$ be the set of all the planes $H$ that contain the line $\ell_{1}$. For a plane $H$, let $d(H)$ denote the smallest possible distance between the points of $\ell_{2}$ and $H$. Let $H_{0}$ be a plane in $X$ for which $d\left(H_{0}\right)$ is the maximum value of $d(H)$ as $H$ varies over all planes in $X$.



Match each entry in List-I to the correct entries in List-II.



\textbf{List-I}



(P) The value of $d\left(H_{0}\right)$ is



(Q) The distance of the point $(0,1,2)$ from $H_{0}$ is



(R) The distance of origin from $H_{0}$ is



(S) The distance of origin from the point of intersection of planes $y=z, x=1$ and $H_{0}$ is



\textbf{List-II}



(1) $\sqrt{3}$



(2) $\frac{1}{\sqrt{3}}$



(3) 0



(4) $\sqrt{2}$



(5) $\frac{1}{\sqrt{2}}$



The correct option is:



(A) $(P) \rightarrow(2) \quad(Q) \rightarrow(4) \quad(R) \rightarrow(5) \quad(S) \rightarrow(1)$



(B) $(P) \rightarrow(5) \quad(Q) \rightarrow(4) \quad(R) \rightarrow(3) \quad(S) \rightarrow$ (1)



(C) $(P) \rightarrow(2) \quad(Q) \rightarrow(1) \quad(R) \rightarrow(3) \quad(S) \rightarrow$ (2)



(D) $(P) \rightarrow(5) \quad(Q) \rightarrow(1) \quad(R) \rightarrow(4) \quad(S) \rightarrow(2)$","{""A"": ""$(P) \\rightarrow(2) \\quad(Q) \\rightarrow(4) \\quad(R) \\rightarrow(5) \\quad(S) \\rightarrow(1)$"", ""B"": ""$(P) \\rightarrow(5) \\quad(Q) \\rightarrow(4) \\quad(R) \\rightarrow(3) \\quad(S) \\rightarrow$ (1)"", ""C"": ""$(P) \\rightarrow(2) \\quad(Q) \\rightarrow(1) \\quad(R) \\rightarrow(3) \\quad(S) \\rightarrow$ (2)"", ""D"": ""$(P) \\rightarrow(5) \\quad(Q) \\rightarrow(1) \\quad(R) \\rightarrow(4) \\quad(S) \\rightarrow(2)$""}",no
220,JEE Adv 2023 Paper 1,MCQ,B,"Let $z$ be a complex number satisfying $|z|^{3}+2 z^{2}+4 \bar{z}-8=0$, where $\bar{z}$ denotes the complex conjugate of $z$. Let the imaginary part of $z$ be nonzero.



Match each entry in List-I to the correct entries in List-II.



\textbf{List-I}



(P) $|z|^{2}$ is equal to



(Q) $|Z-\bar{Z}|^{2}$ is equal to



(R) $|Z|^{2}+|Z+\bar{Z}|^{2}$ is equal to



(S) $|z+1|^{2}$ is equal to



\textbf{List-II}



(1) 12



(2) 4



(3) 8



(4) 10



(5) 7



The correct option is:","Let $z$ be a complex number satisfying $|z|^{3}+2 z^{2}+4 \bar{z}-8=0$, where $\bar{z}$ denotes the complex conjugate of $z$. Let the imaginary part of $z$ be nonzero.



Match each entry in List-I to the correct entries in List-II.



\textbf{List-I}



(P) $|z|^{2}$ is equal to



(Q) $|Z-\bar{Z}|^{2}$ is equal to



(R) $|Z|^{2}+|Z+\bar{Z}|^{2}$ is equal to



(S) $|z+1|^{2}$ is equal to



\textbf{List-II}



(1) 12



(2) 4



(3) 8



(4) 10



(5) 7



The correct option is:



(A)$(P) \rightarrow(1) \quad(Q) \rightarrow(3) \quad(R) \rightarrow(5) \quad(S) \rightarrow$ (4)



(B) $(P) \rightarrow(2) \quad(Q) \rightarrow(1) \quad(R) \rightarrow(3) \quad(S) \rightarrow(5)$



(C) $(P) \rightarrow(2) \quad(Q) \rightarrow(4) \quad(R) \rightarrow(5) \quad(S) \rightarrow(1)$



(D) $(P) \rightarrow(2) \quad(Q) \rightarrow(3) \quad(R) \rightarrow(5) \quad(S) \rightarrow(4)$","{""A"": ""$(P) \\rightarrow(1) \\quad(Q) \\rightarrow(3) \\quad(R) \\rightarrow(5) \\quad(S) \\rightarrow$ (4)"", ""B"": ""$(P) \\rightarrow(2) \\quad(Q) \\rightarrow(1) \\quad(R) \\rightarrow(3) \\quad(S) \\rightarrow(5)$"", ""C"": ""$(P) \\rightarrow(2) \\quad(Q) \\rightarrow(4) \\quad(R) \\rightarrow(5) \\quad(S) \\rightarrow(1)$"", ""D"": ""$(P) \\rightarrow(2) \\quad(Q) \\rightarrow(3) \\quad(R) \\rightarrow(5) \\quad(S) \\rightarrow(4)$""}",no
221,JEE Adv 2023 Paper 2,MCQ,C,"Let $f:[1, \infty) \rightarrow \mathbb{R}$ be a differentiable function such that $f(1)=\frac{1}{3}$ and $3 \int_{1}^{x} f(t) d t=x f(x)-\frac{x^{3}}{3}, x \in[1, \infty)$. Let $e$ denote the base of the natural logarithm. Then the value of $f(e)$ is","Let $f:[1, \infty) \rightarrow \mathbb{R}$ be a differentiable function such that $f(1)=\frac{1}{3}$ and $3 \int_{1}^{x} f(t) d t=x f(x)-\frac{x^{3}}{3}, x \in[1, \infty)$. Let $e$ denote the base of the natural logarithm. Then the value of $f(e)$ is



(A) $\frac{e^{2}+4}{3}$



(B) $\frac{\log _{e} 4+e}{3}$



(C) $\frac{4 e^{2}}{3}$



(D) $\frac{e^{2}-4}{3}$","{""A"": ""$\\frac{e^{2}+4}{3}$"", ""B"": ""$\\frac{\\log _{e} 4+e}{3}$"", ""C"": ""$\\frac{4 e^{2}}{3}$"", ""D"": ""$\\frac{e^{2}-4}{3}$""}",no
222,JEE Adv 2023 Paper 2,MCQ,B,"Consider an experiment of tossing a coin repeatedly until the outcomes of two consecutive tosses are same. If the probability of a random toss resulting in head is $\frac{1}{3}$, then the probability that the experiment stops with head is","Consider an experiment of tossing a coin repeatedly until the outcomes of two consecutive tosses are same. If the probability of a random toss resulting in head is $\frac{1}{3}$, then the probability that the experiment stops with head is



(A) $\frac{1}{3}$



(B) $\frac{5}{21}$



(C) $\frac{4}{21}$



(D) $\frac{2}{7}$","{""A"": ""$\\frac{1}{3}$"", ""B"": ""$\\frac{5}{21}$"", ""C"": ""$\\frac{4}{21}$"", ""D"": ""$\\frac{2}{7}$""}",no
223,JEE Adv 2023 Paper 2,MCQ,C,"For any $y \in \mathbb{R}$, let $\cot ^{-1}(y) \in(0, \pi)$ and $\tan ^{-1}(y) \in\left(-\frac{\pi}{2}, \frac{\pi}{2}\right)$. Then the sum of all the solutions of the equation $\tan ^{-1}\left(\frac{6 y}{9-y^{2}}\right)+\cot ^{-1}\left(\frac{9-y^{2}}{6 y}\right)=\frac{2 \pi}{3}$ for $0<|y|<3$, is equal to","For any $y \in \mathbb{R}$, let $\cot ^{-1}(y) \in(0, \pi)$ and $\tan ^{-1}(y) \in\left(-\frac{\pi}{2}, \frac{\pi}{2}\right)$. Then the sum of all the solutions of the equation $\tan ^{-1}\left(\frac{6 y}{9-y^{2}}\right)+\cot ^{-1}\left(\frac{9-y^{2}}{6 y}\right)=\frac{2 \pi}{3}$ for $0<|y|<3$, is equal to



(A) $2 \sqrt{3}-3$



(B) $3-2 \sqrt{3}$



(C) $4 \sqrt{3}-6$



(D) $6-4 \sqrt{3}$","{""A"": ""$2 \\sqrt{3}-3$"", ""B"": ""$3-2 \\sqrt{3}$"", ""C"": ""$4 \\sqrt{3}-6$"", ""D"": ""$6-4 \\sqrt{3}$""}",no
224,JEE Adv 2023 Paper 2,MCQ,B,"Let the position vectors of the points $P, Q, R$ and $S$ be $\vec{a}=\hat{i}+2 \hat{j}-5 \hat{k}, \vec{b}=3 \hat{i}+6 \hat{j}+3 \hat{k}$, $\vec{c}=\frac{17}{5} \hat{i}+\frac{16}{5} \hat{j}+7 \hat{k}$ and $\vec{d}=2 \hat{i}+\hat{j}+\hat{k}$, respectively. Then which of the following statements is true?","Let the position vectors of the points $P, Q, R$ and $S$ be $\vec{a}=\hat{i}+2 \hat{j}-5 \hat{k}, \vec{b}=3 \hat{i}+6 \hat{j}+3 \hat{k}$, $\vec{c}=\frac{17}{5} \hat{i}+\frac{16}{5} \hat{j}+7 \hat{k}$ and $\vec{d}=2 \hat{i}+\hat{j}+\hat{k}$, respectively. Then which of the following statements is true?



(A) The points $P, Q, R$ and $S$ are NOT coplanar



(B) $\frac{\vec{b}+2 \vec{d}}{3}$ is the position vector of a point which divides $P R$ internally in the ratio $5: 4$



(C) $\frac{\vec{b}+2 \vec{d}}{3}$ is the position vector of a point which divides $P R$ externally in the ratio $5: 4$



(D) The square of the magnitude of the vector $\vec{b} \times \vec{d}$ is 95","{""A"": ""The points $P, Q, R$ and $S$ are NOT coplanar"", ""B"": ""$\\frac{\\vec{b}+2 \\vec{d}}{3}$ is the position vector of a point which divides $P R$ internally in the ratio $5: 4$"", ""C"": ""$\\frac{\\vec{b}+2 \\vec{d}}{3}$ is the position vector of a point which divides $P R$ externally in the ratio $5: 4$"", ""D"": ""The square of the magnitude of the vector $\\vec{b} \\times \\vec{d}$ is 95""}",no
225,JEE Adv 2023 Paper 2,MCQ(multiple),BC,"Let $M=\left(a_{i j}\right), i, j \in\{1,2,3\}$, be the $3 \times 3$ matrix such that $a_{i j}=1$ if $j+1$ is divisible by $i$, otherwise $a_{i j}=0$. Then which of the following statements is(are) true?","Let $M=\left(a_{i j}\right), i, j \in\{1,2,3\}$, be the $3 \times 3$ matrix such that $a_{i j}=1$ if $j+1$ is divisible by $i$, otherwise $a_{i j}=0$. Then which of the following statements is(are) true?



(A) $M$ is invertible



(B) There exists a nonzero column matrix $\left(\begin{array}{l}a_{1} \\ a_{2} \\ a_{3}\end{array}\right)$ such that $M\left(\begin{array}{l}a_{1} \\ a_{2} \\ a_{3}\end{array}\right)=\left(\begin{array}{c}-a_{1} \\ -a_{2} \\ -a_{3}\end{array}\right)$



(C) The set $\left\{X \in \mathbb{R}^{3}: M X=\mathbf{0}\right\} \neq\{\boldsymbol{0}\}$, where $\mathbf{0}=\left(\begin{array}{l}0 \\ 0 \\ 0\end{array}\right)$



(D) The matrix $(M-2 I)$ is invertible, where $I$ is the $3 \times 3$ identity matrix","{""A"": ""$M$ is invertible"", ""B"": ""There exists a nonzero column matrix $\\left(\\begin{array}{l}a_{1} \\\\ a_{2} \\\\ a_{3}\\end{array}\\right)$ such that $M\\left(\\begin{array}{l}a_{1} \\\\ a_{2} \\\\ a_{3}\\end{array}\\right)=\\left(\\begin{array}{c}-a_{1} \\\\ -a_{2} \\\\ -a_{3}\\end{array}\\right)$"", ""C"": ""The set $\\left\\{X \\in \\mathbb{R}^{3}: M X=\\mathbf{0}\\right\\} \\neq\\{\\boldsymbol{0}\\}$, where $\\mathbf{0}=\\left(\\begin{array}{l}0 \\\\ 0 \\\\ 0\\end{array}\\right)$"", ""D"": ""The matrix $(M-2 I)$ is invertible, where $I$ is the $3 \\times 3$ identity matrix""}",no
226,JEE Adv 2023 Paper 2,MCQ(multiple),AB,"Let $f:(0,1) \rightarrow \mathbb{R}$ be the function defined as $f(x)=[4 x]\left(x-\frac{1}{4}\right)^{2}\left(x-\frac{1}{2}\right)$, where $[x]$ denotes the greatest integer less than or equal to $x$. Then which of the following statements is(are) true?","Let $f:(0,1) \rightarrow \mathbb{R}$ be the function defined as $f(x)=[4 x]\left(x-\frac{1}{4}\right)^{2}\left(x-\frac{1}{2}\right)$, where $[x]$ denotes the greatest integer less than or equal to $x$. Then which of the following statements is(are) true?



(A) The function $f$ is discontinuous exactly at one point in $(0,1)$



(B) There is exactly one point in $(0,1)$ at which the function $f$ is continuous but NOT differentiable



(C) The function $f$ is NOT differentiable at more than three points in $(0,1)$



(D) The minimum value of the function $f$ is $-\frac{1}{512}$","{""A"": ""The function $f$ is discontinuous exactly at one point in $(0,1)$"", ""B"": ""There is exactly one point in $(0,1)$ at which the function $f$ is continuous but NOT differentiable"", ""C"": ""The function $f$ is NOT differentiable at more than three points in $(0,1)$"", ""D"": ""The minimum value of the function $f$ is $-\\frac{1}{512}$""}",no
227,JEE Adv 2023 Paper 2,MCQ(multiple),ABC,"Let $S$ be the set of all twice differentiable functions $f$ from $\mathbb{R}$ to $\mathbb{R}$ such that $\frac{d^{2} f}{d x^{2}}(x)>0$ for all $x \in(-1,1)$. For $f \in S$, let $X_{f}$ be the number of points $x \in(-1,1)$ for which $f(x)=x$. Then which of the following statements is(are) true?","Let $S$ be the set of all twice differentiable functions $f$ from $\mathbb{R}$ to $\mathbb{R}$ such that $\frac{d^{2} f}{d x^{2}}(x)>0$ for all $x \in(-1,1)$. For $f \in S$, let $X_{f}$ be the number of points $x \in(-1,1)$ for which $f(x)=x$. Then which of the following statements is(are) true?



(A) There exists a function $f \in S$ such that $X_{f}=0$



(B) For every function $f \in S$, we have $X_{f} \leq 2$



(C) There exists a function $f \in S$ such that $X_{f}=2$



(D) There does NOT exist any function $f$ in $S$ such that $X_{f}=1$","{""A"": ""There exists a function $f \\in S$ such that $X_{f}=0$"", ""B"": ""For every function $f \\in S$, we have $X_{f} \\leq 2$"", ""C"": ""There exists a function $f \\in S$ such that $X_{f}=2$"", ""D"": ""There does NOT exist any function $f$ in $S$ such that $X_{f}=1$""}",no
228,JEE Adv 2023 Paper 2,Integer,0,"For $x \in \mathbb{R}$, let $\tan ^{-1}(x) \in\left(-\frac{\pi}{2}, \frac{\pi}{2}\right)$. Then what is the minimum value of the function $f: \mathbb{R} \rightarrow \mathbb{R}$ defined by $f(x)=\int_{0}^{x \tan ^{-1} x} \frac{e^{(t-\cos t)}}{1+t^{2023}} d t$?","For $x \in \mathbb{R}$, let $\tan ^{-1}(x) \in\left(-\frac{\pi}{2}, \frac{\pi}{2}\right)$. Then what is the minimum value of the function $f: \mathbb{R} \rightarrow \mathbb{R}$ defined by $f(x)=\int_{0}^{x \tan ^{-1} x} \frac{e^{(t-\cos t)}}{1+t^{2023}} d t$?",,no
229,JEE Adv 2023 Paper 2,Integer,16,"For $x \in \mathbb{R}$, let $y(x)$ be a solution of the differential equation $\left(x^{2}-5\right) \frac{d y}{d x}-2 x y=-2 x\left(x^{2}-5\right)^{2}$ such that $y(2)=7$.



Then what is the maximum value of the function $y(x)$?","For $x \in \mathbb{R}$, let $y(x)$ be a solution of the differential equation $\left(x^{2}-5\right) \frac{d y}{d x}-2 x y=-2 x\left(x^{2}-5\right)^{2}$ such that $y(2)=7$.



Then what is the maximum value of the function $y(x)$?",,no
230,JEE Adv 2023 Paper 2,Integer,31,"Let $X$ be the set of all five digit numbers formed using 1,2,2,2,4,4,0. For example, 22240 is in $X$ while 02244 and 44422 are not in $X$. Suppose that each element of $X$ has an equal chance of being chosen. Let $p$ be the conditional probability that an element chosen at random is a multiple of 20 given that it is a multiple of 5 . Then what is the value of $38 p$ equal to?","Let $X$ be the set of all five digit numbers formed using 1,2,2,2,4,4,0. For example, 22240 is in $X$ while 02244 and 44422 are not in $X$. Suppose that each element of $X$ has an equal chance of being chosen. Let $p$ be the conditional probability that an element chosen at random is a multiple of 20 given that it is a multiple of 5 . Then what is the value of $38 p$ equal to?",,no
231,JEE Adv 2023 Paper 2,Integer,512,"Let $A_{1}, A_{2}, A_{3}, \ldots, A_{8}$ be the vertices of a regular octagon that lie on a circle of radius 2. Let $P$ be a point on the circle and let $P A_{i}$ denote the distance between the points $P$ and $A_{i}$ for $i=1,2, \ldots, 8$. If $P$ varies over the circle, then what is the maximum value of the product $P A_{1} \cdot P A_{2} \cdots P A_{8}?","Let $A_{1}, A_{2}, A_{3}, \ldots, A_{8}$ be the vertices of a regular octagon that lie on a circle of radius 2. Let $P$ be a point on the circle and let $P A_{i}$ denote the distance between the points $P$ and $A_{i}$ for $i=1,2, \ldots, 8$. If $P$ varies over the circle, then what is the maximum value of the product $P A_{1} \cdot P A_{2} \cdots P A_{8}?",,no
232,JEE Adv 2023 Paper 2,Integer,3780,"$R=\left\{\left(\begin{array}{lll}a & 3 & b \\ c & 2 & d \\ 0 & 5 & 0\end{array}\right): a, b, c, d \in\{0,3,5,7,11,13,17,19\}\right\}$. Then what is the number of invertible matrices in $R$?","$R=\left\{\left(\begin{array}{lll}a & 3 & b \\ c & 2 & d \\ 0 & 5 & 0\end{array}\right): a, b, c, d \in\{0,3,5,7,11,13,17,19\}\right\}$. Then what is the number of invertible matrices in $R$?",,no
233,JEE Adv 2023 Paper 2,Integer,2,"Let $C_{1}$ be the circle of radius 1 with center at the origin. Let $C_{2}$ be the circle of radius $r$ with center at the point $A=(4,1)$, where $1<r<3$. Two distinct common tangents $P Q$ and $S T$ of $C_{1}$ and $C_{2}$ are drawn. The tangent $P Q$ touches $C_{1}$ at $P$ and $C_{2}$ at $Q$. The tangent $S T$ touches $C_{1}$ at $S$ and $C_{2}$ at $T$. Mid points of the line segments $P Q$ and $S T$ are joined to form a line which meets the $x$-axis at a point $B$. If $A B=\sqrt{5}$, then what is the value of $r^{2}$?","Let $C_{1}$ be the circle of radius 1 with center at the origin. Let $C_{2}$ be the circle of radius $r$ with center at the point $A=(4,1)$, where $1<r<3$. Two distinct common tangents $P Q$ and $S T$ of $C_{1}$ and $C_{2}$ are drawn. The tangent $P Q$ touches $C_{1}$ at $P$ and $C_{2}$ at $Q$. The tangent $S T$ touches $C_{1}$ at $S$ and $C_{2}$ at $T$. Mid points of the line segments $P Q$ and $S T$ are joined to form a line which meets the $x$-axis at a point $B$. If $A B=\sqrt{5}$, then what is the value of $r^{2}$?",,no
234,JEE Adv 2023 Paper 2,Numeric,1008,Consider an obtuse angled triangle $A B C$ in which the difference between the largest and the smallest angle is $\frac{\pi}{2}$ and whose sides are in arithmetic progression. Suppose that the vertices of this triangle lie on a circle of radius 1. Let $a$ be the area of the triangle $A B C$. Then what is  the value of $(64 a)^{2}$?,Consider an obtuse angled triangle $A B C$ in which the difference between the largest and the smallest angle is $\frac{\pi}{2}$ and whose sides are in arithmetic progression. Suppose that the vertices of this triangle lie on a circle of radius 1. Let $a$ be the area of the triangle $A B C$. Then what is  the value of $(64 a)^{2}$?,,no
235,JEE Adv 2023 Paper 2,Numeric,0.25,Consider an obtuse angled triangle $A B C$ in which the difference between the largest and the smallest angle is $\frac{\pi}{2}$ and whose sides are in arithmetic progression. Suppose that the vertices of this triangle lie on a circle of radius 1. Then what is the inradius of the triangle ABC?,Consider an obtuse angled triangle $A B C$ in which the difference between the largest and the smallest angle is $\frac{\pi}{2}$ and whose sides are in arithmetic progression. Suppose that the vertices of this triangle lie on a circle of radius 1. Then what is the inradius of the triangle ABC?,,no
