problem_idx,description,type,gold,question,temperature,solved,run_id,model,timestamp,raw_output,thinking,extracted_answer,correct,latency_sec,has_boxed,thinking_length,output_length,self_corrected,constraint_checked,elimination_detected,approach
0,JEE Adv 2016 Paper 1,MCQ,C,"Let $-\frac{\pi}{6}<\theta<-\frac{\pi}{12}$. Suppose $\alpha_{1}$ and $\beta_{1}$ are the roots of the equation $x^{2}-2 x \sec \theta+1=0$ and $\alpha_{2}$ and $\beta_{2}$ are the roots of the equation $x^{2}+2 x \tan \theta-1=0$. If $\alpha_{1}>\beta_{1}$ and $\alpha_{2}>\beta_{2}$, then $\alpha_{1}+\beta_{2}$ equals",0.0,yes,20260331_1815,deepseek-ai/DeepSeek-R1-Distill-Qwen-7B,2026-03-31T18:20:14.207376,"Okay, so I have this problem here with two quadratic equations involving trigonometric functions, specifically secant and tangent. The angle θ is given to be between -π/6 and -π/12, which means it's in the fourth quadrant since both π/6 and π/12 correspond to angles near zero from negative side.

The first equation is \( x^2 - 2x \sec \theta + 1 = 0 \), and its roots are α₁ and β₁, with α₁ > β₁. The second equation is \( x^2 + 2x \tan \theta - 1 = 0 \), with roots α₂ and β₂, where α₂ > β₂. We need to find what α₁ + β₂ equals among the options provided: A through D.

Alright, let me recall that for a quadratic equation \( ax^2 + bx + c = 0 \), the sum of the roots is -b/a and the product is c/a. So maybe we can use Vieta's formulas here because they relate sums and products directly to coefficients without having to solve for the actual roots.

Starting with the first equation: \( x^2 - 2x \sec \theta + 1 = 0 \). Here, a = 1, b = -2 secθ, c = 1. Therefore:

Sum of roots α₁ + β₁ = -b/a = 2 secθ.
Product of roots α₁ * β₁ = c/a = 1.

Similarly, for the second equation: \( x^2 + 2x tanθ - 1 = 0 \). Again, using Vieta’s formula:
a = 1, b = 2 tanθ, c = -1.

So,
Sum of roots α₂ + β₂ = -b/a = -2 tanθ.
Product of roots α₂ * β₂ = c/a = -1.

But wait, our goal isn't about these sums or products; instead, it's about finding α₁ + β₂. Hmm... How do I approach that?

I think perhaps if I express each root individually? But quadratics usually give us expressions like [something ± sqrt(something)] / something else when solved via quadratic formula. Maybe writing out the individual roots would help.

For the first equation, solving for x gives:

\( x = [2 \sec \theta ± \sqrt{(4 \sec²θ - 4)}]/2 \)
Simplify under square root: √[4(sec²θ - 1)]. Since sec²θ - 1 = tan²θ, right?
Therefore, sqrt(4 tan²θ) = 2 |tanθ|. But considering θ is between -π/6 and -π/12, which is in the fourth quadrant, so tanθ is negative there. Hence, absolute value makes it positive. Thus,

α₁ = [2 secθ + 2 tanθ] / 2","Okay, so I have this problem here with two quadratic equations involving trigonometric functions, specifically secant and tangent. The angle θ is given to be between -π/6 and -π/12, which means it's in the fourth quadrant since both π/6 and π/12 correspond to angles near zero from negative side.

The first equation is \( x^2 - 2x \sec \theta + 1 = 0 \), and its roots are α₁ and β₁, with α₁ > β₁. The second equation is \( x^2 + 2x \tan \theta - 1 = 0 \), with roots α₂ and β₂, where α₂ > β₂. We need to find what α₁ + β₂ equals among the options provided: A through D.

Alright, let me recall that for a quadratic equation \( ax^2 + bx + c = 0 \), the sum of the roots is -b/a and the product is c/a. So maybe we can use Vieta's formulas here because they relate sums and products directly to coefficients without having to solve for the actual roots.

Starting with the first equation: \( x^2 - 2x \sec \theta + 1 = 0 \). Here, a = 1, b = -2 secθ, c = 1. Therefore:

Sum of roots α₁ + β₁ = -b/a =",C,True,281.68,True,7123,8403,True,True,False,quadratic
0,JEE Adv 2016 Paper 1,MCQ,C,"Let $-\frac{\pi}{6}<\theta<-\frac{\pi}{12}$. Suppose $\alpha_{1}$ and $\beta_{1}$ are the roots of the equation $x^{2}-2 x \sec \theta+1=0$ and $\alpha_{2}$ and $\beta_{2}$ are the roots of the equation $x^{2}+2 x \tan \theta-1=0$. If $\alpha_{1}>\beta_{1}$ and $\alpha_{2}>\beta_{2}$, then $\alpha_{1}+\beta_{2}$ equals",0.1,yes,20260331_1815,deepseek-ai/DeepSeek-R1-Distill-Qwen-7B,2026-03-31T18:26:26.453904,"Okay, so I have this problem here where θ is between -π/6 and -π/12. That means θ is a negative angle in the fourth quadrant since both π/6 and π/12 correspond to angles near zero on the unit circle when considering their absolute values.

The question involves two quadratic equations:

First: \( x^2 - 2x \secθ + 1 = 0 \), with roots α₁ and β₁.
Second: \( x^2 + 2x \tanθ - 1 = 0 \), with roots α₂ and β₂.

We're told that α₁ > β₁ and α₂ > β₂, which probably just tells us about the ordering of the roots for each equation—so we know which root is larger without worrying about switching them around or anything like that.

And the goal is to find what α₁ + β₂ equals among four options given.

Alright, let me recall Vieta's formulas because they relate coefficients of polynomials to sums and products of their roots. For any quadratic equation \( ax² + bx + c = 0 \), the sum of the roots is -b/a, and the product is c/a.

So applying that first to the first equation: \( x^2 - 2x \secθ + 1 = 0 \).

Here, a = 1, b = -2 secθ, c = 1.

Sum of roots: α₁ + β₁ = (-(-2 secθ))/1 = 2 secθ.

Product of roots: α₁ * β₁ = 1 / 1 = 1.

Similarly, second equation: \( x^2 + 2x tanθ - 1 = 0 \)

a = 1, b = 2 tanθ, c = -1.

Sum of roots: α₂ + β₂ = (-2 tanθ)/1 = -2 tanθ.

Product of roots: α₂ * β₂ = (-1)/1 = -1.

Hmm, okay. So from these, maybe if I can express α₁ and β₂ individually?

But wait, not directly unless I solve for specific roots.

Alternatively, perhaps there’s another way? Let me think.

Wait, the answer choices involve expressions with secθ and tanθ, so it might help to manipulate those relationships using trigonometric identities.

I remember that one identity relates secθ and tanθ: specifically,

\( \sec²θ - \tan²θ = 1 \). Because \( 1 + \tan²θ = \sec²θ \), right? So yeah, rearranged gives that difference as 1.

That could come into play somewhere.

Also, note that θ is between -π/6 and -π/12, meaning θ is close to 0 but slightly negative. Therefore, cosθ will be positive because ","Okay, so I have this problem here where θ is between -π/6 and -π/12. That means θ is a negative angle in the fourth quadrant since both π/6 and π/12 correspond to angles near zero on the unit circle when considering their absolute values.

The question involves two quadratic equations:

First: \( x^2 - 2x \secθ + 1 = 0 \), with roots α₁ and β₁.
Second: \( x^2 + 2x \tanθ - 1 = 0 \), with roots α₂ and β₂.

We're told that α₁ > β₁ and α₂ > β₂, which probably just tells us about the ordering of the roots for each equation—so we know which root is larger without worrying about switching them around or anything like that.

And the goal is to find what α₁ + β₂ equals among four options given.

Alright, let me recall Vieta's formulas because they relate coefficients of polynomials to sums and products of their roots. For any quadratic equation \( ax² + bx + c = 0 \), the sum of the roots is -b/a, and the product is c/a.

So applying that first to the first equation: \( x^2 - 2x \secθ + 1 = 0 \",C,True,372.22,True,10838,12402,True,True,False,quadratic
0,JEE Adv 2016 Paper 1,MCQ,C,"Let $-\frac{\pi}{6}<\theta<-\frac{\pi}{12}$. Suppose $\alpha_{1}$ and $\beta_{1}$ are the roots of the equation $x^{2}-2 x \sec \theta+1=0$ and $\alpha_{2}$ and $\beta_{2}$ are the roots of the equation $x^{2}+2 x \tan \theta-1=0$. If $\alpha_{1}>\beta_{1}$ and $\alpha_{2}>\beta_{2}$, then $\alpha_{1}+\beta_{2}$ equals",0.2,yes,20260331_1815,deepseek-ai/DeepSeek-R1-Distill-Qwen-7B,2026-03-31T18:32:48.112785,"Okay, so I have this problem here with two quadratic equations, each having their own set of roots. The angles θ are given to be between -π/6 and -π/12, which is a specific range that might affect the signs or values of trigonometric functions involved.

First, let me write down what's given:

We have α₁ and β₁ as the roots of the equation:
\[ x^2 - 2x \secθ + 1 = 0 \]

And α₂ and β₂ as the roots of another equation:
\[ x^2 + 2x \tanθ - 1 = 0 \]

Also, it's specified that α₁ > β₁ and α₂ > β₂. So for both quadratics, we're taking the larger root first in our consideration.

The question asks us to find α₁ + β₂ and choose from four options: A through D.

I remember that for any quadratic equation \( ax² + bx + c = 0 \), the sum of the roots is -b/a and the product is c/a. Since all these quadratics seem to be monic (a=1 except maybe not always?), wait no—actually, they’re all leading coefficient 1 because the coefficients before x² are 1.

So applying Vieta’s formula:

For the first equation, sum of roots α₁ + β₁ = [2 secθ]/1 = 2 secθ.
Product of roots α₁β₁ = 1 / 1 = 1.

Similarly, for the second equation, sum of roots α₂ + β₂ = [-2 tanθ] / 1 = -2 tanθ.
Product of roots α₂β₂ = (-1)/1 = -1.

But since we need α₁ + β₂, perhaps if we can express them individually?

Wait, but how? Maybe using properties related to the roots being greater than others... Hmm.

Alternatively, think about solving each quadratic explicitly and adding one root from each.

Given that α₁ and β₁ satisfy the first equation, and similarly for α₂ and β₂ on the second equation.

Since α₁ > β₁, meaning alpha_1 is the larger root, beta_1 is smaller. Similarly, alpha_2 is larger than beta_2.

Perhaps compute expressions for the individual roots.

Recall that for a quadratic equation \( x² + px + q = 0 \), the roots are at:

\( x = [-p ± sqrt(p² - 4q)] / 2 \)

Therefore, for the first equation:

Equation 1: \( x² - 2x \secθ + 1 = 0 \)
Here p = -2 secθ, q = 1.

Thus,

α₁ = [2 secθ + sqrt{(2 secθ)^2 - 4*1*1","Okay, so I have this problem here with two quadratic equations, each having their own set of roots. The angles θ are given to be between -π/6 and -π/12, which is a specific range that might affect the signs or values of trigonometric functions involved.

First, let me write down what's given:

We have α₁ and β₁ as the roots of the equation:
\[ x^2 - 2x \secθ + 1 = 0 \]

And α₂ and β₂ as the roots of another equation:
\[ x^2 + 2x \tanθ - 1 = 0 \]

Also, it's specified that α₁ > β₁ and α₂ > β₂. So for both quadratics, we're taking the larger root first in our consideration.

The question asks us to find α₁ + β₂ and choose from four options: A through D.

I remember that for any quadratic equation \( ax² + bx + c = 0 \), the sum of the roots is -b/a and the product is c/a. Since all these quadratics seem to be monic (a=1 except maybe not always?), wait no—actually, they’re all leading coefficient 1 because the coefficients before x² are 1.

So applying Vieta’s formula:

For the first equa",C,True,381.63,True,9991,11086,True,True,False,quadratic
0,JEE Adv 2016 Paper 1,MCQ,C,"Let $-\frac{\pi}{6}<\theta<-\frac{\pi}{12}$. Suppose $\alpha_{1}$ and $\beta_{1}$ are the roots of the equation $x^{2}-2 x \sec \theta+1=0$ and $\alpha_{2}$ and $\beta_{2}$ are the roots of the equation $x^{2}+2 x \tan \theta-1=0$. If $\alpha_{1}>\beta_{1}$ and $\alpha_{2}>\beta_{2}$, then $\alpha_{1}+\beta_{2}$ equals",0.3,yes,20260331_1815,deepseek-ai/DeepSeek-R1-Distill-Qwen-7B,2026-03-31T18:36:31.590486,"Okay, so I have this problem here where I need to find α₁ + β₂ given some quadratic equations with trigonometric coefficients. Let me try to break it down step by step.

First, let's parse what is given:

We have two angles θ such that -π/6 < θ < -π/12. That means θ is in the fourth quadrant since both π/6 and π/12 correspond to 30° and 15° respectively when converted from radians. So negative angle would place us just below the positive x-axis into the fourth quadrant. In this range, cosine is positive because cos(θ) for small negative angles near zero will still be close to 1, right? Similarly, sine might be slightly negative or something like that?

But maybe we don't need specific values; perhaps using properties of quadratics can help more directly.

Next, there are two quadratic equations mentioned:

The first one: x² - 2x secθ + 1 = 0, whose roots are α₁ and β₁, with α₁ > β₁.

Secondly: x² + 2x tanθ - 1 = 0, whose roots are α₂ and β₂, again with α₂ > β₂.

And the question asks for α₁ + β₂. The options provided involve combinations of secθ and tanθ multiplied by constants, which suggests that once we figure out expressions involving these terms, they should simplify nicely.

So my plan is as follows:

1. For each quadratic equation, use Vieta's formula to express sums and products of their roots.
   Since Vieta relates sum and product of roots to coefficients, this seems promising.

For the first equation:
Equation: x² - 2x secθ + 1 = 0
Sum of roots: α₁ + β₁ = coefficient of x term divided by leading coefficient, but wait—Vieta says that if ax² + bx + c = 0, then sum is -b/a, product is c/a.

Here a=1, b=-2 secθ, so Sum α₁ + β₁ = (-(-2 secθ))/1 = 2 secθ.

Similarly, Product α₁ * β₁ = c/a = 1 / 1 = 1.

Wait, hold on—isn't the standard form ax² + bx + c, so yes, sum is -b/a. Here, our equation is written as x² - 2x secθ + 1, so comparing to ax² +bx +c,

a=1,
b= -2 secθ,
so sum is -b/a = 2 secθ.

Product is c/a = 1.

Got it.

Now second equation:
x² + 2x tanθ - 1","Okay, so I have this problem here where I need to find α₁ + β₂ given some quadratic equations with trigonometric coefficients. Let me try to break it down step by step.

First, let's parse what is given:

We have two angles θ such that -π/6 < θ < -π/12. That means θ is in the fourth quadrant since both π/6 and π/12 correspond to 30° and 15° respectively when converted from radians. So negative angle would place us just below the positive x-axis into the fourth quadrant. In this range, cosine is positive because cos(θ) for small negative angles near zero will still be close to 1, right? Similarly, sine might be slightly negative or something like that?

But maybe we don't need specific values; perhaps using properties of quadratics can help more directly.

Next, there are two quadratic equations mentioned:

The first one: x² - 2x secθ + 1 = 0, whose roots are α₁ and β₁, with α₁ > β₁.

Secondly: x² + 2x tanθ - 1 = 0, whose roots are α₂ and β₂, again with α₂ > β₂.

And the question asks f",D,False,223.45,True,6336,7479,True,True,False,quadratic
0,JEE Adv 2016 Paper 1,MCQ,C,"Let $-\frac{\pi}{6}<\theta<-\frac{\pi}{12}$. Suppose $\alpha_{1}$ and $\beta_{1}$ are the roots of the equation $x^{2}-2 x \sec \theta+1=0$ and $\alpha_{2}$ and $\beta_{2}$ are the roots of the equation $x^{2}+2 x \tan \theta-1=0$. If $\alpha_{1}>\beta_{1}$ and $\alpha_{2}>\beta_{2}$, then $\alpha_{1}+\beta_{2}$ equals",0.4,yes,20260331_1815,deepseek-ai/DeepSeek-R1-Distill-Qwen-7B,2026-03-31T18:41:09.209092,"Okay, so I have this problem here where I need to find α₁ + β₂ given some quadratic equations with trigonometric coefficients. Let me try to break it down step by step.

First, let's write down what we know:

We have two quadratic equations:
1. \( x^2 - 2x \sec \theta + 1 = 0 \), which has roots α₁ and β₁.
2. \( x^2 + 2x \tan \theta - 1 = 0 \), which has roots α₂ and β₂.

And we're told that for these quadratics, each pair of roots satisfies α > β. So, in both cases, the first root is larger than the second one.

The question asks for α₁ + β₂, and gives four options involving secθ and tanθ. The answer choices suggest that there might be a clever way to relate these without computing them directly because calculating specific values would involve more steps.

I remember from Vieta's formulas that for any quadratic equation \( ax² + bx + c = 0 \), the sum of the roots is -b/a and the product is c/a. Since all our quadratics are monic (a=1), their sums will just be -b and products will be c.

So applying Vieta’s formula to both equations:

For the first equation: Sum of roots α₁ + β₁ = 2 sec θ; Product α₁β₁ = 1.

Similarly, for the second equation: Sum of roots α₂ + β₂ = -2 tan θ; Product α₂β₂ = -1.

Hmm, okay. Now, since they mentioned ordering—α₁ > β₁ and α₂ > β₂—I wonder if knowing how the roots compare can help us figure out something about the signs or relative sizes? Maybe not necessary right now though—if anything, maybe useful later when considering square roots?

But wait, perhaps instead of focusing on individual roots, think about combining information from both quadratics. We’re supposed to compute α₁ + β₂. Hmm... How do we express either alpha terms individually?

Alternatively, maybe using properties related to reciprocal relationships or other identities between secant and tangent functions.

Wait, another thought—the expressions in the answers include combinations like sec theta minus tan theta multiplied by 2, etc., so maybe expressing everything in te","Okay, so I have this problem here where I need to find α₁ + β₂ given some quadratic equations with trigonometric coefficients. Let me try to break it down step by step.

First, let's write down what we know:

We have two quadratic equations:
1. \( x^2 - 2x \sec \theta + 1 = 0 \), which has roots α₁ and β₁.
2. \( x^2 + 2x \tan \theta - 1 = 0 \), which has roots α₂ and β₂.

And we're told that for these quadratics, each pair of roots satisfies α > β. So, in both cases, the first root is larger than the second one.

The question asks for α₁ + β₂, and gives four options involving secθ and tanθ. The answer choices suggest that there might be a clever way to relate these without computing them directly because calculating specific values would involve more steps.

I remember from Vieta's formulas that for any quadratic equation \( ax² + bx + c = 0 \), the sum of the roots is -b/a and the product is c/a. Since all our quadratics are monic (a=1), their sums will just be -b and products will be",C,True,277.59,True,8488,9676,True,True,False,quadratic
0,JEE Adv 2016 Paper 1,MCQ,C,"Let $-\frac{\pi}{6}<\theta<-\frac{\pi}{12}$. Suppose $\alpha_{1}$ and $\beta_{1}$ are the roots of the equation $x^{2}-2 x \sec \theta+1=0$ and $\alpha_{2}$ and $\beta_{2}$ are the roots of the equation $x^{2}+2 x \tan \theta-1=0$. If $\alpha_{1}>\beta_{1}$ and $\alpha_{2}>\beta_{2}$, then $\alpha_{1}+\beta_{2}$ equals",0.5,yes,20260331_1815,deepseek-ai/DeepSeek-R1-Distill-Qwen-7B,2026-03-31T18:48:31.508526,"Okay, so I've got this algebra problem here that involves quadratic equations with trigonometric coefficients. Let me try to parse it out piece by piece.

First off, we're given an angle θ such that -π/6 < θ < -π/12. That's a pretty narrow range; just under negative π/4 maybe? Not sure if that detail is important yet, but keeping in mind the interval might help later when considering which quadrant tanθ or secθ falls into.

Then there are two quadratic equations:

1. The first one: \(x^2 - 2x \sec \theta + 1 = 0\) with roots α₁ and β₁.
2. The second one: \(x^2 + 2x \tan \theta - 1 = 0\) with roots α₂ and β₂.

We’re also told that for each pair of roots, α > β. So for both quadratics, their larger root comes first—α is greater than beta.

The question asks us to find what α₁ + β₂ equals, choosing from four options provided. Alright, let's think about how to approach this.

I remember from Vieta's formulas that for any quadratic equation \(ax² + bx + c = 0\), the sum of its roots is -b/a and the product is c/a. Since these are monic quadratics (a=1), things simplify nicely.

So starting with the first equation: \(x² - 2x \sec \theta + 1 = 0\).

Sum of roots α₁ + β₁ should be equal to 2 secθ because the coefficient on x is -2 secθ, right?

Wait no, hold on—the standard form is ax² + bx + c, where b is the middle term. In our case, the equation is written as \(x² - 2x \sec \theta + 1 = 0\). Comparing to ax² + bx + c, that would mean a=1, b=-2 secθ, c=1.

Therefore, according to Vieta’s formula, the sum of the roots is -b/a = -(-2 secθ)/1 = 2 secθ. Got that down: α₁ + β₁ = 2 secθ.

Similarly, the product of the roots will be c/a = 1/1 = 1. So α₁ * β₁ = 1.

Now moving on to the second equation: \(x² + 2x \tan \theta - 1 = 0\).

Again applying Vieta’s formulas. Here, a=1, b=2 tanθ, c=-1.

Thus, sum of roots α₂ + β₂ is -b/a = -(2 tanθ)/1 = -2 tanθ.

Product of roots is c/a = (-1)/1 = -1, hence α₂ * β₂ = -1.

Alright, now we need expressions involving individual roots like α","Okay, so I've got this algebra problem here that involves quadratic equations with trigonometric coefficients. Let me try to parse it out piece by piece.

First off, we're given an angle θ such that -π/6 < θ < -π/12. That's a pretty narrow range; just under negative π/4 maybe? Not sure if that detail is important yet, but keeping in mind the interval might help later when considering which quadrant tanθ or secθ falls into.

Then there are two quadratic equations:

1. The first one: \(x^2 - 2x \sec \theta + 1 = 0\) with roots α₁ and β₁.
2. The second one: \(x^2 + 2x \tan \theta - 1 = 0\) with roots α₂ and β₂.

We’re also told that for each pair of roots, α > β. So for both quadratics, their larger root comes first—α is greater than beta.

The question asks us to find what α₁ + β₂ equals, choosing from four options provided. Alright, let's think about how to approach this.

I remember from Vieta's formulas that for any quadratic equation \(ax² + bx + c = 0\), the sum of its roots is -b/a",,False,442.27,False,11076,12536,True,True,False,quadratic
1,JEE Adv 2016 Paper 1,MCQ,A,"A debate club consists of 6 girls and 4 boys. A team of 4 members is to be selected from this club including the selection of a captain (from among these 4 members) for the team. If the team has to include at most one boy, then the number of ways of selecting the team is",0.0,yes,20260331_1815,deepseek-ai/DeepSeek-R1-Distill-Qwen-7B,2026-03-31T18:52:38.652734,"Okay, so I have this problem here about forming a debate team. Let me try to understand it step by step.

First, there are 6 girls and 4 boys in the debate club. We need to select a team of 4 members. But not just any team—this team must include the selection of a captain as well. Also, an important condition: the team can have at most one boy. So that means either all four are girls or exactly three are girls and one is a boy.

Hmm, okay. The question asks for the number of ways to do this. The options given are (A) 380, (B) 320, (C) 260, (D) 95. Hmm, let's break down how we might approach this.

I think the first thing to figure out is whether the order matters when selecting the team members because if it does, permutations come into play; otherwise, combinations would suffice. Since they're talking about selecting people without specifying positions other than being on the team with a designated captain, maybe each position isn't unique except for the captain role. Wait, actually, no—the captain is part of the team, which implies that once you've chosen the team, you pick someone from them to be the captain. That suggests that perhaps the process involves two steps:

1. Selecting the 4-member team.
2. Choosing a captain from those 4.

But before getting ahead of myself, let's consider the constraints again: At most one boy on the team. So teams can consist entirely of girls or contain up to one boy.

So, breaking it down further, since the team size is 4, ""at most one boy"" translates to two cases:
- Case 1: All 4 are girls.
- Case 2: Exactly 1 boy and 3 girls.

We'll calculate both cases separately and add their results together.

Starting with **Case 1**: All 4 are girls. There are 6 girls total, so choosing 4 girls from 6. This should be combination C(6,4). Then, once we have such a team, we need to choose a captain. Since every member could potentially be the captain, for each team, there are 4 choices for the captain. Therefore, the number of ways for this c","Okay, so I have this problem here about forming a debate team. Let me try to understand it step by step.

First, there are 6 girls and 4 boys in the debate club. We need to select a team of 4 members. But not just any team—this team must include the selection of a captain as well. Also, an important condition: the team can have at most one boy. So that means either all four are girls or exactly three are girls and one is a boy.

Hmm, okay. The question asks for the number of ways to do this. The options given are (A) 380, (B) 320, (C) 260, (D) 95. Hmm, let's break down how we might approach this.

I think the first thing to figure out is whether the order matters when selecting the team members because if it does, permutations come into play; otherwise, combinations would suffice. Since they're talking about selecting people without specifying positions other than being on the team with a designated captain, maybe each position isn't unique except for the captain role. Wait, actually, ",A,True,246.87,True,8676,9537,True,None,False,permutation
1,JEE Adv 2016 Paper 1,MCQ,A,"A debate club consists of 6 girls and 4 boys. A team of 4 members is to be selected from this club including the selection of a captain (from among these 4 members) for the team. If the team has to include at most one boy, then the number of ways of selecting the team is",0.1,yes,20260331_1815,deepseek-ai/DeepSeek-R1-Distill-Qwen-7B,2026-03-31T18:56:52.945627,"Okay, so I have this problem here about forming a debate team. Let me try to understand it step by step.

First, there are 6 girls and 4 boys in the debate club. We need to select a team of 4 members. But not just any team—this team must include at most one boy. Additionally, once we've formed the team, we also need to choose a captain from those four members. The question asks how many different ways we can do all that, with the options given as (A) 380, (B) 320, (C) 260, or (D) 95.

Alright, let's break this down into parts because sometimes breaking problems into smaller steps makes them easier to handle.

**Understanding ""at most one boy"":**
This means our team can either have:
1. No boys (all girls)
2. Exactly one boy and three girls

So, essentially, two scenarios: all-girls teams or teams with exactly one boy.

I think handling each scenario separately might make sense here since they're mutually exclusive cases.

**Case 1: All Girls Team**

If the team is made up entirely of girls, we need to figure out how many ways we can choose 4 girls out of the available 6.

The formula for combinations when choosing k items from n without regard to order is:

\[
\dbinom{n}{k} = \frac{n!}{k!(n - k)!}
\]

So applying that here,

Number of ways to choose 4 girls from 6 is:

\[
\dbinom{6}{4} = \frac{6!}{4!2!} = \frac{720}{24 * 2} = \frac{720}{48} = 15
\]

Wait, hold on—is that right? Because 6 choose 4 should actually be equal to 15?

Let me verify quickly: Yes, 6 choose 4 is indeed 15 because 6 choose 2 would be same due to symmetry property (\( \dbinom{n}{k} = \dbinom{n}{n - k} \)), which is \( \dbinom{6}{2} = 15 \). So yes, 15 ways.

But wait, no—if you pick 4 girls, isn't that equivalent to leaving out 2 girls? Which again gives us 15 possibilities. Yep, seems solid.

Now, within this all-girls team, we still need to choose a captain. Since every member could potentially be chosen as the captain, regardless of gender—it doesn’t matter if everyone’s a girl—the captain r","Okay, so I have this problem here about forming a debate team. Let me try to understand it step by step.

First, there are 6 girls and 4 boys in the debate club. We need to select a team of 4 members. But not just any team—this team must include at most one boy. Additionally, once we've formed the team, we also need to choose a captain from those four members. The question asks how many different ways we can do all that, with the options given as (A) 380, (B) 320, (C) 260, or (D) 95.

Alright, let's break this down into parts because sometimes breaking problems into smaller steps makes them easier to handle.

**Understanding ""at most one boy"":**
This means our team can either have:
1. No boys (all girls)
2. Exactly one boy and three girls

So, essentially, two scenarios: all-girls teams or teams with exactly one boy.

I think handling each scenario separately might make sense here since they're mutually exclusive cases.

**Case 1: All Girls Team**

If the team is made up entirely of gi",A,True,254.27,True,8745,9629,True,None,False,permutation
1,JEE Adv 2016 Paper 1,MCQ,A,"A debate club consists of 6 girls and 4 boys. A team of 4 members is to be selected from this club including the selection of a captain (from among these 4 members) for the team. If the team has to include at most one boy, then the number of ways of selecting the team is",0.2,yes,20260331_1815,deepseek-ai/DeepSeek-R1-Distill-Qwen-7B,2026-03-31T18:58:59.472677,"Okay, so I have this problem here about forming a debate team. Let me try to understand it step by step.

First, there are 6 girls and 4 boys in the debate club. We need to select a team of 4 members. But not just any team—this team must include a captain who will be chosen from those 4 members. Also, an important condition: the team can have at most one boy. So that means either all four are girls or exactly three are girls and one is a boy.

Alright, let's break this down into two cases because we're dealing with ""at most one"" which implies zero or one boys on the team.

**Case 1: All Four Members Are Girls**

If the team consists entirely of girls, how many ways can we form such a team? Well, since there are 6 girls, choosing 4 out of them would involve combinations. The formula for combinations is C(n, k) = n! / [k!(n - k)!].

So, calculating C(6, 4):

C(6, 4) = 6! / (4! * (6-4)!) = (720)/(24*2) = 720/48 = 15.

Wait, hold on—that seems low. Wait no, actually:

Hold on, maybe I should double-check my calculation.

Calculating factorial might get confusing quickly, perhaps another way?

Alternatively, think of it as first picking 4 girls out of 6. That’s indeed 15 different teams possible.

But wait, once you've picked the 4 girls, you also need to choose a captain from among them. Since each group of 4 girls includes 4 people, the captain could be any one of them. Therefore, for each combination of 4 girls, there are 4 choices for the captain.

Therefore, total number of possibilities for Case 1 is 15 * 4 = 60.

Hmm, okay, makes sense.

**Case 2: Exactly Three Girls and One Boy**

Now, moving on to the second case where the team has exactly three girls and one boy. Again, starting with the number of ways to pick the team without considering the captain yet.

Number of ways to choose 3 girls out of 6: C(6, 3).

Similarly, number of ways to choose 1 boy out of 4: C(4, 1). Then multiply both together because they’re independent choices.

Let me compute that:

C(6, 3","Okay, so I have this problem here about forming a debate team. Let me try to understand it step by step.

First, there are 6 girls and 4 boys in the debate club. We need to select a team of 4 members. But not just any team—this team must include a captain who will be chosen from those 4 members. Also, an important condition: the team can have at most one boy. So that means either all four are girls or exactly three are girls and one is a boy.

Alright, let's break this down into two cases because we're dealing with ""at most one"" which implies zero or one boys on the team.

**Case 1: All Four Members Are Girls**

If the team consists entirely of girls, how many ways can we form such a team? Well, since there are 6 girls, choosing 4 out of them would involve combinations. The formula for combinations is C(n, k) = n! / [k!(n - k)!].

So, calculating C(6, 4):

C(6, 4) = 6! / (4! * (6-4)!) = (720)/(24*2) = 720/48 = 15.

Wait, hold on—that seems low. Wait no, actually:

Hold on, maybe I shou",A,True,126.5,True,4010,4844,True,None,False,permutation
1,JEE Adv 2016 Paper 1,MCQ,A,"A debate club consists of 6 girls and 4 boys. A team of 4 members is to be selected from this club including the selection of a captain (from among these 4 members) for the team. If the team has to include at most one boy, then the number of ways of selecting the team is",0.3,yes,20260331_1815,deepseek-ai/DeepSeek-R1-Distill-Qwen-7B,2026-03-31T19:01:52.308908,"Okay, so I have this problem about forming a debate team with certain conditions. Let me try to understand it step by step.

First, there are 6 girls and 4 boys in the debate club. We need to select a team of 4 members. But not just any team—this team must include the selection of a captain as well. Also, an important condition: the team can have at most one boy. So that means either zero or one boy on the team.

Alright, let's break this down into smaller parts because dealing with ""at most"" usually involves considering separate cases where you handle each possibility separately and then add them up if they're mutually exclusive scenarios.

So, case 1: The team has no boys, which would mean all four members are girls. Case 2: The team has exactly one boy and three girls. These two cases cover all possibilities since we cannot have more than one boy due to the given condition.

Now, once the team is selected, regardless of how many boys are on the team, we also need to choose a captain from those four members. That adds another layer to our calculation—the multiplication principle might come into play here.

Let me structure my approach:

For both cases (Case 1 and Case 2), first compute the number of ways to form the team without considering the captain, then multiply by the number of ways to choose a captain from the team members.

Alternatively, maybe I should consider choosing the captain first? Hmm... Wait, does that make sense?

Wait, actually, when teams involve specific roles like captains, sometimes it's easier to think of selecting the leader first before selecting the rest of the team. However, depending on whether the role affects the composition constraints, such as gender restrictions, perhaps it complicates things further.

But wait, in this case, the constraint is based on the total number of boys, irrespective of who the captain is. Therefore, it doesn't matter who the captain is; he could be a girl or a boy—but hold on! Since the team includes at m","Okay, so I have this problem about forming a debate team with certain conditions. Let me try to understand it step by step.

First, there are 6 girls and 4 boys in the debate club. We need to select a team of 4 members. But not just any team—this team must include the selection of a captain as well. Also, an important condition: the team can have at most one boy. So that means either zero or one boy on the team.

Alright, let's break this down into smaller parts because dealing with ""at most"" usually involves considering separate cases where you handle each possibility separately and then add them up if they're mutually exclusive scenarios.

So, case 1: The team has no boys, which would mean all four members are girls. Case 2: The team has exactly one boy and three girls. These two cases cover all possibilities since we cannot have more than one boy due to the given condition.

Now, once the team is selected, regardless of how many boys are on the team, we also need to choose a captain",A,True,172.81,True,6258,7250,True,None,False,permutation
1,JEE Adv 2016 Paper 1,MCQ,A,"A debate club consists of 6 girls and 4 boys. A team of 4 members is to be selected from this club including the selection of a captain (from among these 4 members) for the team. If the team has to include at most one boy, then the number of ways of selecting the team is",0.4,yes,20260331_1815,deepseek-ai/DeepSeek-R1-Distill-Qwen-7B,2026-03-31T19:04:02.027913,"Okay, so I have this problem about a debate club with 6 girls and 4 boys. They need to form a team of 4 members, which includes selecting a captain from those 4. The condition is that the team can have at most one boy. Hmm, let me try to figure out how many ways there are to do this.

First off, since it's ""at most one boy,"" that means we're looking at two scenarios: either all four team members are girls or exactly three girls and one boy on the team. Because if you have more than one boy, like two or three, that would exceed the limit given in the problem statement. So, splitting into cases seems like a good approach here.

Let me start with Case 1 where the team consists entirely of girls. There are 6 girls in total, and we need to choose 4. Since order doesn't matter when just forming the team before selecting the captain, right? So, combinations will come into play here. The formula for combinations is C(n, k) = n! / [k!(n - k)!], where n is the total number, and k is the number chosen.

So, calculating the number of ways to select 4 girls out of 6:

C(6, 4) = 6! / (4! * (6-4)!) = (6*5)/(2*1) = 15. Wait, hold on—is that right?

Wait no, actually, computing factorials might not be necessary because another way is recognizing that choosing 4 out of 6 is same as leaving out 2. But regardless, using the combination formula directly gives us 15 possible groups of girls.

Now, once we've formed such a group of 4 girls, we need to select a captain. Since each member could be the captain, that should multiply by 4 choices—so 15 teams multiplied by 4 captains equals 60 possibilities for all-girls teams.

Alright, moving on to Case 2: Teams with exactly one boy and three girls. Here, first, we'll calculate how many ways we can pick 1 boy out of 4 and 3 girls out of 6.

Calculating the number of ways to choose 1 boy from 4:
C(4, 1) = 4.

And the number of ways to choose 3 girls from 6:
C(6, 3). Let me compute that:
C(6, 3) = 6! / (3! * (6-3)!) = (6*5*4)/(3*2*1) = 20.

Mul","Okay, so I have this problem about a debate club with 6 girls and 4 boys. They need to form a team of 4 members, which includes selecting a captain from those 4. The condition is that the team can have at most one boy. Hmm, let me try to figure out how many ways there are to do this.

First off, since it's ""at most one boy,"" that means we're looking at two scenarios: either all four team members are girls or exactly three girls and one boy on the team. Because if you have more than one boy, like two or three, that would exceed the limit given in the problem statement. So, splitting into cases seems like a good approach here.

Let me start with Case 1 where the team consists entirely of girls. There are 6 girls in total, and we need to choose 4. Since order doesn't matter when just forming the team before selecting the captain, right? So, combinations will come into play here. The formula for combinations is C(n, k) = n! / [k!(n - k)!], where n is the total number, and k is the number c",A,True,129.69,True,4169,5219,True,None,False,permutation
1,JEE Adv 2016 Paper 1,MCQ,A,"A debate club consists of 6 girls and 4 boys. A team of 4 members is to be selected from this club including the selection of a captain (from among these 4 members) for the team. If the team has to include at most one boy, then the number of ways of selecting the team is",0.5,yes,20260331_1815,deepseek-ai/DeepSeek-R1-Distill-Qwen-7B,2026-03-31T19:06:28.315312,"Alright, so I've got this problem here about forming a debate team. Let me try to break it down.

First off, there are 6 girls and 4 boys in the debate club. We need to select a team of 4 members. But not just any team – we also have to choose a captain from those 4. Plus, there's a condition: the team can have at most one boy. Hmm, okay.

Let me think about how teams can be formed with at most one boy. That means either all four are girls or three are girls and one is a boy. So two scenarios: 4 girls and 0 boys, or 3 girls and 1 boy.

I should calculate both cases separately and add them together because they're mutually exclusive—either you have no boys or exactly one boy on the team.

Starting with Case 1: All four girls.
We have 6 girls, and we need to choose 4. The number of ways to do that is combination of 6 taken 4 at a time. Remembering the formula:

\[
\dbinom{n}{k} = \frac{n!}{k!(n - k)!}
\]

So plugging into our numbers:

Case 1: \(\dbinom{6}{4}\)

Calculating that:
- \(6! / (4! * (6 - 4)!) = 720 / (24 * 2) = 720 / 48 = 15\) 

Wait, hold on—is that right? Wait, let me double-check. 6*5*4*3/(4*3*2*1)= yeah, same thing. Yeah, definitely 15.

Okay, now once we've chosen the 4 girls, we need to pick a captain. Since each member could be the captain, which includes themselves as well. So for each group of 4 girls, the number of captains would be equal to the number of people in the group, which is 4.

Therefore, total ways for case 1: Number of ways to choose the team multiplied by number of possible captains per team.

Which is 15 * 4 = 60.

Hold up, wait—that might actually make sense since for every team composed purely of girls, each girl could be the captain. So yes, multiply by 4.

Now onto Case 2: 3 girls and 1 boy.

Similarly, first choosing 3 girls out of 6 and 1 boy out of 4.

Number of ways to choose 3 girls: \(\dbinom{6}{3}\).

Calculate that:

\(6! / (3! * 3!) = 720 / (6 * 6) = 720 / 36 = 20\). Yep, that seems right.

And the number of ways to ch","Alright, so I've got this problem here about forming a debate team. Let me try to break it down.

First off, there are 6 girls and 4 boys in the debate club. We need to select a team of 4 members. But not just any team – we also have to choose a captain from those 4. Plus, there's a condition: the team can have at most one boy. Hmm, okay.

Let me think about how teams can be formed with at most one boy. That means either all four are girls or three are girls and one is a boy. So two scenarios: 4 girls and 0 boys, or 3 girls and 1 boy.

I should calculate both cases separately and add them together because they're mutually exclusive—either you have no boys or exactly one boy on the team.

Starting with Case 1: All four girls.
We have 6 girls, and we need to choose 4. The number of ways to do that is combination of 6 taken 4 at a time. Remembering the formula:

\[
\dbinom{n}{k} = \frac{n!}{k!(n - k)!}
\]

So plugging into our numbers:

Case 1: \(\dbinom{6}{4}\)

Calculating that:
- \(6! ",A,True,146.26,True,4516,5614,True,None,False,permutation
2,JEE Adv 2016 Paper 1,MCQ,C,"Let $S=\left\{x \in(-\pi, \pi): x \neq 0, \pm \frac{\pi}{2}\right\}$. The sum of all distinct solutions of the equation $\sqrt{3} \sec x+\operatorname{cosec} x+2(\tan x-\cot x)=0$ in the set $S$ is equal to",0.0,yes,20260331_1815,deepseek-ai/DeepSeek-R1-Distill-Qwen-7B,2026-03-31T19:13:45.375833,"Okay, so I have this problem here where I need to find the sum of all distinct solutions to an equation involving secant and cosecant functions within a specific interval S. Let me try to break it down step by step.

First, let's write out what we're given:

The function is √3 sec x + cosec x + 2(tan x - cot x) = 0, and we are looking for solutions in the set S which excludes points at ±π/2 and 0 from (-π, π). So essentially, our domain is (-π, π), excluding those four points: 0, π/2, -π/2, etc.

I think my first goal should be to simplify this equation as much as possible because dealing with multiple trigonometric functions can get messy otherwise. Maybe if I express everything in terms of sine and cosine or even tangent? Hmm...

Looking at each term:
- √3 sec x is straightforward; that’s just √3 / cos x.
- cosec x is 1/sin x.
- tan x is sin x / cos x, and cot x is cos x / sin x. So their difference would be [sin x / cos x] - [cos x / sin x].

So putting it all together, maybe rewrite the entire equation using these expressions:

√3 * (1/cos x) + (1/sin x) + 2*( (sin x / cos x) - (cos x / sin x) ) = 0

Hmm... That seems manageable. Now, perhaps combine like terms?

Wait, before combining anything else, notice that there might be common denominators somewhere. For example, both 1/sin x and something related to sin x over cos x could potentially share some denominator when combined.

Alternatively, another approach is to multiply through by sin x cos x to eliminate the denominators since they’re present in the equation. Since multiplying will make things simpler algebraically.

Yes, that sounds promising. Let me do that.

Multiply every term by sin x cos x:

√3 * (1/cos x)*sin x cos x + (1/sin x)*(sin x cos x) + 2*[ (sin x / cos x) - (cos x / sin x) ]*sin x cos x = 0 * sin x cos x

Calculating each term separately:

First term: √3 * (1/cos x) * sin x cos x simplifies to √3 sin x.

Second term: (1/sin x) * sin x cos x simplifies to cos x.

Third term: Inside the brac","Okay, so I have this problem here where I need to find the sum of all distinct solutions to an equation involving secant and cosecant functions within a specific interval S. Let me try to break it down step by step.

First, let's write out what we're given:

The function is √3 sec x + cosec x + 2(tan x - cot x) = 0, and we are looking for solutions in the set S which excludes points at ±π/2 and 0 from (-π, π). So essentially, our domain is (-π, π), excluding those four points: 0, π/2, -π/2, etc.

I think my first goal should be to simplify this equation as much as possible because dealing with multiple trigonometric functions can get messy otherwise. Maybe if I express everything in terms of sine and cosine or even tangent? Hmm...

Looking at each term:
- √3 sec x is straightforward; that’s just √3 / cos x.
- cosec x is 1/sin x.
- tan x is sin x / cos x, and cot x is cos x / sin x. So their difference would be [sin x / cos x] - [cos x / sin x].

So putting it all together, maybe rewrit",,False,436.79,False,11915,11915,True,True,False,trigonometry
2,JEE Adv 2016 Paper 1,MCQ,C,"Let $S=\left\{x \in(-\pi, \pi): x \neq 0, \pm \frac{\pi}{2}\right\}$. The sum of all distinct solutions of the equation $\sqrt{3} \sec x+\operatorname{cosec} x+2(\tan x-\cot x)=0$ in the set $S$ is equal to",0.1,yes,20260331_1815,deepseek-ai/DeepSeek-R1-Distill-Qwen-7B,2026-03-31T19:21:05.457159,"Okay, so I have this problem here where I need to solve an equation involving secant and cosecant functions within a specific interval S = {x ∈ (-π, π) : x ≠ 0, ±π/2}. Then, find the sum of all distinct solutions in S.

The equation given is: √3 sec x + cosec x + 2(tan x - cot x) = 0.

Hmm, let me write that down more clearly:

√3 sec x + csc x + 2(tan x - cot x) = 0.

First off, maybe it's helpful if I express everything in terms of sine and cosine because sometimes that makes things clearer. Let me recall some trigonometric identities:

- sec x = 1 / cos x,
- csc x = 1 / sin x,
- tan x = sin x / cos x,
- cot x = cos x / sin x.

So substituting these into the equation gives:

√3 * (1/cos x) + (1/sin x) + 2*(sin x / cos x - cos x / sin x) = 0.

Alright, now simplify term by term.

Starting with each part:
1. √3 / cos x.
2. 1 / sin x.
3. 2 times [sin x / cos x minus cos x / sin x].

Let me compute the third term first since there are two fractions being subtracted. So,

2*[sin x / cos x - cos x / sin x] = 2*[(sin^2 x - cos^2 x)/(cos x sin x)].

Wait, how did I get that? Because when you have something like A/B - B/A, which would be (A² - B²)/AB. Yeah, exactly! So applying that identity here:

(sin x / cos x - cos x / sin x) = (sin²x - cos²x)/(sin x cos x).

Therefore, multiplying by 2, we get:

2*(sin²x - cos²x)/(sin x cos x).

Putting it back into the original equation, our entire expression becomes:

√3 / cos x + 1 / sin x + 2*(sin²x - cos²x)/(sin x cos x) = 0.

Now, perhaps combining all these over a common denominator might help. But before jumping into that, let me see if any simplifications can occur or substitutions made.

Alternatively, another approach could be to use substitution variables for t = sin x or t = cos x, but not sure yet. Alternatively, multiply both sides by sin x cos x to eliminate denominators—maybe that will make it easier?

Yes, let's try that. Multiply every term by sin x cos x:

[√3 / cos x]*sin x cos x + [1 / sin x]*sin x cos x + [2*(si","Okay, so I have this problem here where I need to solve an equation involving secant and cosecant functions within a specific interval S = {x ∈ (-π, π) : x ≠ 0, ±π/2}. Then, find the sum of all distinct solutions in S.

The equation given is: √3 sec x + cosec x + 2(tan x - cot x) = 0.

Hmm, let me write that down more clearly:

√3 sec x + csc x + 2(tan x - cot x) = 0.

First off, maybe it's helpful if I express everything in terms of sine and cosine because sometimes that makes things clearer. Let me recall some trigonometric identities:

- sec x = 1 / cos x,
- csc x = 1 / sin x,
- tan x = sin x / cos x,
- cot x = cos x / sin x.

So substituting these into the equation gives:

√3 * (1/cos x) + (1/sin x) + 2*(sin x / cos x - cos x / sin x) = 0.

Alright, now simplify term by term.

Starting with each part:
1. √3 / cos x.
2. 1 / sin x.
3. 2 times [sin x / cos x minus cos x / sin x].

Let me compute the third term first since there are two fractions being subtracted. So,

2*[sin x / cos x",,False,440.05,False,9533,10591,True,True,False,trigonometry
2,JEE Adv 2016 Paper 1,MCQ,C,"Let $S=\left\{x \in(-\pi, \pi): x \neq 0, \pm \frac{\pi}{2}\right\}$. The sum of all distinct solutions of the equation $\sqrt{3} \sec x+\operatorname{cosec} x+2(\tan x-\cot x)=0$ in the set $S$ is equal to",0.2,yes,20260331_1815,deepseek-ai/DeepSeek-R1-Distill-Qwen-7B,2026-03-31T19:28:25.405043,"Okay, so I have this problem here where I need to find the sum of all distinct solutions to an equation involving secant and cosecant functions within a specific interval S. Let me try to break it down step by step.

First, let's write out what we're given:

The function is √3 sec x + cosec x + 2(tan x - cot x) = 0.

And the domain S is defined as (-π, π), excluding points where x is 0 or ±π/2 because at those points, some trigonometric functions might not be defined or could cause issues like division by zero.

So my goal is to solve for x in S such that the above equation holds true, then add up all these solutions and see which answer choice matches.

Hmm... Okay, starting with rewriting everything in terms of sine and cosine since sometimes expressing them differently can make things clearer.

We know:
- sec x = 1/cos x,
- cosec x = 1/sin x,
- tan x = sin x / cos x,
- cot x = cos x / sin x.

Substituting these into our original equation gives us:

√3 * (1/cos x) + (1/sin x) + 2*(sin x / cos x - cos x / sin x) = 0.

That looks complicated, but maybe if I combine terms over common denominators, it will simplify.

Looking term by term:

1. First term: √3 / cos x.
2. Second term: 1 / sin x.
3. Third term: 2 times [sin x / cos x minus cos x / sin x].

Maybe expanding the third term would help?

Yes, let's do that:

Third term becomes: 2*sin x / cos x - 2*cos x / sin x.

Now putting all together:

√3 / cos x + 1 / sin x + 2 sin x / cos x - 2 cos x / sin x = 0.

Combine similar terms:

Terms with 1/cos x are √3 / cos x and 2 sin x / cos x.

Similarly, terms with 1/sin x are 1 / sin x and -2 cos x / sin x.

Therefore,

(√3 + 2 sin x)/cos x + (1 - 2 cos x)/sin x = 0.

Hmm, okay, now perhaps factorizing further? Or cross-multiplying to eliminate denominators.

But before doing anything too drastic, another thought: Maybe express everything in terms of sin x and cos x without fractions—so multiply both sides by something to get rid of denominators.

What’s the least common","Okay, so I have this problem here where I need to find the sum of all distinct solutions to an equation involving secant and cosecant functions within a specific interval S. Let me try to break it down step by step.

First, let's write out what we're given:

The function is √3 sec x + cosec x + 2(tan x - cot x) = 0.

And the domain S is defined as (-π, π), excluding points where x is 0 or ±π/2 because at those points, some trigonometric functions might not be defined or could cause issues like division by zero.

So my goal is to solve for x in S such that the above equation holds true, then add up all these solutions and see which answer choice matches.

Hmm... Okay, starting with rewriting everything in terms of sine and cosine since sometimes expressing them differently can make things clearer.

We know:
- sec x = 1/cos x,
- cosec x = 1/sin x,
- tan x = sin x / cos x,
- cot x = cos x / sin x.

Substituting these into our original equation gives us:

√3 * (1/cos x) + (1/sin x) + 2*(si",,False,439.92,False,11131,11131,True,True,False,trigonometry
2,JEE Adv 2016 Paper 1,MCQ,C,"Let $S=\left\{x \in(-\pi, \pi): x \neq 0, \pm \frac{\pi}{2}\right\}$. The sum of all distinct solutions of the equation $\sqrt{3} \sec x+\operatorname{cosec} x+2(\tan x-\cot x)=0$ in the set $S$ is equal to",0.3,yes,20260331_1815,deepseek-ai/DeepSeek-R1-Distill-Qwen-7B,2026-03-31T19:35:45.488386,"Okay, so I have this problem here where I need to find the sum of all distinct solutions to an equation involving trigonometric functions within a specific interval S. Let me try to break it down step by step.

First, let's write out what we're given:

The function is defined as:
\[ S = \left\{ x \in (-\pi, \pi) : x \neq 0, \pm \frac{\pi}{2} \right\} \]
So, essentially, we are looking for solutions to our equation that lie between -π and π, excluding 0 and ±π/2 because at those points some trigonometric functions might not be defined or behave differently.

Our main equation is:
\[ \sqrt{3} \sec x + \csc x + 2 (\tan x - \cot x) = 0 \]

Hmm, okay. So first thoughts: maybe express everything in terms of sine and cosine? That often helps with these equations since secant, cosecant, tangent, and cotangent can all be expressed using sin and cos.

Let me rewrite each term:

- \( \sec x = 1/\cos x \)
- \( \csc x = 1/\sin x \)
- \( \tan x = \sin x / \cos x \)
- \( \cot x = \cos x / \sin x \)

Substituting these into the original equation gives us:
\[ \sqrt{3}/\cos x + 1/\sin x + 2 \left( \frac{\sin x}{\cos x} - \frac{\cos x}{\sin x} \right ) = 0 \]

Alright, now let's simplify this expression piece by piece.

Starting from left to right:

1. \( \sqrt{3}/\cos x \) remains as is.
2. \( 1/\sin x \) also stays the same.
3. Now, expanding the bracketed term:
   - First part: \( 2 * (\sin x / \cos x) = 2 \sin x / \cos x \)
   - Second part: \( 2 * (- \cos x / \sin x) = -2 \cos x / \sin x \)

Putting them together:
\[ \sqrt{3}/\cos x + 1/\sin x + 2 \sin x / \cos x - 2 \cos x / \sin x = 0 \]

Now, perhaps group like terms?

Looking at denominators:

Terms with denominator \( \cos x \):
\( \sqrt{3}/\cos x + 2 \sin x / \cos x = [\sqrt{3} + 2 \sin x] / \cos x \)

Similarly, terms with denominator \( \sin x \):
\( 1/\sin x - 2 \cos x / \sin x = [1 - 2 \cos x]/\sin x \)

Therefore, combining both groups:
\[ \frac{\sqrt{3} + 2 \sin x}{\cos x} + \frac{1 - 2 \cos x}{\sin x} = 0 \]

To comb","Okay, so I have this problem here where I need to find the sum of all distinct solutions to an equation involving trigonometric functions within a specific interval S. Let me try to break it down step by step.

First, let's write out what we're given:

The function is defined as:
\[ S = \left\{ x \in (-\pi, \pi) : x \neq 0, \pm \frac{\pi}{2} \right\} \]
So, essentially, we are looking for solutions to our equation that lie between -π and π, excluding 0 and ±π/2 because at those points some trigonometric functions might not be defined or behave differently.

Our main equation is:
\[ \sqrt{3} \sec x + \csc x + 2 (\tan x - \cot x) = 0 \]

Hmm, okay. So first thoughts: maybe express everything in terms of sine and cosine? That often helps with these equations since secant, cosecant, tangent, and cotangent can all be expressed using sin and cos.

Let me rewrite each term:

- \( \sec x = 1/\cos x \)
- \( \csc x = 1/\sin x \)
- \( \tan x = \sin x / \cos x \)
- \( \cot x = \cos x / \sin x \)

",,False,440.05,False,11332,11332,True,True,False,trigonometry
2,JEE Adv 2016 Paper 1,MCQ,C,"Let $S=\left\{x \in(-\pi, \pi): x \neq 0, \pm \frac{\pi}{2}\right\}$. The sum of all distinct solutions of the equation $\sqrt{3} \sec x+\operatorname{cosec} x+2(\tan x-\cot x)=0$ in the set $S$ is equal to",0.4,yes,20260331_1815,deepseek-ai/DeepSeek-R1-Distill-Qwen-7B,2026-03-31T19:41:59.913076,"Okay, so I have this problem here where I need to find the sum of all distinct solutions to an equation involving trigonometric functions within a specific interval S. Let me try to break it down step by step.

First, let's understand what the given equation is:

√3 sec x + cosec x + 2(tan x - cot x) = 0

And we're looking for solutions in the set S, which is defined as {x ∈ (-π, π) : x ≠ 0, ±π/2}. So basically, any real number between -π and π except 0, π/2, and -π/2 because at those points some trigonometric functions might not be defined or cause issues.

Alright, now let's rewrite the equation using more familiar terms. Remember that:
- sec x = 1/cos x,
- cosec x = 1/sin x,
- tan x = sin x / cos x,
- cot x = cos x / sin x.

So substituting these into the original equation gives us:

√3 * (1/cos x) + (1/sin x) + 2*(sin x / cos x - cos x / sin x) = 0

Hmm, okay, maybe simplifying each term will help. Let's write out each part separately.

Starting with √3 sec x: That’s just √3 divided by cos x.
Then cosec x is 1 over sin x.
The next part is 2 times (tan x minus cot x). Let's compute that expression first before multiplying by 2.

Compute tan x - cot x:
= (sin x / cos x) - (cos x / sin x)
To combine them, they'll need a common denominator, which would be sin x cos x.

So,

= [sin^2 x - cos^2 x] / (sin x cos x)

Therefore, when multiplied by 2, it becomes:

2*[sin^2 x - cos^2 x]/(sin x cos x)

Putting everything back together, our entire equation becomes:

√3/(cos x) + 1/(sin x) + 2*(sin²x - cos²x)/(sin x cos x) = 0

Now, perhaps if I can get rid of denominators by finding a common one? Maybe multiply both sides by something?

Looking at the denominators: We have cos x, sin x, and sin x cos x. So if we multiply every term by sin x cos x, that should eliminate the fractions.

Multiplying through:

√3/(cos x)*sin x cos x + 1/(sin x)*sin x cos x + 2*(sin²x - cos²x)/(sin x cos x)*sin x cos x = 0* sin x cos x

Simplify each term:

First term: √3 * sin x
Second term: cos ","Okay, so I have this problem here where I need to find the sum of all distinct solutions to an equation involving trigonometric functions within a specific interval S. Let me try to break it down step by step.

First, let's understand what the given equation is:

√3 sec x + cosec x + 2(tan x - cot x) = 0

And we're looking for solutions in the set S, which is defined as {x ∈ (-π, π) : x ≠ 0, ±π/2}. So basically, any real number between -π and π except 0, π/2, and -π/2 because at those points some trigonometric functions might not be defined or cause issues.

Alright, now let's rewrite the equation using more familiar terms. Remember that:
- sec x = 1/cos x,
- cosec x = 1/sin x,
- tan x = sin x / cos x,
- cot x = cos x / sin x.

So substituting these into the original equation gives us:

√3 * (1/cos x) + (1/sin x) + 2*(sin x / cos x - cos x / sin x) = 0

Hmm, okay, maybe simplifying each term will help. Let's write out each part separately.

Starting with √3 sec x: That’s just √3 divide",C,True,374.4,True,9138,10516,True,True,False,permutation
2,JEE Adv 2016 Paper 1,MCQ,C,"Let $S=\left\{x \in(-\pi, \pi): x \neq 0, \pm \frac{\pi}{2}\right\}$. The sum of all distinct solutions of the equation $\sqrt{3} \sec x+\operatorname{cosec} x+2(\tan x-\cot x)=0$ in the set $S$ is equal to",0.5,yes,20260331_1815,deepseek-ai/DeepSeek-R1-Distill-Qwen-7B,2026-03-31T19:49:19.428309,"Okay, so I have this trigonometric equation to solve: √3 sec x + cosec x + 2(tan x - cot x) = 0, and I need to find the sum of all distinct solutions within the set S, which excludes certain points like 0, ±π/2 from (-π, π). Hmm.

First off, let me rewrite everything using sine and cosine because sometimes that makes it easier for me to handle these functions together. So:

√3 sec x becomes √3 / cos x,
cosec x is 1 / sin x,
tan x is sin x / cos x,
and cot x is cos x / sin x.

So substituting back into the equation:
√3 / cos x + 1 / sin x + 2*(sin x / cos x - cos x / sin x) = 0.

Alright, now maybe I can combine terms or factor something out here. Let's see if we can express everything over a common denominator? That might help simplify things.

Looking at each term:
- First term: √3 / cos x.
- Second term: 1 / sin x.
- Third term: 2*sin x / cos x minus 2*cos x / sin x.

Hmm, perhaps grouping similar denominators would work better. For example, group the first and third parts involving 1/cos x.

Wait, actually, another approach could be multiplying both sides by sin x * cos x to eliminate the denominators altogether since those are the least common multiples of their respective denominators.

Yes, that sounds promising. So multiply every term by sin x cos x:

√3 * sin x + cos x + 2*(sin^2 x - cos^2 x) = 0.

Wow, okay! That seems manageable. Let me write that down more clearly:

√3 sin x + cos x + 2(sin²x - cos²x) = 0.

Now, note that sin²x - cos²x is equal to -(cos 2x), right? Because cos 2x = cos²x - sin²x, so sin²x - cos²x = -cos 2x.

But not sure yet how useful that will be... Alternatively, maybe expand further?

Alternatively, think about expressing the left-hand side as some multiple angles formula or identity. Let's look at the expression again:

√3 sin x + cos x + 2(sin²x - cos²x).

I notice that √3 sin x + cos x looks familiar—it resembles the form A sin x + B cos x, which can be written as C sin(x + φ) or C cos(x - θ). Maybe converting this part to a single","Okay, so I have this trigonometric equation to solve: √3 sec x + cosec x + 2(tan x - cot x) = 0, and I need to find the sum of all distinct solutions within the set S, which excludes certain points like 0, ±π/2 from (-π, π). Hmm.

First off, let me rewrite everything using sine and cosine because sometimes that makes it easier for me to handle these functions together. So:

√3 sec x becomes √3 / cos x,
cosec x is 1 / sin x,
tan x is sin x / cos x,
and cot x is cos x / sin x.

So substituting back into the equation:
√3 / cos x + 1 / sin x + 2*(sin x / cos x - cos x / sin x) = 0.

Alright, now maybe I can combine terms or factor something out here. Let's see if we can express everything over a common denominator? That might help simplify things.

Looking at each term:
- First term: √3 / cos x.
- Second term: 1 / sin x.
- Third term: 2*sin x / cos x minus 2*cos x / sin x.

Hmm, perhaps grouping similar denominators would work better. For example, group the first and third parts involving ",,False,439.49,False,10285,10285,True,True,False,other
3,JEE Adv 2016 Paper 1,MCQ,C,"A computer producing factory has only two plants $T_{1}$ and $T_{2}$. Plant $T_{1}$ produces $20 \%$ and plant $T_{2}$ produces $80 \%$ of the total computers produced. $7 \%$ of computers produced in the factory turn out to be defective. It is known that

$P$ (computer turns out to be defective given that it is produced in plant $T_{1}$ )

$=10 P\left(\right.$ computer turns out to be defective given that it is produced in plant $\left.T_{2}\right)$,

where $P(E)$ denotes the probability of an event $E$. A computer produced in the factory is randomly selected and it does not turn out to be defective. Then the probability that it is produced in plant $T_{2}$ is",0.0,yes,20260331_1815,deepseek-ai/DeepSeek-R1-Distill-Qwen-7B,2026-03-31T19:54:53.448283,"Okay, so I have this problem about a computer factory with two plants, T₁ and T₂. Let me try to break down what's given and figure out how to approach solving it.

First off, the factory makes 20% of its computers at plant T₁ and 80% at plant T₂. So if we think about probabilities, the chance that a random computer comes from T₁ is 0.2, and from T₂ is 0.8. Got that part.

Next, they mention that 7% of all computers produced are defective. Hmm, okay, so overall defect rate is 7%. But then there's more information: the probability that a computer is defective given it was made at T₁ is ten times less than the probability of being defective given it was made at T₂. Wait, let me parse that again because percentages can sometimes trip me up.

It says P(defective | T₁) = 10 * P(defective | T₂). So if I denote P(defective | T₂) as x, then P(defective | T₁) would be 10x? That seems like a big difference—defects are much more likely at T₂ compared to T₁?

But wait, hold on—if T₁ is making fewer computers, even though their defect rate is lower, maybe both factors play into the overall defective percentage. Interesting.

So our goal is to find the probability that a non-defective computer came from T₂. In other words, given that the computer isn't defective, what's the chance it was made at T₂? This sounds like a Bayes' theorem problem where we need to update our probabilities based on new evidence—in this case, knowing whether or not the computer is defective.

Let me recall Bayes' formula:

P(T₂ | not defective) = [P(not defective | T₂) * P(T₂)] / P(not defective)

To compute this, I'll need each component.

We know:
- P(T₁) = 0.2
- P(T₂) = 0.8
- Let’s say P(defective | T₁) = d₁ and P(defective | T₂) = d₂.
  
Given that d₁ = 10*d₂.

Also, since these are probabilities for defects, the probability of not being defective would just be 1 - d for each plant.

Total defective rate is 7%, which means:

d_total = P(defective) = P(defective | T₁)*P(T₁) + P(defective | T₂)*P(T₂)
Whi","Okay, so I have this problem about a computer factory with two plants, T₁ and T₂. Let me try to break down what's given and figure out how to approach solving it.

First off, the factory makes 20% of its computers at plant T₁ and 80% at plant T₂. So if we think about probabilities, the chance that a random computer comes from T₁ is 0.2, and from T₂ is 0.8. Got that part.

Next, they mention that 7% of all computers produced are defective. Hmm, okay, so overall defect rate is 7%. But then there's more information: the probability that a computer is defective given it was made at T₁ is ten times less than the probability of being defective given it was made at T₂. Wait, let me parse that again because percentages can sometimes trip me up.

It says P(defective | T₁) = 10 * P(defective | T₂). So if I denote P(defective | T₂) as x, then P(defective | T₁) would be 10x? That seems like a big difference—defects are much more likely at T₂ compared to T₁?

But wait, hold on—if T₁ is making fewer",C,True,333.75,True,7160,8825,True,None,False,probability
3,JEE Adv 2016 Paper 1,MCQ,C,"A computer producing factory has only two plants $T_{1}$ and $T_{2}$. Plant $T_{1}$ produces $20 \%$ and plant $T_{2}$ produces $80 \%$ of the total computers produced. $7 \%$ of computers produced in the factory turn out to be defective. It is known that

$P$ (computer turns out to be defective given that it is produced in plant $T_{1}$ )

$=10 P\left(\right.$ computer turns out to be defective given that it is produced in plant $\left.T_{2}\right)$,

where $P(E)$ denotes the probability of an event $E$. A computer produced in the factory is randomly selected and it does not turn out to be defective. Then the probability that it is produced in plant $T_{2}$ is",0.1,yes,20260331_1815,deepseek-ai/DeepSeek-R1-Distill-Qwen-7B,2026-03-31T19:59:49.511463,"Okay, so I have this problem about a computer factory with two plants, T₁ and T₂. Let me try to break down what's given and figure out how to approach solving it.

First off, the factory makes 20% of its computers at plant T₁ and 80% at plant T₂. So right away, if we pick a random computer from the factory, there's a higher chance it came from T₂ than T₁ because 80% vs. 20%. That might come into play later when calculating probabilities.

Next, it says that 7% of all computers produced are defective. Hmm, okay, so overall defect rate is 7%, which means non-defective would be 93%. But then they give more specific information: the probability that a computer is defective given it was made at T₁ is equal to some multiple compared to being defective at T₂. Specifically, P(defective | T₁) = 10 * P(defective | T₂). 

Let me denote:
- P(T₁): Probability that a computer comes from T₁, which is 20% or 0.2.
- Similarly, P(T₂) = 0.8.
- Let’s let p = P(defective | T₂), so according to the problem, P(defective | T₁) = 10p.

We know that the total defective rate is 7%, so using the law of total probability:

Total defective = P(T₁)*P(defective|T₁) + P(T₂)*P(defective|T₂)
Which translates to:
0.2*10p + 0.8*p = 0.07

Calculating that:
(2)p + 0.8p = 0.07  
So, 2p + 0.8p = 2.8p? Wait, no—hold on, wait, 0.2 times 10p is actually 2p, since 0.2*10 is 2. And 0.8*p remains as 0.8p. Adding those together gives us 2p + 0.8p = 2.8p. Okay, yeah, that seems right.

And that equals 0.07, so 2.8p = 0.07 => p = 0.07 / 2.8. Calculating that... 0.07 divided by 2.8. Well, 2.8 goes into 0.07 how many times?

Wait, maybe better written as fractions. 0.07 is 7/100, and 2.8 is 28/10. So dividing them: (7/100)/(28/10)= (7/100)*(10/28)= (70)/2800= simplifying numerator and denominator both divide by 70: 1/40. So p = 1/40.

Therefore, P(defective | T₂) = 1/40, and P(defective | T₁) = 10*(1/40) = 1/4.

Alright, now moving forward. The question asks for the probability that a randomly selected computer that ","Okay, so I have this problem about a computer factory with two plants, T₁ and T₂. Let me try to break down what's given and figure out how to approach solving it.

First off, the factory makes 20% of its computers at plant T₁ and 80% at plant T₂. So right away, if we pick a random computer from the factory, there's a higher chance it came from T₂ than T₁ because 80% vs. 20%. That might come into play later when calculating probabilities.

Next, it says that 7% of all computers produced are defective. Hmm, okay, so overall defect rate is 7%, which means non-defective would be 93%. But then they give more specific information: the probability that a computer is defective given it was made at T₁ is equal to some multiple compared to being defective at T₂. Specifically, P(defective | T₁) = 10 * P(defective | T₂). 

Let me denote:
- P(T₁): Probability that a computer comes from T₁, which is 20% or 0.2.
- Similarly, P(T₂) = 0.8.
- Let’s let p = P(defective | T₂), so according to the problem,",C,True,296.04,True,6117,7751,True,None,False,probability
3,JEE Adv 2016 Paper 1,MCQ,C,"A computer producing factory has only two plants $T_{1}$ and $T_{2}$. Plant $T_{1}$ produces $20 \%$ and plant $T_{2}$ produces $80 \%$ of the total computers produced. $7 \%$ of computers produced in the factory turn out to be defective. It is known that

$P$ (computer turns out to be defective given that it is produced in plant $T_{1}$ )

$=10 P\left(\right.$ computer turns out to be defective given that it is produced in plant $\left.T_{2}\right)$,

where $P(E)$ denotes the probability of an event $E$. A computer produced in the factory is randomly selected and it does not turn out to be defective. Then the probability that it is produced in plant $T_{2}$ is",0.2,yes,20260331_1815,deepseek-ai/DeepSeek-R1-Distill-Qwen-7B,2026-03-31T20:05:42.633838,"Okay, so I have this problem about a computer factory with two plants, T₁ and T₂. Let me try to understand what's being asked here.

Firstly, the factory makes 20% of its computers at plant T₁ and 80% at plant T₂. That means if we pick a random computer from the factory, there's a higher chance it came from T₂ than T₁. Got that part down.

Next, they mention that 7% of all computers produced are defective. So overall, the defect rate is pretty low—only 7%. Now, the tricky part comes when comparing the probabilities of a computer being defective based on which plant it was made in.

The question says: P(defective | T₁) = 10 * P(defective | T₂). Hmm, okay. So whatever the defect probability is for T₂, let’s call that x, then for T₁ it would be 10x because it's ten times as likely per the equation above? Wait, actually no—if you think about it, since P(T₁) is smaller, maybe having more defective ones doesn't make sense unless... Actually, wait, hold on—the percentage isn't necessarily directly proportional to the number of defective items; rather, each plant contributes proportionally according to their production rates multiplied by their respective defect rates.

So perhaps I need to set up some variables:

Let’s denote:
- P(T₁) = 0.20
- P(T₂) = 0.80
- Let’s say P(defective | T₁) = p
- Therefore, P(defective | T₂) = p / 10, right?

Because the problem states that P(defective | T₁) is equal to 10 times P(defective | T₂).

Wait, yes! The wording is ""P(computer turns out to be defective given that it is produced in plant T₁) equals 10 times P(computer turns out to be defective given that it is produced in plant T₂)."" So mathematically, that translates to:

p_T1 = 10 * p_T2

Which implies p_T2 = p_T1 / 10.

But also, the overall defective rate is 7%, meaning that:

Total defective = P(T₁)*p_T1 + P(T₂)*p_T2 = 0.2*p_T1 + 0.8*(p_T1/10)

And that should equal 0.07.

So setting up the equation:

0.2*p_T1 + 0.8*(p_T1)/10 = 0.07

Simplify this expression:

Compute 0.8 divided b","Okay, so I have this problem about a computer factory with two plants, T₁ and T₂. Let me try to understand what's being asked here.

Firstly, the factory makes 20% of its computers at plant T₁ and 80% at plant T₂. That means if we pick a random computer from the factory, there's a higher chance it came from T₂ than T₁. Got that part down.

Next, they mention that 7% of all computers produced are defective. So overall, the defect rate is pretty low—only 7%. Now, the tricky part comes when comparing the probabilities of a computer being defective based on which plant it was made in.

The question says: P(defective | T₁) = 10 * P(defective | T₂). Hmm, okay. So whatever the defect probability is for T₂, let’s call that x, then for T₁ it would be 10x because it's ten times as likely per the equation above? Wait, actually no—if you think about it, since P(T₁) is smaller, maybe having more defective ones doesn't make sense unless... Actually, wait, hold on—the percentage isn't necessarily dir",C,True,353.09,True,8010,9646,True,None,False,probability
3,JEE Adv 2016 Paper 1,MCQ,C,"A computer producing factory has only two plants $T_{1}$ and $T_{2}$. Plant $T_{1}$ produces $20 \%$ and plant $T_{2}$ produces $80 \%$ of the total computers produced. $7 \%$ of computers produced in the factory turn out to be defective. It is known that

$P$ (computer turns out to be defective given that it is produced in plant $T_{1}$ )

$=10 P\left(\right.$ computer turns out to be defective given that it is produced in plant $\left.T_{2}\right)$,

where $P(E)$ denotes the probability of an event $E$. A computer produced in the factory is randomly selected and it does not turn out to be defective. Then the probability that it is produced in plant $T_{2}$ is",0.3,yes,20260331_1815,deepseek-ai/DeepSeek-R1-Distill-Qwen-7B,2026-03-31T20:13:06.644060,"Okay, so I have this problem about a computer factory with two plants, T₁ and T₂. Let me try to break down what's given and figure out how to approach solving it.

First off, the factory makes 20% of its computers at plant T₁ and 80% at plant T₂. So if we think about probabilities, the chance that a computer comes from T₁ is 0.2, and from T₂ is 0.8. Got that part.

Next, they mention that 7% of all computers produced are defective. Hmm, okay, so overall defect rate is 7%. That means when you pick any random computer, there's a 7% chance it's defective. But then they give more specific information: the probability that a computer is defective given it came from T₁ is ten times less than the probability it's defective given it came from T₂. Wait, let me parse that again because percentages can sometimes trip me up.

It says:
P(computer is defective | produced in T₁) = 10 × P(computer is defective | produced in T₂)

So mathematically, if I denote D as ""defective"" and T_i for each plant, then:

P(D|T₁) = 10 × P(D|T₂)

But also, since these are conditional probabilities related to the same events, maybe using Bayes' theorem will come into play here? Because later on, we need to find the probability that a non-defective computer was made in T₂. So essentially, we're dealing with posterior probabilities based on prior production rates and likelihoods of defects.

Let me assign some variables to make things clearer.

Let’s define:

- P(T₁): Probability a computer is from T₁ = 0.2
- P(T₂): Probability a computer is from T₂ = 0.8
- P(D|T₁): Probability defective given T₁
- P(D|T₂): Probability defective given T₂

We know that P(D|T₁) = 10 × P(D|T₂). Let me call P(D|T₂) = x. Therefore, P(D|T₁) = 10x.

Also, the total defective rate is 7%, which would mean:

Total P(D) = P(D|T₁)*P(T₁) + P(D|T₂)*P(T₂)
Which translates to:

0.07 = (10x)(0.2) + (x)(0.8)

Wait, hold on—let me check that equation. The law of total probability states that:

P(D) = P(D|T₁) * P(T₁) + P(D|T₂) * P(T₂)

Y","Okay, so I have this problem about a computer factory with two plants, T₁ and T₂. Let me try to break down what's given and figure out how to approach solving it.

First off, the factory makes 20% of its computers at plant T₁ and 80% at plant T₂. So if we think about probabilities, the chance that a computer comes from T₁ is 0.2, and from T₂ is 0.8. Got that part.

Next, they mention that 7% of all computers produced are defective. Hmm, okay, so overall defect rate is 7%. That means when you pick any random computer, there's a 7% chance it's defective. But then they give more specific information: the probability that a computer is defective given it came from T₁ is ten times less than the probability it's defective given it came from T₂. Wait, let me parse that again because percentages can sometimes trip me up.

It says:
P(computer is defective | produced in T₁) = 10 × P(computer is defective | produced in T₂)

So mathematically, if I denote D as ""defective"" and T_i for each plant, t",C,True,443.98,True,9934,11225,True,None,False,probability
3,JEE Adv 2016 Paper 1,MCQ,C,"A computer producing factory has only two plants $T_{1}$ and $T_{2}$. Plant $T_{1}$ produces $20 \%$ and plant $T_{2}$ produces $80 \%$ of the total computers produced. $7 \%$ of computers produced in the factory turn out to be defective. It is known that

$P$ (computer turns out to be defective given that it is produced in plant $T_{1}$ )

$=10 P\left(\right.$ computer turns out to be defective given that it is produced in plant $\left.T_{2}\right)$,

where $P(E)$ denotes the probability of an event $E$. A computer produced in the factory is randomly selected and it does not turn out to be defective. Then the probability that it is produced in plant $T_{2}$ is",0.4,yes,20260331_1815,deepseek-ai/DeepSeek-R1-Distill-Qwen-7B,2026-03-31T20:18:35.606720,"Okay, so I have this problem about a computer factory with two plants, T₁ and T₂. Let me try to break down what's given and figure out how to approach solving it.

First off, the factory uses these two plants: T₁ makes 20% of all computers, and T₂ makes up the remaining 80%. So if there are N computers made, then 0.2N come from T₁ and 0.8N from T₂. Got that part.

Next, we're told that 7% of all computers produced in the factory are defective. Hmm, okay. That means overall defect rate is 7%, which combines both plants' contributions because each plant might produce different rates of defects.

But here’s where it gets interesting: The conditional probabilities related to being defective depend on the plant. Specifically, P(defective | T₁) = 10 * P(defective | T₂). So let me denote p as the probability that a computer from T₂ is defective. Then, according to the problem, the probability for T₁ would be 10p since it's ten times higher than that of T₂.

So now, our goal is to find the probability that a non-defective computer was produced at T₂. In other words, given that a computer isn't defective, what's the chance it came from T₂? This sounds like a Bayes' theorem problem.

Bayes’ theorem formula is:

\[ P(T_2 | \text{not defective}) = \frac{P(\text{not defective} | T_2) P(T_2)}{P(\text{not defective})} \]

To use this, I need to compute three things:
1. \( P(\text{not defective} | T_2) \): Probability a computer doesn’t fail given it comes from T₂.
2. \( P(T_2) \): Prior probability of coming from T₂, which is just 80% or 0.8.
3. \( P(\text{not defective}) \): Overall probability of selecting a non-defective computer anywhere.

Let me tackle them one by one.

Starting with point 1: Since the defective rate for T₂ is p, then the non-defective rate is 1 - p. Similarly, for T₁, the defective rate is 10p, so non-defective is 1 - 10p.

Point 2 is straightforward; \( P(T_2) = 0.8 \).

Now onto point 3: Calculating \( P(\text{not defective}) \). To do this, I can consider","Okay, so I have this problem about a computer factory with two plants, T₁ and T₂. Let me try to break down what's given and figure out how to approach solving it.

First off, the factory uses these two plants: T₁ makes 20% of all computers, and T₂ makes up the remaining 80%. So if there are N computers made, then 0.2N come from T₁ and 0.8N from T₂. Got that part.

Next, we're told that 7% of all computers produced in the factory are defective. Hmm, okay. That means overall defect rate is 7%, which combines both plants' contributions because each plant might produce different rates of defects.

But here’s where it gets interesting: The conditional probabilities related to being defective depend on the plant. Specifically, P(defective | T₁) = 10 * P(defective | T₂). So let me denote p as the probability that a computer from T₂ is defective. Then, according to the problem, the probability for T₁ would be 10p since it's ten times higher than that of T₂.

So now, our goal is to find the pro",C,True,328.93,True,8622,9840,True,None,False,probability
3,JEE Adv 2016 Paper 1,MCQ,C,"A computer producing factory has only two plants $T_{1}$ and $T_{2}$. Plant $T_{1}$ produces $20 \%$ and plant $T_{2}$ produces $80 \%$ of the total computers produced. $7 \%$ of computers produced in the factory turn out to be defective. It is known that

$P$ (computer turns out to be defective given that it is produced in plant $T_{1}$ )

$=10 P\left(\right.$ computer turns out to be defective given that it is produced in plant $\left.T_{2}\right)$,

where $P(E)$ denotes the probability of an event $E$. A computer produced in the factory is randomly selected and it does not turn out to be defective. Then the probability that it is produced in plant $T_{2}$ is",0.5,yes,20260331_1815,deepseek-ai/DeepSeek-R1-Distill-Qwen-7B,2026-03-31T20:26:01.174692,"Alright, so I've got this problem here about a computer factory with two plants, T₁ and T₂. Let me try to break it down piece by piece.

First off, the factory makes 20% of its computers at plant T₁ and 80% at plant T₂. So if we think of the entire production as 100%, then T₁ contributes 20% and T₂ contributes 80%. Got that part.

Next, they mention that 7% of all computers produced are defective. Hmm, okay. That's our overall defect rate—7%.

Now, there's also some conditional probabilities involved: P(defective | T₁) = 10 × P(defective | T₂). Wait, let me parse that again. The probability that a computer is defective given it was made at T₁ is ten times the probability that one from T₂ is defective? Interesting ratio there.

So, let me assign variables to make sense of this. Let’s denote:

- P(T₁): Probability that a computer comes from T₁, which is 20% or 0.2.
- P(T₂): Similarly, that would be 0.8 since it's the remaining percentage.
  
Let’s say:
- p = P(defective | T₁)
- q = P(defective | T₂)

Given in the problem statement, p = 10q. So, if I can find either p or q, I can get both because their relationship is defined like that.

Also, the overall defective rate is 7%, right? Which means:
Total defective = P(defective | T₁)*P(T₁) + P(defective | T₂)*P(T₂).

In formula terms, that should be:
p * 0.2 + q * 0.8 = 0.07.

But since p = 10q, maybe substitute that into the equation?

Yes! Let me do that substitution.

Replace p with 10q in the above equation:
10q * 0.2 + q * 0.8 = 0.07.

Calculating each term:
10q*0.2 = 2q,
and q*0.8 remains 0.8q.

Adding them together gives us 2q + 0.8q = 2.8q.

And according to the equation, this equals 0.07.

Therefore, 2.8q = 0.07 => q = 0.07 / 2.8.

Hmm, calculating that... Well, 0.07 divided by 2.8. Let me see, perhaps express both numbers without decimals for easier calculation.

Multiply numerator and denominator by 100: 7/280.

Simplify 7 over 280; well, 7 goes into 280 exactly 40 times because 7×40=280. Therefore, 7/280 simp","Alright, so I've got this problem here about a computer factory with two plants, T₁ and T₂. Let me try to break it down piece by piece.

First off, the factory makes 20% of its computers at plant T₁ and 80% at plant T₂. So if we think of the entire production as 100%, then T₁ contributes 20% and T₂ contributes 80%. Got that part.

Next, they mention that 7% of all computers produced are defective. Hmm, okay. That's our overall defect rate—7%.

Now, there's also some conditional probabilities involved: P(defective | T₁) = 10 × P(defective | T₂). Wait, let me parse that again. The probability that a computer is defective given it was made at T₁ is ten times the probability that one from T₂ is defective? Interesting ratio there.

So, let me assign variables to make sense of this. Let’s denote:

- P(T₁): Probability that a computer comes from T₁, which is 20% or 0.2.
- P(T₂): Similarly, that would be 0.8 since it's the remaining percentage.
  
Let’s say:
- p = P(defective | T₁)
- q = P(def",,False,445.54,False,10099,10752,True,None,False,probability
4,JEE Adv 2016 Paper 1,MCQ,C,"The least value of $\alpha \in \mathbb{R}$ for which $4 \alpha x^{2}+\frac{1}{x} \geq 1$, for all $x>0$, is",0.0,yes,20260331_1815,deepseek-ai/DeepSeek-R1-Distill-Qwen-7B,2026-03-31T20:30:23.531818,"Okay, so I have this problem here: Find the least real number α such that \(4αx² + \frac{1}{x} ≥ 1\) for all \(x > 0\). The options are given as fractions like 1/64, 1/32, etc., and I need to figure out which one it is.

Hmm, let me think about how to approach this. It seems like an inequality involving a quadratic term in x squared and another term with 1 over x. Since we're dealing with inequalities for all positive x, maybe calculus could help? Specifically, finding the minimum of the function on the left side because if the minimum is greater than or equal to 1, then the entire expression will satisfy the condition for all x > 0.

So, let's define the function:

\(f(x) = 4αx² + \frac{1}{x}\)

We want f(x) ≥ 1 for all x > 0. To find the minimal α where this holds, perhaps I should find the critical points of f(x), determine its minimum value, set that minimum equal to 1, and solve for α.

Alright, first step: take the derivative of f(x) with respect to x.

Calculating f'(x):

\(f'(x) = d/dx [4αx²] + d/dx [\frac{1}{x}] = 8αx - \frac{1}{x²}\)

To find critical points, set f'(x) = 0:

\(8αx - \frac{1}{x²} = 0\)

Let's solve for x:

Multiply both sides by x² to eliminate denominators:

\(8αx³ - 1 = 0\)

Which simplifies to:

\(8αx³ = 1\)

Therefore,

\(x³ = \frac{1}{8α}\)

Taking cube roots:

\(x = \left(\frac{1}{8α}\right)^{1/3}\)

Simplify that exponent:

Since 8 is 2^3, so 8^(1/3)=2; similarly, α^(−1/3).

Thus,

\(x = \frac{1}{2α^{1/3}}\)

Wait, hold on—let me check my algebra there again. If you have 8αx³=1, solving for x gives x=(1/(8α))^{1/3}, right?

Yes, exactly. So, x equals (1 divided by 8 times alpha) raised to the power of 1/3.

Now, once I've found this critical point, I can plug it back into f(x) to get the minimum value since the function tends to infinity as x approaches 0 from the right and also as x approaches infinity. Therefore, any local minima must actually be global minima.

Compute f at x = (1/(8α))^{1/3}

First, compute each part separately.
","Okay, so I have this problem here: Find the least real number α such that \(4αx² + \frac{1}{x} ≥ 1\) for all \(x > 0\). The options are given as fractions like 1/64, 1/32, etc., and I need to figure out which one it is.

Hmm, let me think about how to approach this. It seems like an inequality involving a quadratic term in x squared and another term with 1 over x. Since we're dealing with inequalities for all positive x, maybe calculus could help? Specifically, finding the minimum of the function on the left side because if the minimum is greater than or equal to 1, then the entire expression will satisfy the condition for all x > 0.

So, let's define the function:

\(f(x) = 4αx² + \frac{1}{x}\)

We want f(x) ≥ 1 for all x > 0. To find the minimal α where this holds, perhaps I should find the critical points of f(x), determine its minimum value, set that minimum equal to 1, and solve for α.

Alright, first step: take the derivative of f(x) with respect to x.

Calculating f'(x):

\(f'(x",C,True,262.09,True,5066,6874,True,True,False,differentiation
4,JEE Adv 2016 Paper 1,MCQ,C,"The least value of $\alpha \in \mathbb{R}$ for which $4 \alpha x^{2}+\frac{1}{x} \geq 1$, for all $x>0$, is",0.1,yes,20260331_1815,deepseek-ai/DeepSeek-R1-Distill-Qwen-7B,2026-03-31T20:33:31.217037,"Okay, so I have this problem here: Find the least real number α such that \(4αx² + \frac{1}{x} ≥ 1\) for all \(x > 0\). The options are given as fractions like 1/64, 1/32, etc., and I need to figure out which one it is.

Hmm, let's see... So we're dealing with an inequality involving a quadratic term in x squared and another term that's reciprocal to x. Since both terms involve x raised to some power, maybe calculus can help find the minimum or maximum points?

Wait, actually, since the inequality has to hold for all positive x, perhaps I should consider finding the minimal value of the left-hand side expression over all x > 0 and set that equal to 1? That way, if the smallest possible value of \(4αx² + \frac{1}{x}\) is at least 1, then the inequality holds everywhere else too.

So, how do I find the minimum of \(f(x) = 4αx² + \frac{1}{x}\)? Calculus seems appropriate here because derivatives will tell me where functions reach their extrema—minima or maxima.

Let me compute f'(x), the derivative of f with respect to x:

\(f'(x) = d/dx [4αx²] + d/dx [\frac{1}{x}] = 8αx - \frac{1}{x²}\).

To find critical points, set f'(x) = 0:

\(8αx - \frac{1}{x²} = 0\)

Multiply both sides by x² to eliminate denominators:

\(8αx³ - 1 = 0\)

Solving for x gives:

\(8αx³ = 1 ⇒ x³ = \frac{1}{8α} ⇒ x = \left(\frac{1}{8α}\right)^{1/3}\).

Alright, so the function f(x) has a critical point at x equals cube root of (1/(8α)). Now, I need to check whether this critical point corresponds to a minimum or maximum. For that, I'll look at the second derivative test.

Compute the second derivative f''(x):

First, from f'(x)=8αx−1/x²,

so f''(x)=d/dx[8αx − 1/x²]=8α + 2/x³.

Since x > 0, 2/x³ is always positive, right? And assuming α is positive—which makes sense because otherwise, if α were negative, the first term would go to minus infinity as x increases, making the whole expression potentially less than 1 somewhere. But wait, no—the question says ""least value"" of alpha, implying possibly any re","Okay, so I have this problem here: Find the least real number α such that \(4αx² + \frac{1}{x} ≥ 1\) for all \(x > 0\). The options are given as fractions like 1/64, 1/32, etc., and I need to figure out which one it is.

Hmm, let's see... So we're dealing with an inequality involving a quadratic term in x squared and another term that's reciprocal to x. Since both terms involve x raised to some power, maybe calculus can help find the minimum or maximum points?

Wait, actually, since the inequality has to hold for all positive x, perhaps I should consider finding the minimal value of the left-hand side expression over all x > 0 and set that equal to 1? That way, if the smallest possible value of \(4αx² + \frac{1}{x}\) is at least 1, then the inequality holds everywhere else too.

So, how do I find the minimum of \(f(x) = 4αx² + \frac{1}{x}\)? Calculus seems appropriate here because derivatives will tell me where functions reach their extrema—minima or maxima.

Let me compute f'(x), the ",C,True,187.66,True,4244,5840,True,True,False,differentiation
4,JEE Adv 2016 Paper 1,MCQ,C,"The least value of $\alpha \in \mathbb{R}$ for which $4 \alpha x^{2}+\frac{1}{x} \geq 1$, for all $x>0$, is",0.2,yes,20260331_1815,deepseek-ai/DeepSeek-R1-Distill-Qwen-7B,2026-03-31T20:37:22.358859,"Okay, so I have this problem here: I need to find the smallest real number α such that the inequality \(4\alpha x^2 + \frac{1}{x} \geq 1\) holds for all positive real numbers x. The options given are A through D with specific fractions.

Hmm, let me think about how to approach this. It seems like an optimization problem where I want the minimum α that satisfies the condition for every x > 0. Maybe calculus can help because we're dealing with functions and their minima or maxima.

First, maybe I should rewrite the inequality as:

\(4\alpha x^2 + \frac{1}{x} - 1 \geq 0\)

So, if I define a function f(x) = \(4\alpha x^2 + \frac{1}{x}\), then the inequality becomes f(x) ≥ 1 for all x > 0. So essentially, I'm looking for the minimal α such that the minimum value of f(x) across all x > 0 is at least 1.

That makes sense. To ensure that f(x) never goes below 1, its minimum must be exactly 1 when α is minimized. Therefore, perhaps I can set up the equation where the derivative of f(x) equals zero (to find critical points) and solve for both x and α in terms of each other, then substitute back into the original equation to get the required α.

Let's try taking the derivative of f(x):

f'(x) = d/dx [4α x² + 1/x] = 8α x - 1/(x²).

Set this equal to zero to find critical points:

8α x - 1/(x²) = 0  
=> 8α x = 1/(x²)  
Multiply both sides by x²:
8α x³ = 1  
Therefore,
x³ = 1/(8α)
Thus,
x = (1/(8α))^(1/3) = (1)/(2 * cube_root(α))

Wait, hold on—let me make sure my algebra is right there. If 8α x³ = 1, then dividing both sides by 8α gives x³ = 1/(8α). Then taking the cube root would give x = (1/(8α))^(1/3). Which simplifies further since 8 is 2 cubed, so it’s also equivalent to (1/(2³ α))^(1/3) )= 1/(2 * cube_root(α)). Yeah, that looks good.

Now, knowing that x is expressed in terms of α, plug this back into the original function f(x) to compute f(x) at this critical point. Since this will give us either the maximum or minimum depending on whether the second derivative test confi","Okay, so I have this problem here: I need to find the smallest real number α such that the inequality \(4\alpha x^2 + \frac{1}{x} \geq 1\) holds for all positive real numbers x. The options given are A through D with specific fractions.

Hmm, let me think about how to approach this. It seems like an optimization problem where I want the minimum α that satisfies the condition for every x > 0. Maybe calculus can help because we're dealing with functions and their minima or maxima.

First, maybe I should rewrite the inequality as:

\(4\alpha x^2 + \frac{1}{x} - 1 \geq 0\)

So, if I define a function f(x) = \(4\alpha x^2 + \frac{1}{x}\), then the inequality becomes f(x) ≥ 1 for all x > 0. So essentially, I'm looking for the minimal α such that the minimum value of f(x) across all x > 0 is at least 1.

That makes sense. To ensure that f(x) never goes below 1, its minimum must be exactly 1 when α is minimized. Therefore, perhaps I can set up the equation where the derivative of f(x) equals z",C,True,231.11,True,5011,6522,True,True,False,differentiation
4,JEE Adv 2016 Paper 1,MCQ,C,"The least value of $\alpha \in \mathbb{R}$ for which $4 \alpha x^{2}+\frac{1}{x} \geq 1$, for all $x>0$, is",0.3,yes,20260331_1815,deepseek-ai/DeepSeek-R1-Distill-Qwen-7B,2026-03-31T20:41:33.743306,"Okay, so I have this problem here: find the smallest real number α such that \(4αx² + \frac{1}{x}\) is greater than or equal to 1 for all positive x. The options are given as fractions like 1/64, 1/32, etc., so it's multiple choice with four options.

Hmm, let me think about how to approach this. It seems like an inequality involving a function and we need to ensure it’s always above 1 regardless of what positive x we choose. So maybe calculus can help? Because if I consider the function f(x) = 4αx² + 1/x, then finding its minimum might give us some insight into when it's at least 1 everywhere else.

Right, because if the minimum value of f(x) is exactly 1, then for any other x, since it's higher, the condition will hold. That makes sense. So first, I should probably take the derivative of f(x) with respect to x, set it equal to zero, solve for x, and then plug back in to find the minimal value.

Let me write down f(x):

\(f(x) = 4αx^2 + \frac{1}{x}\)

Now, compute the derivative:

\(f'(x) = d/dx [4αx²] + d/dx [1/x]\)
= 8αx - 1/(x²)

Set this equal to zero to find critical points:

8αx - 1/(x²) = 0

So,

8αx = 1/(x²)

Multiply both sides by x²:

8αx³ = 1

Then,

x³ = 1/(8α)

Therefore,

x = (1/(8α))^(1/3) = (1)/(2 * cube root(α))

Wait, actually, more accurately:

If x³ = 1/(8α), then x = (1/(8α))^{1/3}, right?

Yes, okay. Let me note that down.

Once I have the critical point x where the function could attain its minimum, I'll substitute this back into f(x). Then, setting that minimal value equal to 1 would allow solving for α.

So plugging x back into f(x):

First, calculate each term separately.

Compute 4αx²:

We know from earlier that x³ = 1/(8α), so x² = (1/(8α))^{2/3}

Thus,

4αx² = 4α*(1/(8α))^{2/3}

Similarly, compute 1/x:

Since x = (1/(8α))^{1/3}, then 1/x = (8α)^{1/3}

Alright, now putting these together:

f(x) = 4α*(1/(8α))^{2/3} + (8α)^{1/3}

Simplify each part.

Starting with 4α*(1/(8α))^{2/3}:

Note that (1/(8α))^{2/3} equals (1)^{2/3}/(8α)^{2/3} ) =","Okay, so I have this problem here: find the smallest real number α such that \(4αx² + \frac{1}{x}\) is greater than or equal to 1 for all positive x. The options are given as fractions like 1/64, 1/32, etc., so it's multiple choice with four options.

Hmm, let me think about how to approach this. It seems like an inequality involving a function and we need to ensure it’s always above 1 regardless of what positive x we choose. So maybe calculus can help? Because if I consider the function f(x) = 4αx² + 1/x, then finding its minimum might give us some insight into when it's at least 1 everywhere else.

Right, because if the minimum value of f(x) is exactly 1, then for any other x, since it's higher, the condition will hold. That makes sense. So first, I should probably take the derivative of f(x) with respect to x, set it equal to zero, solve for x, and then plug back in to find the minimal value.

Let me write down f(x):

\(f(x) = 4αx^2 + \frac{1}{x}\)

Now, compute the derivative:

\(f",C,True,251.35,True,5333,6843,True,True,False,differentiation
4,JEE Adv 2016 Paper 1,MCQ,C,"The least value of $\alpha \in \mathbb{R}$ for which $4 \alpha x^{2}+\frac{1}{x} \geq 1$, for all $x>0$, is",0.4,yes,20260331_1815,deepseek-ai/DeepSeek-R1-Distill-Qwen-7B,2026-03-31T20:45:16.177080,"Okay, so I need to find the smallest real number α such that the inequality \(4\alpha x^2 + \frac{1}{x} \geq 1\) holds for all positive real numbers x. Hmm, let me think about how to approach this.

First off, since we're dealing with an inequality involving a variable x and looking for the minimal α that satisfies it for all x > 0, maybe calculus would help here. Specifically, finding the minimum or maximum values might give us some insight into what α needs to be.

Let's consider treating the left-hand side as a function in terms of x: 

\(f(x) = 4\alpha x^2 + \frac{1}{x}\)

We want f(x) ≥ 1 for all x > 0. So essentially, the minimum value of f(x) should be at least 1. That makes sense because if even the lowest point on the graph of f(x) is above or equal to 1, then everywhere else will also satisfy that condition.

So, my plan is:

1. Find the critical points of f(x). These are where the derivative f'(x) equals zero.
2. Determine whether these critical points correspond to minima or maxima using the second derivative test or analyzing intervals around them.
3. Once I have the location(s) of any minima, evaluate f(x) there and set up the equation that this minimal value must be greater than or equal to 1.
4. Solve for α from that equation.

Alright, let's compute the first derivative of f(x):

\(f'(x) = d/dx [4αx²] + d/dx [1/x]\)
= \(8αx - \frac{1}{x²}\)

Set this equal to zero to find critical points:

\(8αx - \frac{1}{x²} = 0\)

Multiply both sides by x² to eliminate denominators:

\(8αx³ - 1 = 0\)

Solving for x gives:

\(8αx³ = 1\)
=> \(x³ = \frac{1}{8α}\)
=> \(x = \left( \frac{1}{8α} \right)^{1/3}\)

Hmm, okay, so our critical point occurs at x equal to the cube root of (1/(8α)). Let me write that more neatly:

\(x_c = \left( \frac{1}{8α} \right)^{1/3}\)

Now, before proceeding further, I wonder if this critical point actually corresponds to a minimum. To check, perhaps take the second derivative?

Compute f''(x):

From f'(x) = 8αx - 1/x²,

so f''(x) = 8α + ","Okay, so I need to find the smallest real number α such that the inequality \(4\alpha x^2 + \frac{1}{x} \geq 1\) holds for all positive real numbers x. Hmm, let me think about how to approach this.

First off, since we're dealing with an inequality involving a variable x and looking for the minimal α that satisfies it for all x > 0, maybe calculus would help here. Specifically, finding the minimum or maximum values might give us some insight into what α needs to be.

Let's consider treating the left-hand side as a function in terms of x: 

\(f(x) = 4\alpha x^2 + \frac{1}{x}\)

We want f(x) ≥ 1 for all x > 0. So essentially, the minimum value of f(x) should be at least 1. That makes sense because if even the lowest point on the graph of f(x) is above or equal to 1, then everywhere else will also satisfy that condition.

So, my plan is:

1. Find the critical points of f(x). These are where the derivative f'(x) equals zero.
2. Determine whether these critical points correspond to minima o",C,True,222.4,True,4906,6603,True,True,False,differentiation
4,JEE Adv 2016 Paper 1,MCQ,C,"The least value of $\alpha \in \mathbb{R}$ for which $4 \alpha x^{2}+\frac{1}{x} \geq 1$, for all $x>0$, is",0.5,yes,20260331_1815,deepseek-ai/DeepSeek-R1-Distill-Qwen-7B,2026-03-31T20:49:21.623118,"Okay, so I have this problem here: I need to find the smallest real number α such that the inequality \(4\alpha x^2 + \frac{1}{x} \geq 1\) holds for all positive real numbers x. The options given are fractions like 1/64, 1/32, etc., and I think it's multiple-choice with letters assigned.

First off, since we're dealing with an inequality involving a function of x, maybe calculus can help me figure out when the minimum of the left-hand side expression is just equal to 1? Because if the minimum is at least 1, then the whole expression will always be greater than or equal to 1 for any x > 0.

So let me define the function f(x) = \(4\alpha x^2 + \frac{1}{x}\). To find its minimum, I should take the derivative with respect to x and set it equal to zero because critical points could give minima or maxima.

Calculating f'(x):

f'(x) = d/dx [4α x²] + d/dx [1/x]
= 8α x - (1)/(x²)

Set this equal to zero:

8α x - 1/(x²) = 0

Let me solve for x in terms of α:

8α x = 1 / x²

Multiply both sides by x²:

8α x³ = 1

Therefore,

x³ = 1 / (8α)
=> x = (1 / (8α))^(1/3)

Hmm, okay. So the critical point occurs at x equals the cube root of 1 over 8α. That makes sense; depending on α, the location where the function reaches its minimum changes.

Now, plug this back into f(x) to get the minimal value.

Compute f((1/(8α))^(1/3)):

First, compute each term separately.

Term 1: 4α x²
Substitute x:
= 4α * [(1/(8α))^(1/3)]²
= 4α * (1/(8α))^(2/3)

Similarly, Term 2: 1/x
= 1 / [(1/(8α))^(1/3)]
= (8α)^(1/3)

Wait, perhaps better expressed as exponents?

Yes, using exponent rules might make things clearer.

Expressing everything with exponents instead of roots:

(1/(8α))^(1/3) = (8α)^(-1/3)
And squared would be raised to power 2: ((8α)^(-1/3))^2 = (8α)^(-2/3).

But wait, actually, hold on—hold your horses—the first term was multiplied by 4α times x squared. Let me write it again more carefully.

Starting fresh:

We had f(x) = 4α x² + 1/x.

At x = (1/(8α))^(1/3), let’s denote t = x, so t = (1/(8α)","Okay, so I have this problem here: I need to find the smallest real number α such that the inequality \(4\alpha x^2 + \frac{1}{x} \geq 1\) holds for all positive real numbers x. The options given are fractions like 1/64, 1/32, etc., and I think it's multiple-choice with letters assigned.

First off, since we're dealing with an inequality involving a function of x, maybe calculus can help me figure out when the minimum of the left-hand side expression is just equal to 1? Because if the minimum is at least 1, then the whole expression will always be greater than or equal to 1 for any x > 0.

So let me define the function f(x) = \(4\alpha x^2 + \frac{1}{x}\). To find its minimum, I should take the derivative with respect to x and set it equal to zero because critical points could give minima or maxima.

Calculating f'(x):

f'(x) = d/dx [4α x²] + d/dx [1/x]
= 8α x - (1)/(x²)

Set this equal to zero:

8α x - 1/(x²) = 0

Let me solve for x in terms of α:

8α x = 1 / x²

Multiply both sides b",C,True,245.42,True,5547,7215,True,True,False,differentiation
5,JEE Adv 2016 Paper 1,MCQ(multiple),BCD,"Consider a pyramid $O P Q R S$ located in the first octant $(x \geq 0, y \geq 0, z \geq 0)$ with $O$ as origin, and $O P$ and $O R$ along the $x$-axis and the $y$-axis, respectively. The base $O P Q R$ of the pyramid is a square with $O P=3$. The point $S$ is directly above the mid-point $T$ of diagonal $O Q$ such that $T S=3$. Then",0.0,yes,20260331_1815,deepseek-ai/DeepSeek-R1-Distill-Qwen-7B,2026-03-31T20:56:44.959537,"Okay, so I have this geometry problem about a pyramid OPQRS in the first octant. Let me try to visualize it.

First, O is the origin. Points P and R are on the x-axis and y-axis respectively because OP and OR are along these axes. Since OP = 3, then P must be at (3, 0, 0). Similarly, since OR would also be some length... Wait, actually, hold on—the base OPQR is a square. So if OP is one side, which is 3 units long, then OR should also be 3 units? Hmm, no—wait, maybe not necessarily?

Wait, let's think again: If OP and OR are edges along the x and y axes, and the base OPQR is a square, meaning that OP and OR are adjacent sides forming right angles. Therefore, both OP and OR should be equal in length for it to be a square. But wait, they don't specify whether OR is given; only OP is mentioned as being 3. Maybe we can figure out OR based on other information.

But before getting confused, perhaps assigning coordinates will help here. Let me assign coordinate system:

Let’s denote:
- Point O as (0, 0, 0)
- Point P as (a, 0, 0), where a is the length OP.
- Point R as (0, b, 0), where b is the length OR.
Since OPQR is a square, vectors OP and OR need to be orthogonal and of same length. Because in a square, adjacent sides are equal and perpendicular.

So vector OP is (a, 0, 0); vector OR is (0, b, 0).

For them to form a square, their lengths must be equal, i.e., |OP| = |OR|. Thus, a = b.

Also, the dot product of OP and OR should be zero because they're perpendicular. Indeed, OP · OR = a*0 + 0*b + 0*0 = 0, so regardless, they’re already perpendicular. So just setting a=b makes OPQR a square.

Given that OP = 3, so a = 3, hence OR = 3 too. So points:

- O(0,0,0)

- P(3,0,0)

- R(0,3,0)

Now, what about point Q? In the square OPQR, moving from O to P to Q to R back to O. So starting at O, going to P(3,0,0), then turning left (since it's a square in the xy-plane?), so next point Q would be (3,3,0)? Or do we go another way?

Actually, depending on how you traverse the square","Okay, so I have this geometry problem about a pyramid OPQRS in the first octant. Let me try to visualize it.

First, O is the origin. Points P and R are on the x-axis and y-axis respectively because OP and OR are along these axes. Since OP = 3, then P must be at (3, 0, 0). Similarly, since OR would also be some length... Wait, actually, hold on—the base OPQR is a square. So if OP is one side, which is 3 units long, then OR should also be 3 units? Hmm, no—wait, maybe not necessarily?

Wait, let's think again: If OP and OR are edges along the x and y axes, and the base OPQR is a square, meaning that OP and OR are adjacent sides forming right angles. Therefore, both OP and OR should be equal in length for it to be a square. But wait, they don't specify whether OR is given; only OP is mentioned as being 3. Maybe we can figure out OR based on other information.

But before getting confused, perhaps assigning coordinates will help here. Let me assign coordinate system:

Let’s denote:
- Point",,False,443.07,False,10975,10975,True,True,False,matrices
5,JEE Adv 2016 Paper 1,MCQ(multiple),BCD,"Consider a pyramid $O P Q R S$ located in the first octant $(x \geq 0, y \geq 0, z \geq 0)$ with $O$ as origin, and $O P$ and $O R$ along the $x$-axis and the $y$-axis, respectively. The base $O P Q R$ of the pyramid is a square with $O P=3$. The point $S$ is directly above the mid-point $T$ of diagonal $O Q$ such that $T S=3$. Then",0.1,yes,20260331_1815,deepseek-ai/DeepSeek-R1-Distill-Qwen-7B,2026-03-31T21:04:11.441361,"Okay, so I have this geometry problem about a pyramid OPQRS in the first octant. Let me try to visualize it.

First, O is the origin. Points P and R are on the x-axis and y-axis respectively because OP and OR are along these axes. Since OP = 3, then P must be at (3, 0, 0). Similarly, since OR would also be equal if the base is a square? Wait, no—the base is a square OPQR, right?

So, let's figure out where points Q and R are. If OP is along the x-axis and OR is along the y-axis, then QR should be parallel to OP, which means QR is along some direction... Hmm, maybe not necessarily an axis unless specified otherwise.

Wait, actually, given that OP and OR are along the x and y axes, and the base OPQR is a square. So starting from O(0,0,0), moving along x-axis to P(3,0,0), then from there we need another side PQ—since it's a square, each edge should be orthogonal. But wait, how does the square lie?

If OP is along x-axis, and OR is along y-axis, then perhaps the square lies in the xy-plane? Because both OP and OR are in the same plane—if they're edges meeting at O, their common face could be part of the base.

But hold on: In three dimensions, though, the base can't just be any arbitrary shape—it has to form a square. So, considering that OP and OR are two adjacent sides of the square lying in different planes...

Hmm, maybe my initial thought was wrong. Maybe the base isn't entirely in one plane? No, bases of pyramids are typically planar figures. So OPQR being a square implies that all four points lie in the same plane.

Therefore, if OP is along x-axis and OR is along y-axis, then the square OPQR must lie in the xy-plane. Therefore:

Point O: (0,0,0)

Point P: (3,0,0)

Then Point R: (0,3,0)—wait, but OR is supposed to be along the y-axis—isn't that already covered here? Or do we consider OR differently?

No, probably OR is along the y-axis, meaning R is at (0,a,0) for some 'a'. But since OP and OR are edges of the square, and OP is 3 units long, then OR must also be ","Okay, so I have this geometry problem about a pyramid OPQRS in the first octant. Let me try to visualize it.

First, O is the origin. Points P and R are on the x-axis and y-axis respectively because OP and OR are along these axes. Since OP = 3, then P must be at (3, 0, 0). Similarly, since OR would also be equal if the base is a square? Wait, no—the base is a square OPQR, right?

So, let's figure out where points Q and R are. If OP is along the x-axis and OR is along the y-axis, then QR should be parallel to OP, which means QR is along some direction... Hmm, maybe not necessarily an axis unless specified otherwise.

Wait, actually, given that OP and OR are along the x and y axes, and the base OPQR is a square. So starting from O(0,0,0), moving along x-axis to P(3,0,0), then from there we need another side PQ—since it's a square, each edge should be orthogonal. But wait, how does the square lie?

If OP is along x-axis, and OR is along y-axis, then perhaps the square lies in the xy-plane",,False,446.45,False,10797,10806,True,True,False,differentiation
5,JEE Adv 2016 Paper 1,MCQ(multiple),BCD,"Consider a pyramid $O P Q R S$ located in the first octant $(x \geq 0, y \geq 0, z \geq 0)$ with $O$ as origin, and $O P$ and $O R$ along the $x$-axis and the $y$-axis, respectively. The base $O P Q R$ of the pyramid is a square with $O P=3$. The point $S$ is directly above the mid-point $T$ of diagonal $O Q$ such that $T S=3$. Then",0.2,yes,20260331_1815,deepseek-ai/DeepSeek-R1-Distill-Qwen-7B,2026-03-31T21:11:37.966270,"Okay, so I have this geometry problem about a pyramid OPQRS in the first octant. Let me try to visualize it.

First, O is the origin. Points P and R are on the x-axis and y-axis respectively because OP and OR are along these axes. Since OP = 3, then P must be at (3, 0, 0). Similarly, since OR would also be some length—wait, actually, hold on: if OPQR is a square base, then OP should equal OR? Because in a square, adjacent sides are equal. So if OP is 3 units long, then OR should also be 3 units?

Wait, no—the base is OPQ R, which is a square. Hmm, maybe not necessarily both being 3... Wait, let's think again. If OP is along the x-axis and OR is along the y-axis, and the base OP QR is a square, meaning that PQ and QR etc., need to form right angles too.

But wait, OP is given as 3; perhaps OR could be something else? But since it's a square, opposite sides should be equal. Maybe OP equals QR and OR equals PQ? Or does each side OP, PQ, QR, RO equal 3? That might make sense—if OP is 3, then all edges of the base are 3, making it a cube-like structure for the base.

So assuming that, points:

- O is (0, 0, 0)
- P is (3, 0, 0)
- R is (0, 3, 0)

Then where is Q? In the base OPQR, moving around the square. Starting from O(0,0,0), going to P(3,0,0), then next vertex Q should be somewhere such that PQ is another edge of the square. Since we're in the first octant, coordinates can't be negative.

If OP is along x-axis, PR is along y-axis, then Q must be diagonally across from O, forming the square. So starting from O(0,0,0), go to P(3,0,0); then move up in y-direction same amount—but how much? Since OP is 3, and it’s a square, the other sides should also be 3. Therefore, from P(3,0,0), moving upwards in y direction 3 units gives us Q(3,3,0).

Similarly, from O(0,0,0), moving towards R(0,3,0)—so completing the square, yes, Q is indeed (3,3,0). So the base OPQR has vertices at O(0,0,0), P(3,0,0), Q(3,3,0), R(0,3,0). Got it.

Now, point S is described as being ""directly above"" t","Okay, so I have this geometry problem about a pyramid OPQRS in the first octant. Let me try to visualize it.

First, O is the origin. Points P and R are on the x-axis and y-axis respectively because OP and OR are along these axes. Since OP = 3, then P must be at (3, 0, 0). Similarly, since OR would also be some length—wait, actually, hold on: if OPQR is a square base, then OP should equal OR? Because in a square, adjacent sides are equal. So if OP is 3 units long, then OR should also be 3 units?

Wait, no—the base is OPQ R, which is a square. Hmm, maybe not necessarily both being 3... Wait, let's think again. If OP is along the x-axis and OR is along the y-axis, and the base OP QR is a square, meaning that PQ and QR etc., need to form right angles too.

But wait, OP is given as 3; perhaps OR could be something else? But since it's a square, opposite sides should be equal. Maybe OP equals QR and OR equals PQ? Or does each side OP, PQ, QR, RO equal 3? That might make sense—if OP is 3, th",,False,446.49,False,9695,10572,True,True,False,matrices
5,JEE Adv 2016 Paper 1,MCQ(multiple),BCD,"Consider a pyramid $O P Q R S$ located in the first octant $(x \geq 0, y \geq 0, z \geq 0)$ with $O$ as origin, and $O P$ and $O R$ along the $x$-axis and the $y$-axis, respectively. The base $O P Q R$ of the pyramid is a square with $O P=3$. The point $S$ is directly above the mid-point $T$ of diagonal $O Q$ such that $T S=3$. Then",0.3,no,,,,,,,,,,,,,,,
5,JEE Adv 2016 Paper 1,MCQ(multiple),BCD,"Consider a pyramid $O P Q R S$ located in the first octant $(x \geq 0, y \geq 0, z \geq 0)$ with $O$ as origin, and $O P$ and $O R$ along the $x$-axis and the $y$-axis, respectively. The base $O P Q R$ of the pyramid is a square with $O P=3$. The point $S$ is directly above the mid-point $T$ of diagonal $O Q$ such that $T S=3$. Then",0.4,no,,,,,,,,,,,,,,,
5,JEE Adv 2016 Paper 1,MCQ(multiple),BCD,"Consider a pyramid $O P Q R S$ located in the first octant $(x \geq 0, y \geq 0, z \geq 0)$ with $O$ as origin, and $O P$ and $O R$ along the $x$-axis and the $y$-axis, respectively. The base $O P Q R$ of the pyramid is a square with $O P=3$. The point $S$ is directly above the mid-point $T$ of diagonal $O Q$ such that $T S=3$. Then",0.5,no,,,,,,,,,,,,,,,
6,JEE Adv 2016 Paper 1,MCQ(multiple),A,"Let $f:(0, \infty) \rightarrow \mathbb{R}$ be a differentiable function such that $f^{\prime}(x)=2-\frac{f(x)}{x}$ for all $x \in(0, \infty)$ and $f(1) \neq 1$. Then",0.0,no,,,,,,,,,,,,,,,
6,JEE Adv 2016 Paper 1,MCQ(multiple),A,"Let $f:(0, \infty) \rightarrow \mathbb{R}$ be a differentiable function such that $f^{\prime}(x)=2-\frac{f(x)}{x}$ for all $x \in(0, \infty)$ and $f(1) \neq 1$. Then",0.1,no,,,,,,,,,,,,,,,
6,JEE Adv 2016 Paper 1,MCQ(multiple),A,"Let $f:(0, \infty) \rightarrow \mathbb{R}$ be a differentiable function such that $f^{\prime}(x)=2-\frac{f(x)}{x}$ for all $x \in(0, \infty)$ and $f(1) \neq 1$. Then",0.2,no,,,,,,,,,,,,,,,
6,JEE Adv 2016 Paper 1,MCQ(multiple),A,"Let $f:(0, \infty) \rightarrow \mathbb{R}$ be a differentiable function such that $f^{\prime}(x)=2-\frac{f(x)}{x}$ for all $x \in(0, \infty)$ and $f(1) \neq 1$. Then",0.3,no,,,,,,,,,,,,,,,
6,JEE Adv 2016 Paper 1,MCQ(multiple),A,"Let $f:(0, \infty) \rightarrow \mathbb{R}$ be a differentiable function such that $f^{\prime}(x)=2-\frac{f(x)}{x}$ for all $x \in(0, \infty)$ and $f(1) \neq 1$. Then",0.4,no,,,,,,,,,,,,,,,
6,JEE Adv 2016 Paper 1,MCQ(multiple),A,"Let $f:(0, \infty) \rightarrow \mathbb{R}$ be a differentiable function such that $f^{\prime}(x)=2-\frac{f(x)}{x}$ for all $x \in(0, \infty)$ and $f(1) \neq 1$. Then",0.5,no,,,,,,,,,,,,,,,
7,JEE Adv 2016 Paper 1,MCQ(multiple),BC,"Let $P=\left[\begin{array}{ccc}3 & -1 & -2 \\ 2 & 0 & \alpha \\ 3 & -5 & 0\end{array}\right]$, where $\alpha \in \mathbb{R}$. Suppose $Q=\left[q_{i j}\right]$ is a matrix such that $P Q=k I$, where $k \in \mathbb{R}, k \neq 0$ and $I$ is the identity matrix of order 3 . If $q_{23}=-\frac{k}{8}$ and $\operatorname{det}(Q)=\frac{k^{2}}{2}$, then",0.0,no,,,,,,,,,,,,,,,
7,JEE Adv 2016 Paper 1,MCQ(multiple),BC,"Let $P=\left[\begin{array}{ccc}3 & -1 & -2 \\ 2 & 0 & \alpha \\ 3 & -5 & 0\end{array}\right]$, where $\alpha \in \mathbb{R}$. Suppose $Q=\left[q_{i j}\right]$ is a matrix such that $P Q=k I$, where $k \in \mathbb{R}, k \neq 0$ and $I$ is the identity matrix of order 3 . If $q_{23}=-\frac{k}{8}$ and $\operatorname{det}(Q)=\frac{k^{2}}{2}$, then",0.1,no,,,,,,,,,,,,,,,
7,JEE Adv 2016 Paper 1,MCQ(multiple),BC,"Let $P=\left[\begin{array}{ccc}3 & -1 & -2 \\ 2 & 0 & \alpha \\ 3 & -5 & 0\end{array}\right]$, where $\alpha \in \mathbb{R}$. Suppose $Q=\left[q_{i j}\right]$ is a matrix such that $P Q=k I$, where $k \in \mathbb{R}, k \neq 0$ and $I$ is the identity matrix of order 3 . If $q_{23}=-\frac{k}{8}$ and $\operatorname{det}(Q)=\frac{k^{2}}{2}$, then",0.2,no,,,,,,,,,,,,,,,
7,JEE Adv 2016 Paper 1,MCQ(multiple),BC,"Let $P=\left[\begin{array}{ccc}3 & -1 & -2 \\ 2 & 0 & \alpha \\ 3 & -5 & 0\end{array}\right]$, where $\alpha \in \mathbb{R}$. Suppose $Q=\left[q_{i j}\right]$ is a matrix such that $P Q=k I$, where $k \in \mathbb{R}, k \neq 0$ and $I$ is the identity matrix of order 3 . If $q_{23}=-\frac{k}{8}$ and $\operatorname{det}(Q)=\frac{k^{2}}{2}$, then",0.3,no,,,,,,,,,,,,,,,
7,JEE Adv 2016 Paper 1,MCQ(multiple),BC,"Let $P=\left[\begin{array}{ccc}3 & -1 & -2 \\ 2 & 0 & \alpha \\ 3 & -5 & 0\end{array}\right]$, where $\alpha \in \mathbb{R}$. Suppose $Q=\left[q_{i j}\right]$ is a matrix such that $P Q=k I$, where $k \in \mathbb{R}, k \neq 0$ and $I$ is the identity matrix of order 3 . If $q_{23}=-\frac{k}{8}$ and $\operatorname{det}(Q)=\frac{k^{2}}{2}$, then",0.4,no,,,,,,,,,,,,,,,
7,JEE Adv 2016 Paper 1,MCQ(multiple),BC,"Let $P=\left[\begin{array}{ccc}3 & -1 & -2 \\ 2 & 0 & \alpha \\ 3 & -5 & 0\end{array}\right]$, where $\alpha \in \mathbb{R}$. Suppose $Q=\left[q_{i j}\right]$ is a matrix such that $P Q=k I$, where $k \in \mathbb{R}, k \neq 0$ and $I$ is the identity matrix of order 3 . If $q_{23}=-\frac{k}{8}$ and $\operatorname{det}(Q)=\frac{k^{2}}{2}$, then",0.5,no,,,,,,,,,,,,,,,
8,JEE Adv 2016 Paper 1,MCQ(multiple),ACD,"In a triangle $X Y Z$, let $x, y, z$ be the lengths of sides opposite to the angles $X, Y, Z$, respectively, and $2 s=x+y+z$. If $\frac{s-x}{4}=\frac{s-y}{3}=\frac{s-z}{2}$ and area of incircle of the triangle $X Y Z$ is $\frac{8 \pi}{3}$, then",0.0,no,,,,,,,,,,,,,,,
8,JEE Adv 2016 Paper 1,MCQ(multiple),ACD,"In a triangle $X Y Z$, let $x, y, z$ be the lengths of sides opposite to the angles $X, Y, Z$, respectively, and $2 s=x+y+z$. If $\frac{s-x}{4}=\frac{s-y}{3}=\frac{s-z}{2}$ and area of incircle of the triangle $X Y Z$ is $\frac{8 \pi}{3}$, then",0.1,no,,,,,,,,,,,,,,,
8,JEE Adv 2016 Paper 1,MCQ(multiple),ACD,"In a triangle $X Y Z$, let $x, y, z$ be the lengths of sides opposite to the angles $X, Y, Z$, respectively, and $2 s=x+y+z$. If $\frac{s-x}{4}=\frac{s-y}{3}=\frac{s-z}{2}$ and area of incircle of the triangle $X Y Z$ is $\frac{8 \pi}{3}$, then",0.2,no,,,,,,,,,,,,,,,
8,JEE Adv 2016 Paper 1,MCQ(multiple),ACD,"In a triangle $X Y Z$, let $x, y, z$ be the lengths of sides opposite to the angles $X, Y, Z$, respectively, and $2 s=x+y+z$. If $\frac{s-x}{4}=\frac{s-y}{3}=\frac{s-z}{2}$ and area of incircle of the triangle $X Y Z$ is $\frac{8 \pi}{3}$, then",0.3,no,,,,,,,,,,,,,,,
8,JEE Adv 2016 Paper 1,MCQ(multiple),ACD,"In a triangle $X Y Z$, let $x, y, z$ be the lengths of sides opposite to the angles $X, Y, Z$, respectively, and $2 s=x+y+z$. If $\frac{s-x}{4}=\frac{s-y}{3}=\frac{s-z}{2}$ and area of incircle of the triangle $X Y Z$ is $\frac{8 \pi}{3}$, then",0.4,no,,,,,,,,,,,,,,,
8,JEE Adv 2016 Paper 1,MCQ(multiple),ACD,"In a triangle $X Y Z$, let $x, y, z$ be the lengths of sides opposite to the angles $X, Y, Z$, respectively, and $2 s=x+y+z$. If $\frac{s-x}{4}=\frac{s-y}{3}=\frac{s-z}{2}$ and area of incircle of the triangle $X Y Z$ is $\frac{8 \pi}{3}$, then",0.5,no,,,,,,,,,,,,,,,
9,JEE Adv 2016 Paper 1,MCQ(multiple),AD,"A solution curve of the differential equation $\left(x^{2}+x y+4 x+2 y+4\right) \frac{d y}{d x}-y^{2}=0, x>0$, passes through the point $(1,3)$. Then the solution curve",0.0,no,,,,,,,,,,,,,,,
9,JEE Adv 2016 Paper 1,MCQ(multiple),AD,"A solution curve of the differential equation $\left(x^{2}+x y+4 x+2 y+4\right) \frac{d y}{d x}-y^{2}=0, x>0$, passes through the point $(1,3)$. Then the solution curve",0.1,no,,,,,,,,,,,,,,,
9,JEE Adv 2016 Paper 1,MCQ(multiple),AD,"A solution curve of the differential equation $\left(x^{2}+x y+4 x+2 y+4\right) \frac{d y}{d x}-y^{2}=0, x>0$, passes through the point $(1,3)$. Then the solution curve",0.2,no,,,,,,,,,,,,,,,
9,JEE Adv 2016 Paper 1,MCQ(multiple),AD,"A solution curve of the differential equation $\left(x^{2}+x y+4 x+2 y+4\right) \frac{d y}{d x}-y^{2}=0, x>0$, passes through the point $(1,3)$. Then the solution curve",0.3,no,,,,,,,,,,,,,,,
9,JEE Adv 2016 Paper 1,MCQ(multiple),AD,"A solution curve of the differential equation $\left(x^{2}+x y+4 x+2 y+4\right) \frac{d y}{d x}-y^{2}=0, x>0$, passes through the point $(1,3)$. Then the solution curve",0.4,no,,,,,,,,,,,,,,,
9,JEE Adv 2016 Paper 1,MCQ(multiple),AD,"A solution curve of the differential equation $\left(x^{2}+x y+4 x+2 y+4\right) \frac{d y}{d x}-y^{2}=0, x>0$, passes through the point $(1,3)$. Then the solution curve",0.5,no,,,,,,,,,,,,,,,
10,JEE Adv 2016 Paper 1,MCQ(multiple),BC,"Let $f: \mathbb{R} \rightarrow \mathbb{R}, \quad g: \mathbb{R} \rightarrow \mathbb{R}$ and $h: \mathbb{R} \rightarrow \mathbb{R}$ be differentiable functions such that $f(x)=x^{3}+3 x+2, g(f(x))=x$ and $h(g(g(x)))=x$ for all $x \in \mathbb{R}$. Then",0.0,no,,,,,,,,,,,,,,,
10,JEE Adv 2016 Paper 1,MCQ(multiple),BC,"Let $f: \mathbb{R} \rightarrow \mathbb{R}, \quad g: \mathbb{R} \rightarrow \mathbb{R}$ and $h: \mathbb{R} \rightarrow \mathbb{R}$ be differentiable functions such that $f(x)=x^{3}+3 x+2, g(f(x))=x$ and $h(g(g(x)))=x$ for all $x \in \mathbb{R}$. Then",0.1,no,,,,,,,,,,,,,,,
10,JEE Adv 2016 Paper 1,MCQ(multiple),BC,"Let $f: \mathbb{R} \rightarrow \mathbb{R}, \quad g: \mathbb{R} \rightarrow \mathbb{R}$ and $h: \mathbb{R} \rightarrow \mathbb{R}$ be differentiable functions such that $f(x)=x^{3}+3 x+2, g(f(x))=x$ and $h(g(g(x)))=x$ for all $x \in \mathbb{R}$. Then",0.2,no,,,,,,,,,,,,,,,
10,JEE Adv 2016 Paper 1,MCQ(multiple),BC,"Let $f: \mathbb{R} \rightarrow \mathbb{R}, \quad g: \mathbb{R} \rightarrow \mathbb{R}$ and $h: \mathbb{R} \rightarrow \mathbb{R}$ be differentiable functions such that $f(x)=x^{3}+3 x+2, g(f(x))=x$ and $h(g(g(x)))=x$ for all $x \in \mathbb{R}$. Then",0.3,no,,,,,,,,,,,,,,,
10,JEE Adv 2016 Paper 1,MCQ(multiple),BC,"Let $f: \mathbb{R} \rightarrow \mathbb{R}, \quad g: \mathbb{R} \rightarrow \mathbb{R}$ and $h: \mathbb{R} \rightarrow \mathbb{R}$ be differentiable functions such that $f(x)=x^{3}+3 x+2, g(f(x))=x$ and $h(g(g(x)))=x$ for all $x \in \mathbb{R}$. Then",0.4,no,,,,,,,,,,,,,,,
10,JEE Adv 2016 Paper 1,MCQ(multiple),BC,"Let $f: \mathbb{R} \rightarrow \mathbb{R}, \quad g: \mathbb{R} \rightarrow \mathbb{R}$ and $h: \mathbb{R} \rightarrow \mathbb{R}$ be differentiable functions such that $f(x)=x^{3}+3 x+2, g(f(x))=x$ and $h(g(g(x)))=x$ for all $x \in \mathbb{R}$. Then",0.5,no,,,,,,,,,,,,,,,
11,JEE Adv 2016 Paper 1,MCQ(multiple),ABC,"The circle $C_{1}: x^{2}+y^{2}=3$, with centre at $O$, intersects the parabola $x^{2}=2 y$ at the point $P$ in the first quadrant. Let the tangent to the circle $C_{1}$ at $P$ touches other two circles $C_{2}$ and $C_{3}$ at $R_{2}$ and $R_{3}$, respectively. Suppose $C_{2}$ and $C_{3}$ have equal radii $2 \sqrt{3}$ and centres $Q_{2}$ and $Q_{3}$, respectively. If $Q_{2}$ and $Q_{3}$ lie on the $y$-axis, then",0.0,no,,,,,,,,,,,,,,,
11,JEE Adv 2016 Paper 1,MCQ(multiple),ABC,"The circle $C_{1}: x^{2}+y^{2}=3$, with centre at $O$, intersects the parabola $x^{2}=2 y$ at the point $P$ in the first quadrant. Let the tangent to the circle $C_{1}$ at $P$ touches other two circles $C_{2}$ and $C_{3}$ at $R_{2}$ and $R_{3}$, respectively. Suppose $C_{2}$ and $C_{3}$ have equal radii $2 \sqrt{3}$ and centres $Q_{2}$ and $Q_{3}$, respectively. If $Q_{2}$ and $Q_{3}$ lie on the $y$-axis, then",0.1,no,,,,,,,,,,,,,,,
11,JEE Adv 2016 Paper 1,MCQ(multiple),ABC,"The circle $C_{1}: x^{2}+y^{2}=3$, with centre at $O$, intersects the parabola $x^{2}=2 y$ at the point $P$ in the first quadrant. Let the tangent to the circle $C_{1}$ at $P$ touches other two circles $C_{2}$ and $C_{3}$ at $R_{2}$ and $R_{3}$, respectively. Suppose $C_{2}$ and $C_{3}$ have equal radii $2 \sqrt{3}$ and centres $Q_{2}$ and $Q_{3}$, respectively. If $Q_{2}$ and $Q_{3}$ lie on the $y$-axis, then",0.2,no,,,,,,,,,,,,,,,
11,JEE Adv 2016 Paper 1,MCQ(multiple),ABC,"The circle $C_{1}: x^{2}+y^{2}=3$, with centre at $O$, intersects the parabola $x^{2}=2 y$ at the point $P$ in the first quadrant. Let the tangent to the circle $C_{1}$ at $P$ touches other two circles $C_{2}$ and $C_{3}$ at $R_{2}$ and $R_{3}$, respectively. Suppose $C_{2}$ and $C_{3}$ have equal radii $2 \sqrt{3}$ and centres $Q_{2}$ and $Q_{3}$, respectively. If $Q_{2}$ and $Q_{3}$ lie on the $y$-axis, then",0.3,no,,,,,,,,,,,,,,,
11,JEE Adv 2016 Paper 1,MCQ(multiple),ABC,"The circle $C_{1}: x^{2}+y^{2}=3$, with centre at $O$, intersects the parabola $x^{2}=2 y$ at the point $P$ in the first quadrant. Let the tangent to the circle $C_{1}$ at $P$ touches other two circles $C_{2}$ and $C_{3}$ at $R_{2}$ and $R_{3}$, respectively. Suppose $C_{2}$ and $C_{3}$ have equal radii $2 \sqrt{3}$ and centres $Q_{2}$ and $Q_{3}$, respectively. If $Q_{2}$ and $Q_{3}$ lie on the $y$-axis, then",0.4,no,,,,,,,,,,,,,,,
11,JEE Adv 2016 Paper 1,MCQ(multiple),ABC,"The circle $C_{1}: x^{2}+y^{2}=3$, with centre at $O$, intersects the parabola $x^{2}=2 y$ at the point $P$ in the first quadrant. Let the tangent to the circle $C_{1}$ at $P$ touches other two circles $C_{2}$ and $C_{3}$ at $R_{2}$ and $R_{3}$, respectively. Suppose $C_{2}$ and $C_{3}$ have equal radii $2 \sqrt{3}$ and centres $Q_{2}$ and $Q_{3}$, respectively. If $Q_{2}$ and $Q_{3}$ lie on the $y$-axis, then",0.5,no,,,,,,,,,,,,,,,
12,JEE Adv 2016 Paper 1,MCQ(multiple),AC,"Let $R S$ be the diameter of the circle $x^{2}+y^{2}=1$, where $S$ is the point $(1,0)$. Let $P$ be a variable point (other than $R$ and $S$ ) on the circle and tangents to the circle at $S$ and $P$ meet at the point $Q$. The normal to the circle at $P$ intersects a line drawn through $Q$ parallel to $R S$ at point $E$. Then the locus of $E$ passes through the point(s)",0.0,no,,,,,,,,,,,,,,,
12,JEE Adv 2016 Paper 1,MCQ(multiple),AC,"Let $R S$ be the diameter of the circle $x^{2}+y^{2}=1$, where $S$ is the point $(1,0)$. Let $P$ be a variable point (other than $R$ and $S$ ) on the circle and tangents to the circle at $S$ and $P$ meet at the point $Q$. The normal to the circle at $P$ intersects a line drawn through $Q$ parallel to $R S$ at point $E$. Then the locus of $E$ passes through the point(s)",0.1,no,,,,,,,,,,,,,,,
12,JEE Adv 2016 Paper 1,MCQ(multiple),AC,"Let $R S$ be the diameter of the circle $x^{2}+y^{2}=1$, where $S$ is the point $(1,0)$. Let $P$ be a variable point (other than $R$ and $S$ ) on the circle and tangents to the circle at $S$ and $P$ meet at the point $Q$. The normal to the circle at $P$ intersects a line drawn through $Q$ parallel to $R S$ at point $E$. Then the locus of $E$ passes through the point(s)",0.2,no,,,,,,,,,,,,,,,
12,JEE Adv 2016 Paper 1,MCQ(multiple),AC,"Let $R S$ be the diameter of the circle $x^{2}+y^{2}=1$, where $S$ is the point $(1,0)$. Let $P$ be a variable point (other than $R$ and $S$ ) on the circle and tangents to the circle at $S$ and $P$ meet at the point $Q$. The normal to the circle at $P$ intersects a line drawn through $Q$ parallel to $R S$ at point $E$. Then the locus of $E$ passes through the point(s)",0.3,no,,,,,,,,,,,,,,,
12,JEE Adv 2016 Paper 1,MCQ(multiple),AC,"Let $R S$ be the diameter of the circle $x^{2}+y^{2}=1$, where $S$ is the point $(1,0)$. Let $P$ be a variable point (other than $R$ and $S$ ) on the circle and tangents to the circle at $S$ and $P$ meet at the point $Q$. The normal to the circle at $P$ intersects a line drawn through $Q$ parallel to $R S$ at point $E$. Then the locus of $E$ passes through the point(s)",0.4,no,,,,,,,,,,,,,,,
12,JEE Adv 2016 Paper 1,MCQ(multiple),AC,"Let $R S$ be the diameter of the circle $x^{2}+y^{2}=1$, where $S$ is the point $(1,0)$. Let $P$ be a variable point (other than $R$ and $S$ ) on the circle and tangents to the circle at $S$ and $P$ meet at the point $Q$. The normal to the circle at $P$ intersects a line drawn through $Q$ parallel to $R S$ at point $E$. Then the locus of $E$ passes through the point(s)",0.5,no,,,,,,,,,,,,,,,
13,JEE Adv 2016 Paper 1,Integer,2,What is the total number of distinct $x \in \mathbb{R}$ for which $\left|\begin{array}{ccc}x & x^{2} & 1+x^{3} \\ 2 x & 4 x^{2} & 1+8 x^{3} \\ 3 x & 9 x^{2} & 1+27 x^{3}\end{array}\right|=10$?,0.0,no,,,,,,,,,,,,,,,
13,JEE Adv 2016 Paper 1,Integer,2,What is the total number of distinct $x \in \mathbb{R}$ for which $\left|\begin{array}{ccc}x & x^{2} & 1+x^{3} \\ 2 x & 4 x^{2} & 1+8 x^{3} \\ 3 x & 9 x^{2} & 1+27 x^{3}\end{array}\right|=10$?,0.1,no,,,,,,,,,,,,,,,
13,JEE Adv 2016 Paper 1,Integer,2,What is the total number of distinct $x \in \mathbb{R}$ for which $\left|\begin{array}{ccc}x & x^{2} & 1+x^{3} \\ 2 x & 4 x^{2} & 1+8 x^{3} \\ 3 x & 9 x^{2} & 1+27 x^{3}\end{array}\right|=10$?,0.2,no,,,,,,,,,,,,,,,
13,JEE Adv 2016 Paper 1,Integer,2,What is the total number of distinct $x \in \mathbb{R}$ for which $\left|\begin{array}{ccc}x & x^{2} & 1+x^{3} \\ 2 x & 4 x^{2} & 1+8 x^{3} \\ 3 x & 9 x^{2} & 1+27 x^{3}\end{array}\right|=10$?,0.3,no,,,,,,,,,,,,,,,
13,JEE Adv 2016 Paper 1,Integer,2,What is the total number of distinct $x \in \mathbb{R}$ for which $\left|\begin{array}{ccc}x & x^{2} & 1+x^{3} \\ 2 x & 4 x^{2} & 1+8 x^{3} \\ 3 x & 9 x^{2} & 1+27 x^{3}\end{array}\right|=10$?,0.4,no,,,,,,,,,,,,,,,
13,JEE Adv 2016 Paper 1,Integer,2,What is the total number of distinct $x \in \mathbb{R}$ for which $\left|\begin{array}{ccc}x & x^{2} & 1+x^{3} \\ 2 x & 4 x^{2} & 1+8 x^{3} \\ 3 x & 9 x^{2} & 1+27 x^{3}\end{array}\right|=10$?,0.5,no,,,,,,,,,,,,,,,
14,JEE Adv 2016 Paper 1,Integer,5,Let $m$ be the smallest positive integer such that the coefficient of $x^{2}$ in the expansion of $(1+x)^{2}+(1+x)^{3}+\cdots+(1+x)^{49}+(1+m x)^{50}$ is $(3 n+1){ }^{51} C_{3}$ for some positive integer $n$. Then what is the value of $n$?,0.0,no,,,,,,,,,,,,,,,
14,JEE Adv 2016 Paper 1,Integer,5,Let $m$ be the smallest positive integer such that the coefficient of $x^{2}$ in the expansion of $(1+x)^{2}+(1+x)^{3}+\cdots+(1+x)^{49}+(1+m x)^{50}$ is $(3 n+1){ }^{51} C_{3}$ for some positive integer $n$. Then what is the value of $n$?,0.1,no,,,,,,,,,,,,,,,
14,JEE Adv 2016 Paper 1,Integer,5,Let $m$ be the smallest positive integer such that the coefficient of $x^{2}$ in the expansion of $(1+x)^{2}+(1+x)^{3}+\cdots+(1+x)^{49}+(1+m x)^{50}$ is $(3 n+1){ }^{51} C_{3}$ for some positive integer $n$. Then what is the value of $n$?,0.2,no,,,,,,,,,,,,,,,
14,JEE Adv 2016 Paper 1,Integer,5,Let $m$ be the smallest positive integer such that the coefficient of $x^{2}$ in the expansion of $(1+x)^{2}+(1+x)^{3}+\cdots+(1+x)^{49}+(1+m x)^{50}$ is $(3 n+1){ }^{51} C_{3}$ for some positive integer $n$. Then what is the value of $n$?,0.3,no,,,,,,,,,,,,,,,
14,JEE Adv 2016 Paper 1,Integer,5,Let $m$ be the smallest positive integer such that the coefficient of $x^{2}$ in the expansion of $(1+x)^{2}+(1+x)^{3}+\cdots+(1+x)^{49}+(1+m x)^{50}$ is $(3 n+1){ }^{51} C_{3}$ for some positive integer $n$. Then what is the value of $n$?,0.4,no,,,,,,,,,,,,,,,
14,JEE Adv 2016 Paper 1,Integer,5,Let $m$ be the smallest positive integer such that the coefficient of $x^{2}$ in the expansion of $(1+x)^{2}+(1+x)^{3}+\cdots+(1+x)^{49}+(1+m x)^{50}$ is $(3 n+1){ }^{51} C_{3}$ for some positive integer $n$. Then what is the value of $n$?,0.5,no,,,,,,,,,,,,,,,
15,JEE Adv 2016 Paper 1,Integer,1,"What is the total number of distinct $x \in[0,1]$ for which $\int_{0}^{x} \frac{t^{2}}{1+t^{4}} d t=2 x-1$?",0.0,no,,,,,,,,,,,,,,,
15,JEE Adv 2016 Paper 1,Integer,1,"What is the total number of distinct $x \in[0,1]$ for which $\int_{0}^{x} \frac{t^{2}}{1+t^{4}} d t=2 x-1$?",0.1,no,,,,,,,,,,,,,,,
15,JEE Adv 2016 Paper 1,Integer,1,"What is the total number of distinct $x \in[0,1]$ for which $\int_{0}^{x} \frac{t^{2}}{1+t^{4}} d t=2 x-1$?",0.2,no,,,,,,,,,,,,,,,
15,JEE Adv 2016 Paper 1,Integer,1,"What is the total number of distinct $x \in[0,1]$ for which $\int_{0}^{x} \frac{t^{2}}{1+t^{4}} d t=2 x-1$?",0.3,no,,,,,,,,,,,,,,,
15,JEE Adv 2016 Paper 1,Integer,1,"What is the total number of distinct $x \in[0,1]$ for which $\int_{0}^{x} \frac{t^{2}}{1+t^{4}} d t=2 x-1$?",0.4,no,,,,,,,,,,,,,,,
15,JEE Adv 2016 Paper 1,Integer,1,"What is the total number of distinct $x \in[0,1]$ for which $\int_{0}^{x} \frac{t^{2}}{1+t^{4}} d t=2 x-1$?",0.5,no,,,,,,,,,,,,,,,
16,JEE Adv 2016 Paper 1,Integer,7,"Let $\alpha, \beta \in \mathbb{R}$ be such that $\lim _{x \rightarrow 0} \frac{x^{2} \sin (\beta x)}{\alpha x-\sin x}=1$.Then what is the value of $6(\alpha+\beta)$?",0.0,no,,,,,,,,,,,,,,,
16,JEE Adv 2016 Paper 1,Integer,7,"Let $\alpha, \beta \in \mathbb{R}$ be such that $\lim _{x \rightarrow 0} \frac{x^{2} \sin (\beta x)}{\alpha x-\sin x}=1$.Then what is the value of $6(\alpha+\beta)$?",0.1,no,,,,,,,,,,,,,,,
16,JEE Adv 2016 Paper 1,Integer,7,"Let $\alpha, \beta \in \mathbb{R}$ be such that $\lim _{x \rightarrow 0} \frac{x^{2} \sin (\beta x)}{\alpha x-\sin x}=1$.Then what is the value of $6(\alpha+\beta)$?",0.2,no,,,,,,,,,,,,,,,
16,JEE Adv 2016 Paper 1,Integer,7,"Let $\alpha, \beta \in \mathbb{R}$ be such that $\lim _{x \rightarrow 0} \frac{x^{2} \sin (\beta x)}{\alpha x-\sin x}=1$.Then what is the value of $6(\alpha+\beta)$?",0.3,no,,,,,,,,,,,,,,,
16,JEE Adv 2016 Paper 1,Integer,7,"Let $\alpha, \beta \in \mathbb{R}$ be such that $\lim _{x \rightarrow 0} \frac{x^{2} \sin (\beta x)}{\alpha x-\sin x}=1$.Then what is the value of $6(\alpha+\beta)$?",0.4,no,,,,,,,,,,,,,,,
16,JEE Adv 2016 Paper 1,Integer,7,"Let $\alpha, \beta \in \mathbb{R}$ be such that $\lim _{x \rightarrow 0} \frac{x^{2} \sin (\beta x)}{\alpha x-\sin x}=1$.Then what is the value of $6(\alpha+\beta)$?",0.5,no,,,,,,,,,,,,,,,
17,JEE Adv 2016 Paper 1,Integer,1,"Let $z=\frac{-1+\sqrt{3} i}{2}$, where $i=\sqrt{-1}$, and $r, s \in\{1,2,3\}$. Let $P=\left[\begin{array}{cc}(-z)^{r} & z^{2 s} \\ z^{2 s} & z^{r}\end{array}\right]$ and $I$ be the identity matrix of order 2 . Then what is the total number of ordered pairs $(r, s)$ for which $P^{2}=-I$?",0.0,no,,,,,,,,,,,,,,,
17,JEE Adv 2016 Paper 1,Integer,1,"Let $z=\frac{-1+\sqrt{3} i}{2}$, where $i=\sqrt{-1}$, and $r, s \in\{1,2,3\}$. Let $P=\left[\begin{array}{cc}(-z)^{r} & z^{2 s} \\ z^{2 s} & z^{r}\end{array}\right]$ and $I$ be the identity matrix of order 2 . Then what is the total number of ordered pairs $(r, s)$ for which $P^{2}=-I$?",0.1,no,,,,,,,,,,,,,,,
17,JEE Adv 2016 Paper 1,Integer,1,"Let $z=\frac{-1+\sqrt{3} i}{2}$, where $i=\sqrt{-1}$, and $r, s \in\{1,2,3\}$. Let $P=\left[\begin{array}{cc}(-z)^{r} & z^{2 s} \\ z^{2 s} & z^{r}\end{array}\right]$ and $I$ be the identity matrix of order 2 . Then what is the total number of ordered pairs $(r, s)$ for which $P^{2}=-I$?",0.2,no,,,,,,,,,,,,,,,
17,JEE Adv 2016 Paper 1,Integer,1,"Let $z=\frac{-1+\sqrt{3} i}{2}$, where $i=\sqrt{-1}$, and $r, s \in\{1,2,3\}$. Let $P=\left[\begin{array}{cc}(-z)^{r} & z^{2 s} \\ z^{2 s} & z^{r}\end{array}\right]$ and $I$ be the identity matrix of order 2 . Then what is the total number of ordered pairs $(r, s)$ for which $P^{2}=-I$?",0.3,no,,,,,,,,,,,,,,,
17,JEE Adv 2016 Paper 1,Integer,1,"Let $z=\frac{-1+\sqrt{3} i}{2}$, where $i=\sqrt{-1}$, and $r, s \in\{1,2,3\}$. Let $P=\left[\begin{array}{cc}(-z)^{r} & z^{2 s} \\ z^{2 s} & z^{r}\end{array}\right]$ and $I$ be the identity matrix of order 2 . Then what is the total number of ordered pairs $(r, s)$ for which $P^{2}=-I$?",0.4,no,,,,,,,,,,,,,,,
17,JEE Adv 2016 Paper 1,Integer,1,"Let $z=\frac{-1+\sqrt{3} i}{2}$, where $i=\sqrt{-1}$, and $r, s \in\{1,2,3\}$. Let $P=\left[\begin{array}{cc}(-z)^{r} & z^{2 s} \\ z^{2 s} & z^{r}\end{array}\right]$ and $I$ be the identity matrix of order 2 . Then what is the total number of ordered pairs $(r, s)$ for which $P^{2}=-I$?",0.5,no,,,,,,,,,,,,,,,
18,JEE Adv 2016 Paper 2,MCQ,B,"Let $P=\left[\begin{array}{ccc}1 & 0 & 0 \\ 4 & 1 & 0 \\ 16 & 4 & 1\end{array}\right]$ and $I$ be the identity matrix of order 3. If $Q=\left[q_{i j}\right]$ is a matrix such that $P^{50}-Q=I$, then $\frac{q_{31}+q_{32}}{q_{21}}$ equals",0.0,no,,,,,,,,,,,,,,,
18,JEE Adv 2016 Paper 2,MCQ,B,"Let $P=\left[\begin{array}{ccc}1 & 0 & 0 \\ 4 & 1 & 0 \\ 16 & 4 & 1\end{array}\right]$ and $I$ be the identity matrix of order 3. If $Q=\left[q_{i j}\right]$ is a matrix such that $P^{50}-Q=I$, then $\frac{q_{31}+q_{32}}{q_{21}}$ equals",0.1,no,,,,,,,,,,,,,,,
18,JEE Adv 2016 Paper 2,MCQ,B,"Let $P=\left[\begin{array}{ccc}1 & 0 & 0 \\ 4 & 1 & 0 \\ 16 & 4 & 1\end{array}\right]$ and $I$ be the identity matrix of order 3. If $Q=\left[q_{i j}\right]$ is a matrix such that $P^{50}-Q=I$, then $\frac{q_{31}+q_{32}}{q_{21}}$ equals",0.2,no,,,,,,,,,,,,,,,
18,JEE Adv 2016 Paper 2,MCQ,B,"Let $P=\left[\begin{array}{ccc}1 & 0 & 0 \\ 4 & 1 & 0 \\ 16 & 4 & 1\end{array}\right]$ and $I$ be the identity matrix of order 3. If $Q=\left[q_{i j}\right]$ is a matrix such that $P^{50}-Q=I$, then $\frac{q_{31}+q_{32}}{q_{21}}$ equals",0.3,no,,,,,,,,,,,,,,,
18,JEE Adv 2016 Paper 2,MCQ,B,"Let $P=\left[\begin{array}{ccc}1 & 0 & 0 \\ 4 & 1 & 0 \\ 16 & 4 & 1\end{array}\right]$ and $I$ be the identity matrix of order 3. If $Q=\left[q_{i j}\right]$ is a matrix such that $P^{50}-Q=I$, then $\frac{q_{31}+q_{32}}{q_{21}}$ equals",0.4,no,,,,,,,,,,,,,,,
18,JEE Adv 2016 Paper 2,MCQ,B,"Let $P=\left[\begin{array}{ccc}1 & 0 & 0 \\ 4 & 1 & 0 \\ 16 & 4 & 1\end{array}\right]$ and $I$ be the identity matrix of order 3. If $Q=\left[q_{i j}\right]$ is a matrix such that $P^{50}-Q=I$, then $\frac{q_{31}+q_{32}}{q_{21}}$ equals",0.5,no,,,,,,,,,,,,,,,
19,JEE Adv 2016 Paper 2,MCQ,B,"Let $b_{i}>1$ for $i=1,2, \ldots, 101$. Suppose $\log _{e} b_{1}, \log _{e} b_{2}, \ldots, \log _{e} b_{101}$ are in Arithmetic Progression (A.P.) with the common difference $\log _{e} 2$. Suppose $a_{1}, a_{2}, \ldots, a_{101}$ are in A.P. such that $a_{1}=b_{1}$ and $a_{51}=b_{51}$. If $t=b_{1}+b_{2}+\cdots+b_{51}$ and $s=a_{1}+a_{2}+\cdots+a_{51}$, then",0.0,no,,,,,,,,,,,,,,,
19,JEE Adv 2016 Paper 2,MCQ,B,"Let $b_{i}>1$ for $i=1,2, \ldots, 101$. Suppose $\log _{e} b_{1}, \log _{e} b_{2}, \ldots, \log _{e} b_{101}$ are in Arithmetic Progression (A.P.) with the common difference $\log _{e} 2$. Suppose $a_{1}, a_{2}, \ldots, a_{101}$ are in A.P. such that $a_{1}=b_{1}$ and $a_{51}=b_{51}$. If $t=b_{1}+b_{2}+\cdots+b_{51}$ and $s=a_{1}+a_{2}+\cdots+a_{51}$, then",0.1,no,,,,,,,,,,,,,,,
19,JEE Adv 2016 Paper 2,MCQ,B,"Let $b_{i}>1$ for $i=1,2, \ldots, 101$. Suppose $\log _{e} b_{1}, \log _{e} b_{2}, \ldots, \log _{e} b_{101}$ are in Arithmetic Progression (A.P.) with the common difference $\log _{e} 2$. Suppose $a_{1}, a_{2}, \ldots, a_{101}$ are in A.P. such that $a_{1}=b_{1}$ and $a_{51}=b_{51}$. If $t=b_{1}+b_{2}+\cdots+b_{51}$ and $s=a_{1}+a_{2}+\cdots+a_{51}$, then",0.2,no,,,,,,,,,,,,,,,
19,JEE Adv 2016 Paper 2,MCQ,B,"Let $b_{i}>1$ for $i=1,2, \ldots, 101$. Suppose $\log _{e} b_{1}, \log _{e} b_{2}, \ldots, \log _{e} b_{101}$ are in Arithmetic Progression (A.P.) with the common difference $\log _{e} 2$. Suppose $a_{1}, a_{2}, \ldots, a_{101}$ are in A.P. such that $a_{1}=b_{1}$ and $a_{51}=b_{51}$. If $t=b_{1}+b_{2}+\cdots+b_{51}$ and $s=a_{1}+a_{2}+\cdots+a_{51}$, then",0.3,no,,,,,,,,,,,,,,,
19,JEE Adv 2016 Paper 2,MCQ,B,"Let $b_{i}>1$ for $i=1,2, \ldots, 101$. Suppose $\log _{e} b_{1}, \log _{e} b_{2}, \ldots, \log _{e} b_{101}$ are in Arithmetic Progression (A.P.) with the common difference $\log _{e} 2$. Suppose $a_{1}, a_{2}, \ldots, a_{101}$ are in A.P. such that $a_{1}=b_{1}$ and $a_{51}=b_{51}$. If $t=b_{1}+b_{2}+\cdots+b_{51}$ and $s=a_{1}+a_{2}+\cdots+a_{51}$, then",0.4,no,,,,,,,,,,,,,,,
19,JEE Adv 2016 Paper 2,MCQ,B,"Let $b_{i}>1$ for $i=1,2, \ldots, 101$. Suppose $\log _{e} b_{1}, \log _{e} b_{2}, \ldots, \log _{e} b_{101}$ are in Arithmetic Progression (A.P.) with the common difference $\log _{e} 2$. Suppose $a_{1}, a_{2}, \ldots, a_{101}$ are in A.P. such that $a_{1}=b_{1}$ and $a_{51}=b_{51}$. If $t=b_{1}+b_{2}+\cdots+b_{51}$ and $s=a_{1}+a_{2}+\cdots+a_{51}$, then",0.5,no,,,,,,,,,,,,,,,
20,JEE Adv 2016 Paper 2,MCQ,A,The value of $\int_{-\frac{\pi}{2}}^{\frac{\pi}{2}} \frac{x^{2} \cos x}{1+e^{x}} d x$ is equal to,0.0,no,,,,,,,,,,,,,,,
20,JEE Adv 2016 Paper 2,MCQ,A,The value of $\int_{-\frac{\pi}{2}}^{\frac{\pi}{2}} \frac{x^{2} \cos x}{1+e^{x}} d x$ is equal to,0.1,no,,,,,,,,,,,,,,,
20,JEE Adv 2016 Paper 2,MCQ,A,The value of $\int_{-\frac{\pi}{2}}^{\frac{\pi}{2}} \frac{x^{2} \cos x}{1+e^{x}} d x$ is equal to,0.2,no,,,,,,,,,,,,,,,
20,JEE Adv 2016 Paper 2,MCQ,A,The value of $\int_{-\frac{\pi}{2}}^{\frac{\pi}{2}} \frac{x^{2} \cos x}{1+e^{x}} d x$ is equal to,0.3,no,,,,,,,,,,,,,,,
20,JEE Adv 2016 Paper 2,MCQ,A,The value of $\int_{-\frac{\pi}{2}}^{\frac{\pi}{2}} \frac{x^{2} \cos x}{1+e^{x}} d x$ is equal to,0.4,no,,,,,,,,,,,,,,,
20,JEE Adv 2016 Paper 2,MCQ,A,The value of $\int_{-\frac{\pi}{2}}^{\frac{\pi}{2}} \frac{x^{2} \cos x}{1+e^{x}} d x$ is equal to,0.5,no,,,,,,,,,,,,,,,
21,JEE Adv 2016 Paper 2,MCQ,C,"Let $P$ be the image of the point $(3,1,7)$ with respect to the plane $x-y+z=3$. Then the equation of the plane passing through $P$ and containing the straight line $\frac{x}{1}=\frac{y}{2}=\frac{z}{1}$ is",0.0,no,,,,,,,,,,,,,,,
21,JEE Adv 2016 Paper 2,MCQ,C,"Let $P$ be the image of the point $(3,1,7)$ with respect to the plane $x-y+z=3$. Then the equation of the plane passing through $P$ and containing the straight line $\frac{x}{1}=\frac{y}{2}=\frac{z}{1}$ is",0.1,no,,,,,,,,,,,,,,,
21,JEE Adv 2016 Paper 2,MCQ,C,"Let $P$ be the image of the point $(3,1,7)$ with respect to the plane $x-y+z=3$. Then the equation of the plane passing through $P$ and containing the straight line $\frac{x}{1}=\frac{y}{2}=\frac{z}{1}$ is",0.2,no,,,,,,,,,,,,,,,
21,JEE Adv 2016 Paper 2,MCQ,C,"Let $P$ be the image of the point $(3,1,7)$ with respect to the plane $x-y+z=3$. Then the equation of the plane passing through $P$ and containing the straight line $\frac{x}{1}=\frac{y}{2}=\frac{z}{1}$ is",0.3,no,,,,,,,,,,,,,,,
21,JEE Adv 2016 Paper 2,MCQ,C,"Let $P$ be the image of the point $(3,1,7)$ with respect to the plane $x-y+z=3$. Then the equation of the plane passing through $P$ and containing the straight line $\frac{x}{1}=\frac{y}{2}=\frac{z}{1}$ is",0.4,no,,,,,,,,,,,,,,,
21,JEE Adv 2016 Paper 2,MCQ,C,"Let $P$ be the image of the point $(3,1,7)$ with respect to the plane $x-y+z=3$. Then the equation of the plane passing through $P$ and containing the straight line $\frac{x}{1}=\frac{y}{2}=\frac{z}{1}$ is",0.5,no,,,,,,,,,,,,,,,
22,JEE Adv 2016 Paper 2,MCQ(multiple),AB,"Let $a, b \in \mathbb{R}$ and $f: \mathbb{R} \rightarrow \mathbb{R}$ be defined by $f(x)=a \cos \left(\left|x^{3}-x\right|\right)+b|x| \sin \left(\left|x^{3}+x\right|\right)$. Then $f$ is",0.0,no,,,,,,,,,,,,,,,
22,JEE Adv 2016 Paper 2,MCQ(multiple),AB,"Let $a, b \in \mathbb{R}$ and $f: \mathbb{R} \rightarrow \mathbb{R}$ be defined by $f(x)=a \cos \left(\left|x^{3}-x\right|\right)+b|x| \sin \left(\left|x^{3}+x\right|\right)$. Then $f$ is",0.1,no,,,,,,,,,,,,,,,
22,JEE Adv 2016 Paper 2,MCQ(multiple),AB,"Let $a, b \in \mathbb{R}$ and $f: \mathbb{R} \rightarrow \mathbb{R}$ be defined by $f(x)=a \cos \left(\left|x^{3}-x\right|\right)+b|x| \sin \left(\left|x^{3}+x\right|\right)$. Then $f$ is",0.2,no,,,,,,,,,,,,,,,
22,JEE Adv 2016 Paper 2,MCQ(multiple),AB,"Let $a, b \in \mathbb{R}$ and $f: \mathbb{R} \rightarrow \mathbb{R}$ be defined by $f(x)=a \cos \left(\left|x^{3}-x\right|\right)+b|x| \sin \left(\left|x^{3}+x\right|\right)$. Then $f$ is",0.3,no,,,,,,,,,,,,,,,
22,JEE Adv 2016 Paper 2,MCQ(multiple),AB,"Let $a, b \in \mathbb{R}$ and $f: \mathbb{R} \rightarrow \mathbb{R}$ be defined by $f(x)=a \cos \left(\left|x^{3}-x\right|\right)+b|x| \sin \left(\left|x^{3}+x\right|\right)$. Then $f$ is",0.4,no,,,,,,,,,,,,,,,
22,JEE Adv 2016 Paper 2,MCQ(multiple),AB,"Let $a, b \in \mathbb{R}$ and $f: \mathbb{R} \rightarrow \mathbb{R}$ be defined by $f(x)=a \cos \left(\left|x^{3}-x\right|\right)+b|x| \sin \left(\left|x^{3}+x\right|\right)$. Then $f$ is",0.5,no,,,,,,,,,,,,,,,
23,JEE Adv 2016 Paper 2,MCQ(multiple),AD,"Let $f: \mathbb{R} \rightarrow(0, \infty)$ and $g: \mathbb{R} \rightarrow \mathbb{R}$ be twice differentiable functions such that $f^{\prime \prime}$ and $g^{\prime \prime}$ are continuous functions on $\mathbb{R}$. Suppose $f^{\prime}(2)=g(2)=0, f^{\prime \prime}(2) \neq 0$ and $g^{\prime}(2) \neq 0$. If $\lim _{x \rightarrow 2} \frac{f(x) g(x)}{f^{\prime}(x) g^{\prime}(x)}=1$, then",0.0,no,,,,,,,,,,,,,,,
23,JEE Adv 2016 Paper 2,MCQ(multiple),AD,"Let $f: \mathbb{R} \rightarrow(0, \infty)$ and $g: \mathbb{R} \rightarrow \mathbb{R}$ be twice differentiable functions such that $f^{\prime \prime}$ and $g^{\prime \prime}$ are continuous functions on $\mathbb{R}$. Suppose $f^{\prime}(2)=g(2)=0, f^{\prime \prime}(2) \neq 0$ and $g^{\prime}(2) \neq 0$. If $\lim _{x \rightarrow 2} \frac{f(x) g(x)}{f^{\prime}(x) g^{\prime}(x)}=1$, then",0.1,no,,,,,,,,,,,,,,,
23,JEE Adv 2016 Paper 2,MCQ(multiple),AD,"Let $f: \mathbb{R} \rightarrow(0, \infty)$ and $g: \mathbb{R} \rightarrow \mathbb{R}$ be twice differentiable functions such that $f^{\prime \prime}$ and $g^{\prime \prime}$ are continuous functions on $\mathbb{R}$. Suppose $f^{\prime}(2)=g(2)=0, f^{\prime \prime}(2) \neq 0$ and $g^{\prime}(2) \neq 0$. If $\lim _{x \rightarrow 2} \frac{f(x) g(x)}{f^{\prime}(x) g^{\prime}(x)}=1$, then",0.2,no,,,,,,,,,,,,,,,
23,JEE Adv 2016 Paper 2,MCQ(multiple),AD,"Let $f: \mathbb{R} \rightarrow(0, \infty)$ and $g: \mathbb{R} \rightarrow \mathbb{R}$ be twice differentiable functions such that $f^{\prime \prime}$ and $g^{\prime \prime}$ are continuous functions on $\mathbb{R}$. Suppose $f^{\prime}(2)=g(2)=0, f^{\prime \prime}(2) \neq 0$ and $g^{\prime}(2) \neq 0$. If $\lim _{x \rightarrow 2} \frac{f(x) g(x)}{f^{\prime}(x) g^{\prime}(x)}=1$, then",0.3,no,,,,,,,,,,,,,,,
23,JEE Adv 2016 Paper 2,MCQ(multiple),AD,"Let $f: \mathbb{R} \rightarrow(0, \infty)$ and $g: \mathbb{R} \rightarrow \mathbb{R}$ be twice differentiable functions such that $f^{\prime \prime}$ and $g^{\prime \prime}$ are continuous functions on $\mathbb{R}$. Suppose $f^{\prime}(2)=g(2)=0, f^{\prime \prime}(2) \neq 0$ and $g^{\prime}(2) \neq 0$. If $\lim _{x \rightarrow 2} \frac{f(x) g(x)}{f^{\prime}(x) g^{\prime}(x)}=1$, then",0.4,no,,,,,,,,,,,,,,,
23,JEE Adv 2016 Paper 2,MCQ(multiple),AD,"Let $f: \mathbb{R} \rightarrow(0, \infty)$ and $g: \mathbb{R} \rightarrow \mathbb{R}$ be twice differentiable functions such that $f^{\prime \prime}$ and $g^{\prime \prime}$ are continuous functions on $\mathbb{R}$. Suppose $f^{\prime}(2)=g(2)=0, f^{\prime \prime}(2) \neq 0$ and $g^{\prime}(2) \neq 0$. If $\lim _{x \rightarrow 2} \frac{f(x) g(x)}{f^{\prime}(x) g^{\prime}(x)}=1$, then",0.5,no,,,,,,,,,,,,,,,
24,JEE Adv 2016 Paper 2,MCQ(multiple),BC,"Let $f:\left[-\frac{1}{2}, 2\right] \rightarrow \mathbb{R}$ and $g:\left[-\frac{1}{2}, 2\right] \rightarrow \mathbb{R}$ be functions defined by $f(x)=\left[x^{2}-3\right]$ and $g(x)=|x| f(x)+|4 x-7| f(x)$, where $[y]$ denotes the greatest integer less than or equal to $y$ for $y \in \mathbb{R}$. Then",0.0,no,,,,,,,,,,,,,,,
24,JEE Adv 2016 Paper 2,MCQ(multiple),BC,"Let $f:\left[-\frac{1}{2}, 2\right] \rightarrow \mathbb{R}$ and $g:\left[-\frac{1}{2}, 2\right] \rightarrow \mathbb{R}$ be functions defined by $f(x)=\left[x^{2}-3\right]$ and $g(x)=|x| f(x)+|4 x-7| f(x)$, where $[y]$ denotes the greatest integer less than or equal to $y$ for $y \in \mathbb{R}$. Then",0.1,no,,,,,,,,,,,,,,,
24,JEE Adv 2016 Paper 2,MCQ(multiple),BC,"Let $f:\left[-\frac{1}{2}, 2\right] \rightarrow \mathbb{R}$ and $g:\left[-\frac{1}{2}, 2\right] \rightarrow \mathbb{R}$ be functions defined by $f(x)=\left[x^{2}-3\right]$ and $g(x)=|x| f(x)+|4 x-7| f(x)$, where $[y]$ denotes the greatest integer less than or equal to $y$ for $y \in \mathbb{R}$. Then",0.2,no,,,,,,,,,,,,,,,
24,JEE Adv 2016 Paper 2,MCQ(multiple),BC,"Let $f:\left[-\frac{1}{2}, 2\right] \rightarrow \mathbb{R}$ and $g:\left[-\frac{1}{2}, 2\right] \rightarrow \mathbb{R}$ be functions defined by $f(x)=\left[x^{2}-3\right]$ and $g(x)=|x| f(x)+|4 x-7| f(x)$, where $[y]$ denotes the greatest integer less than or equal to $y$ for $y \in \mathbb{R}$. Then",0.3,no,,,,,,,,,,,,,,,
24,JEE Adv 2016 Paper 2,MCQ(multiple),BC,"Let $f:\left[-\frac{1}{2}, 2\right] \rightarrow \mathbb{R}$ and $g:\left[-\frac{1}{2}, 2\right] \rightarrow \mathbb{R}$ be functions defined by $f(x)=\left[x^{2}-3\right]$ and $g(x)=|x| f(x)+|4 x-7| f(x)$, where $[y]$ denotes the greatest integer less than or equal to $y$ for $y \in \mathbb{R}$. Then",0.4,no,,,,,,,,,,,,,,,
24,JEE Adv 2016 Paper 2,MCQ(multiple),BC,"Let $f:\left[-\frac{1}{2}, 2\right] \rightarrow \mathbb{R}$ and $g:\left[-\frac{1}{2}, 2\right] \rightarrow \mathbb{R}$ be functions defined by $f(x)=\left[x^{2}-3\right]$ and $g(x)=|x| f(x)+|4 x-7| f(x)$, where $[y]$ denotes the greatest integer less than or equal to $y$ for $y \in \mathbb{R}$. Then",0.5,no,,,,,,,,,,,,,,,
25,JEE Adv 2016 Paper 2,MCQ(multiple),ACD,"Let $a, b \in \mathbb{R}$ and $a^{2}+b^{2} \neq 0$. Suppose $S=\left\{z \in \mathbb{C}: z=\frac{1}{a+i b t}, t \in \mathbb{R}, t \neq 0\right\}$, where $i=\sqrt{-1}$. If $z=x+i y$ and $z \in S$, then $(x, y)$ lies on",0.0,no,,,,,,,,,,,,,,,
25,JEE Adv 2016 Paper 2,MCQ(multiple),ACD,"Let $a, b \in \mathbb{R}$ and $a^{2}+b^{2} \neq 0$. Suppose $S=\left\{z \in \mathbb{C}: z=\frac{1}{a+i b t}, t \in \mathbb{R}, t \neq 0\right\}$, where $i=\sqrt{-1}$. If $z=x+i y$ and $z \in S$, then $(x, y)$ lies on",0.1,no,,,,,,,,,,,,,,,
25,JEE Adv 2016 Paper 2,MCQ(multiple),ACD,"Let $a, b \in \mathbb{R}$ and $a^{2}+b^{2} \neq 0$. Suppose $S=\left\{z \in \mathbb{C}: z=\frac{1}{a+i b t}, t \in \mathbb{R}, t \neq 0\right\}$, where $i=\sqrt{-1}$. If $z=x+i y$ and $z \in S$, then $(x, y)$ lies on",0.2,no,,,,,,,,,,,,,,,
25,JEE Adv 2016 Paper 2,MCQ(multiple),ACD,"Let $a, b \in \mathbb{R}$ and $a^{2}+b^{2} \neq 0$. Suppose $S=\left\{z \in \mathbb{C}: z=\frac{1}{a+i b t}, t \in \mathbb{R}, t \neq 0\right\}$, where $i=\sqrt{-1}$. If $z=x+i y$ and $z \in S$, then $(x, y)$ lies on",0.3,no,,,,,,,,,,,,,,,
25,JEE Adv 2016 Paper 2,MCQ(multiple),ACD,"Let $a, b \in \mathbb{R}$ and $a^{2}+b^{2} \neq 0$. Suppose $S=\left\{z \in \mathbb{C}: z=\frac{1}{a+i b t}, t \in \mathbb{R}, t \neq 0\right\}$, where $i=\sqrt{-1}$. If $z=x+i y$ and $z \in S$, then $(x, y)$ lies on",0.4,no,,,,,,,,,,,,,,,
25,JEE Adv 2016 Paper 2,MCQ(multiple),ACD,"Let $a, b \in \mathbb{R}$ and $a^{2}+b^{2} \neq 0$. Suppose $S=\left\{z \in \mathbb{C}: z=\frac{1}{a+i b t}, t \in \mathbb{R}, t \neq 0\right\}$, where $i=\sqrt{-1}$. If $z=x+i y$ and $z \in S$, then $(x, y)$ lies on",0.5,no,,,,,,,,,,,,,,,
26,JEE Adv 2016 Paper 2,MCQ(multiple),ACD,Let $P$ be the point on the parabola $y^{2}=4 x$ which is at the shortest distance from the center $S$ of the circle $x^{2}+y^{2}-4 x-16 y+64=0$. Let $Q$ be the point on the circle dividing the line segment $S P$ internally. Then,0.0,no,,,,,,,,,,,,,,,
26,JEE Adv 2016 Paper 2,MCQ(multiple),ACD,Let $P$ be the point on the parabola $y^{2}=4 x$ which is at the shortest distance from the center $S$ of the circle $x^{2}+y^{2}-4 x-16 y+64=0$. Let $Q$ be the point on the circle dividing the line segment $S P$ internally. Then,0.1,no,,,,,,,,,,,,,,,
26,JEE Adv 2016 Paper 2,MCQ(multiple),ACD,Let $P$ be the point on the parabola $y^{2}=4 x$ which is at the shortest distance from the center $S$ of the circle $x^{2}+y^{2}-4 x-16 y+64=0$. Let $Q$ be the point on the circle dividing the line segment $S P$ internally. Then,0.2,no,,,,,,,,,,,,,,,
26,JEE Adv 2016 Paper 2,MCQ(multiple),ACD,Let $P$ be the point on the parabola $y^{2}=4 x$ which is at the shortest distance from the center $S$ of the circle $x^{2}+y^{2}-4 x-16 y+64=0$. Let $Q$ be the point on the circle dividing the line segment $S P$ internally. Then,0.3,no,,,,,,,,,,,,,,,
26,JEE Adv 2016 Paper 2,MCQ(multiple),ACD,Let $P$ be the point on the parabola $y^{2}=4 x$ which is at the shortest distance from the center $S$ of the circle $x^{2}+y^{2}-4 x-16 y+64=0$. Let $Q$ be the point on the circle dividing the line segment $S P$ internally. Then,0.4,no,,,,,,,,,,,,,,,
26,JEE Adv 2016 Paper 2,MCQ(multiple),ACD,Let $P$ be the point on the parabola $y^{2}=4 x$ which is at the shortest distance from the center $S$ of the circle $x^{2}+y^{2}-4 x-16 y+64=0$. Let $Q$ be the point on the circle dividing the line segment $S P$ internally. Then,0.5,no,,,,,,,,,,,,,,,
27,JEE Adv 2016 Paper 2,MCQ(multiple),BCD,"Let $a, \lambda, \mu \in \mathbb{R}$. Consider the system of linear equations

\[
\begin{aligned}

& a x+2 y=\lambda \\

& 3 x-2 y=\mu

\end{aligned}
\]

Which of the following statement(s) is(are) correct?",0.0,no,,,,,,,,,,,,,,,
27,JEE Adv 2016 Paper 2,MCQ(multiple),BCD,"Let $a, \lambda, \mu \in \mathbb{R}$. Consider the system of linear equations

\[
\begin{aligned}

& a x+2 y=\lambda \\

& 3 x-2 y=\mu

\end{aligned}
\]

Which of the following statement(s) is(are) correct?",0.1,no,,,,,,,,,,,,,,,
27,JEE Adv 2016 Paper 2,MCQ(multiple),BCD,"Let $a, \lambda, \mu \in \mathbb{R}$. Consider the system of linear equations

\[
\begin{aligned}

& a x+2 y=\lambda \\

& 3 x-2 y=\mu

\end{aligned}
\]

Which of the following statement(s) is(are) correct?",0.2,no,,,,,,,,,,,,,,,
27,JEE Adv 2016 Paper 2,MCQ(multiple),BCD,"Let $a, \lambda, \mu \in \mathbb{R}$. Consider the system of linear equations

\[
\begin{aligned}

& a x+2 y=\lambda \\

& 3 x-2 y=\mu

\end{aligned}
\]

Which of the following statement(s) is(are) correct?",0.3,no,,,,,,,,,,,,,,,
27,JEE Adv 2016 Paper 2,MCQ(multiple),BCD,"Let $a, \lambda, \mu \in \mathbb{R}$. Consider the system of linear equations

\[
\begin{aligned}

& a x+2 y=\lambda \\

& 3 x-2 y=\mu

\end{aligned}
\]

Which of the following statement(s) is(are) correct?",0.4,no,,,,,,,,,,,,,,,
27,JEE Adv 2016 Paper 2,MCQ(multiple),BCD,"Let $a, \lambda, \mu \in \mathbb{R}$. Consider the system of linear equations

\[
\begin{aligned}

& a x+2 y=\lambda \\

& 3 x-2 y=\mu

\end{aligned}
\]

Which of the following statement(s) is(are) correct?",0.5,no,,,,,,,,,,,,,,,
28,JEE Adv 2016 Paper 2,MCQ(multiple),BC,Let $\hat{u}=u_{1} \hat{i}+u_{2} \hat{j}+u_{3} \hat{k}$ be a unit vector in $\mathbb{R}^{3}$ and $\hat{w}=\frac{1}{\sqrt{6}}(\hat{i}+\hat{j}+2 \hat{k})$. Given that there exists a vector $\vec{v}$ in $\mathbb{R}^{3}$ such that $|\hat{u} \times \vec{v}|=1$ and $\hat{w} \cdot(\hat{u} \times \vec{v})=1$. Which of the following statementís) is(are) correct?,0.0,no,,,,,,,,,,,,,,,
28,JEE Adv 2016 Paper 2,MCQ(multiple),BC,Let $\hat{u}=u_{1} \hat{i}+u_{2} \hat{j}+u_{3} \hat{k}$ be a unit vector in $\mathbb{R}^{3}$ and $\hat{w}=\frac{1}{\sqrt{6}}(\hat{i}+\hat{j}+2 \hat{k})$. Given that there exists a vector $\vec{v}$ in $\mathbb{R}^{3}$ such that $|\hat{u} \times \vec{v}|=1$ and $\hat{w} \cdot(\hat{u} \times \vec{v})=1$. Which of the following statementís) is(are) correct?,0.1,no,,,,,,,,,,,,,,,
28,JEE Adv 2016 Paper 2,MCQ(multiple),BC,Let $\hat{u}=u_{1} \hat{i}+u_{2} \hat{j}+u_{3} \hat{k}$ be a unit vector in $\mathbb{R}^{3}$ and $\hat{w}=\frac{1}{\sqrt{6}}(\hat{i}+\hat{j}+2 \hat{k})$. Given that there exists a vector $\vec{v}$ in $\mathbb{R}^{3}$ such that $|\hat{u} \times \vec{v}|=1$ and $\hat{w} \cdot(\hat{u} \times \vec{v})=1$. Which of the following statementís) is(are) correct?,0.2,no,,,,,,,,,,,,,,,
28,JEE Adv 2016 Paper 2,MCQ(multiple),BC,Let $\hat{u}=u_{1} \hat{i}+u_{2} \hat{j}+u_{3} \hat{k}$ be a unit vector in $\mathbb{R}^{3}$ and $\hat{w}=\frac{1}{\sqrt{6}}(\hat{i}+\hat{j}+2 \hat{k})$. Given that there exists a vector $\vec{v}$ in $\mathbb{R}^{3}$ such that $|\hat{u} \times \vec{v}|=1$ and $\hat{w} \cdot(\hat{u} \times \vec{v})=1$. Which of the following statementís) is(are) correct?,0.3,no,,,,,,,,,,,,,,,
28,JEE Adv 2016 Paper 2,MCQ(multiple),BC,Let $\hat{u}=u_{1} \hat{i}+u_{2} \hat{j}+u_{3} \hat{k}$ be a unit vector in $\mathbb{R}^{3}$ and $\hat{w}=\frac{1}{\sqrt{6}}(\hat{i}+\hat{j}+2 \hat{k})$. Given that there exists a vector $\vec{v}$ in $\mathbb{R}^{3}$ such that $|\hat{u} \times \vec{v}|=1$ and $\hat{w} \cdot(\hat{u} \times \vec{v})=1$. Which of the following statementís) is(are) correct?,0.4,no,,,,,,,,,,,,,,,
28,JEE Adv 2016 Paper 2,MCQ(multiple),BC,Let $\hat{u}=u_{1} \hat{i}+u_{2} \hat{j}+u_{3} \hat{k}$ be a unit vector in $\mathbb{R}^{3}$ and $\hat{w}=\frac{1}{\sqrt{6}}(\hat{i}+\hat{j}+2 \hat{k})$. Given that there exists a vector $\vec{v}$ in $\mathbb{R}^{3}$ such that $|\hat{u} \times \vec{v}|=1$ and $\hat{w} \cdot(\hat{u} \times \vec{v})=1$. Which of the following statementís) is(are) correct?,0.5,no,,,,,,,,,,,,,,,
29,JEE Adv 2017 Paper 1,MCQ(multiple),ABC,"If $2 x-y+1=0$ is a tangent to the hyperbola $\frac{x^{2}}{a^{2}}-\frac{y^{2}}{16}=1$, then which of the following CANNOT be sides of a right angled triangle?",0.0,no,,,,,,,,,,,,,,,
29,JEE Adv 2017 Paper 1,MCQ(multiple),ABC,"If $2 x-y+1=0$ is a tangent to the hyperbola $\frac{x^{2}}{a^{2}}-\frac{y^{2}}{16}=1$, then which of the following CANNOT be sides of a right angled triangle?",0.1,no,,,,,,,,,,,,,,,
29,JEE Adv 2017 Paper 1,MCQ(multiple),ABC,"If $2 x-y+1=0$ is a tangent to the hyperbola $\frac{x^{2}}{a^{2}}-\frac{y^{2}}{16}=1$, then which of the following CANNOT be sides of a right angled triangle?",0.2,no,,,,,,,,,,,,,,,
29,JEE Adv 2017 Paper 1,MCQ(multiple),ABC,"If $2 x-y+1=0$ is a tangent to the hyperbola $\frac{x^{2}}{a^{2}}-\frac{y^{2}}{16}=1$, then which of the following CANNOT be sides of a right angled triangle?",0.3,no,,,,,,,,,,,,,,,
29,JEE Adv 2017 Paper 1,MCQ(multiple),ABC,"If $2 x-y+1=0$ is a tangent to the hyperbola $\frac{x^{2}}{a^{2}}-\frac{y^{2}}{16}=1$, then which of the following CANNOT be sides of a right angled triangle?",0.4,no,,,,,,,,,,,,,,,
29,JEE Adv 2017 Paper 1,MCQ(multiple),ABC,"If $2 x-y+1=0$ is a tangent to the hyperbola $\frac{x^{2}}{a^{2}}-\frac{y^{2}}{16}=1$, then which of the following CANNOT be sides of a right angled triangle?",0.5,no,,,,,,,,,,,,,,,
30,JEE Adv 2017 Paper 1,MCQ(multiple),C,"If a chord, which is not a tangent, of the parabola $y^{2}=16 x$ has the equation $2 x+y=p$, and midpoint $(h, k)$, then which of the following is(are) possible value(s) of $p, h$ and $k$ ?",0.0,no,,,,,,,,,,,,,,,
30,JEE Adv 2017 Paper 1,MCQ(multiple),C,"If a chord, which is not a tangent, of the parabola $y^{2}=16 x$ has the equation $2 x+y=p$, and midpoint $(h, k)$, then which of the following is(are) possible value(s) of $p, h$ and $k$ ?",0.1,no,,,,,,,,,,,,,,,
30,JEE Adv 2017 Paper 1,MCQ(multiple),C,"If a chord, which is not a tangent, of the parabola $y^{2}=16 x$ has the equation $2 x+y=p$, and midpoint $(h, k)$, then which of the following is(are) possible value(s) of $p, h$ and $k$ ?",0.2,no,,,,,,,,,,,,,,,
30,JEE Adv 2017 Paper 1,MCQ(multiple),C,"If a chord, which is not a tangent, of the parabola $y^{2}=16 x$ has the equation $2 x+y=p$, and midpoint $(h, k)$, then which of the following is(are) possible value(s) of $p, h$ and $k$ ?",0.3,no,,,,,,,,,,,,,,,
30,JEE Adv 2017 Paper 1,MCQ(multiple),C,"If a chord, which is not a tangent, of the parabola $y^{2}=16 x$ has the equation $2 x+y=p$, and midpoint $(h, k)$, then which of the following is(are) possible value(s) of $p, h$ and $k$ ?",0.4,no,,,,,,,,,,,,,,,
30,JEE Adv 2017 Paper 1,MCQ(multiple),C,"If a chord, which is not a tangent, of the parabola $y^{2}=16 x$ has the equation $2 x+y=p$, and midpoint $(h, k)$, then which of the following is(are) possible value(s) of $p, h$ and $k$ ?",0.5,no,,,,,,,,,,,,,,,
31,JEE Adv 2017 Paper 1,MCQ(multiple),AB,"Let $f: \mathbb{R} \rightarrow(0,1)$ be a continuous function. Then, which of the following function(s) has(have) the value zero at some point in the interval $(0,1)$ ?",0.0,no,,,,,,,,,,,,,,,
31,JEE Adv 2017 Paper 1,MCQ(multiple),AB,"Let $f: \mathbb{R} \rightarrow(0,1)$ be a continuous function. Then, which of the following function(s) has(have) the value zero at some point in the interval $(0,1)$ ?",0.1,no,,,,,,,,,,,,,,,
31,JEE Adv 2017 Paper 1,MCQ(multiple),AB,"Let $f: \mathbb{R} \rightarrow(0,1)$ be a continuous function. Then, which of the following function(s) has(have) the value zero at some point in the interval $(0,1)$ ?",0.2,no,,,,,,,,,,,,,,,
31,JEE Adv 2017 Paper 1,MCQ(multiple),AB,"Let $f: \mathbb{R} \rightarrow(0,1)$ be a continuous function. Then, which of the following function(s) has(have) the value zero at some point in the interval $(0,1)$ ?",0.3,no,,,,,,,,,,,,,,,
31,JEE Adv 2017 Paper 1,MCQ(multiple),AB,"Let $f: \mathbb{R} \rightarrow(0,1)$ be a continuous function. Then, which of the following function(s) has(have) the value zero at some point in the interval $(0,1)$ ?",0.4,no,,,,,,,,,,,,,,,
31,JEE Adv 2017 Paper 1,MCQ(multiple),AB,"Let $f: \mathbb{R} \rightarrow(0,1)$ be a continuous function. Then, which of the following function(s) has(have) the value zero at some point in the interval $(0,1)$ ?",0.5,no,,,,,,,,,,,,,,,
32,JEE Adv 2017 Paper 1,MCQ(multiple),BD,Which of the following is(are) NOT the square of a $3 \times 3$ matrix with real entries?,0.0,no,,,,,,,,,,,,,,,
32,JEE Adv 2017 Paper 1,MCQ(multiple),BD,Which of the following is(are) NOT the square of a $3 \times 3$ matrix with real entries?,0.1,no,,,,,,,,,,,,,,,
32,JEE Adv 2017 Paper 1,MCQ(multiple),BD,Which of the following is(are) NOT the square of a $3 \times 3$ matrix with real entries?,0.2,no,,,,,,,,,,,,,,,
32,JEE Adv 2017 Paper 1,MCQ(multiple),BD,Which of the following is(are) NOT the square of a $3 \times 3$ matrix with real entries?,0.3,no,,,,,,,,,,,,,,,
32,JEE Adv 2017 Paper 1,MCQ(multiple),BD,Which of the following is(are) NOT the square of a $3 \times 3$ matrix with real entries?,0.4,no,,,,,,,,,,,,,,,
32,JEE Adv 2017 Paper 1,MCQ(multiple),BD,Which of the following is(are) NOT the square of a $3 \times 3$ matrix with real entries?,0.5,no,,,,,,,,,,,,,,,
33,JEE Adv 2017 Paper 1,MCQ(multiple),AB,"Let $a, b, x$ and $y$ be real numbers such that $a-b=1$ and $y \neq 0$. If the complex number $z=x+i y$ satisfies $\operatorname{Im}\left(\frac{a z+b}{z+1}\right)=\mathrm{y}$, then which of the following is(are) possible value(s) of $x ?$",0.0,no,,,,,,,,,,,,,,,
33,JEE Adv 2017 Paper 1,MCQ(multiple),AB,"Let $a, b, x$ and $y$ be real numbers such that $a-b=1$ and $y \neq 0$. If the complex number $z=x+i y$ satisfies $\operatorname{Im}\left(\frac{a z+b}{z+1}\right)=\mathrm{y}$, then which of the following is(are) possible value(s) of $x ?$",0.1,no,,,,,,,,,,,,,,,
33,JEE Adv 2017 Paper 1,MCQ(multiple),AB,"Let $a, b, x$ and $y$ be real numbers such that $a-b=1$ and $y \neq 0$. If the complex number $z=x+i y$ satisfies $\operatorname{Im}\left(\frac{a z+b}{z+1}\right)=\mathrm{y}$, then which of the following is(are) possible value(s) of $x ?$",0.2,no,,,,,,,,,,,,,,,
33,JEE Adv 2017 Paper 1,MCQ(multiple),AB,"Let $a, b, x$ and $y$ be real numbers such that $a-b=1$ and $y \neq 0$. If the complex number $z=x+i y$ satisfies $\operatorname{Im}\left(\frac{a z+b}{z+1}\right)=\mathrm{y}$, then which of the following is(are) possible value(s) of $x ?$",0.3,no,,,,,,,,,,,,,,,
33,JEE Adv 2017 Paper 1,MCQ(multiple),AB,"Let $a, b, x$ and $y$ be real numbers such that $a-b=1$ and $y \neq 0$. If the complex number $z=x+i y$ satisfies $\operatorname{Im}\left(\frac{a z+b}{z+1}\right)=\mathrm{y}$, then which of the following is(are) possible value(s) of $x ?$",0.4,no,,,,,,,,,,,,,,,
33,JEE Adv 2017 Paper 1,MCQ(multiple),AB,"Let $a, b, x$ and $y$ be real numbers such that $a-b=1$ and $y \neq 0$. If the complex number $z=x+i y$ satisfies $\operatorname{Im}\left(\frac{a z+b}{z+1}\right)=\mathrm{y}$, then which of the following is(are) possible value(s) of $x ?$",0.5,no,,,,,,,,,,,,,,,
34,JEE Adv 2017 Paper 1,MCQ(multiple),AB,"Let $X$ and $Y$ be two events such that $P(X)=\frac{1}{3}, P(X \mid Y)=\frac{1}{2}$ and $P(Y \mid X)=\frac{2}{5}$. Then",0.0,no,,,,,,,,,,,,,,,
34,JEE Adv 2017 Paper 1,MCQ(multiple),AB,"Let $X$ and $Y$ be two events such that $P(X)=\frac{1}{3}, P(X \mid Y)=\frac{1}{2}$ and $P(Y \mid X)=\frac{2}{5}$. Then",0.1,no,,,,,,,,,,,,,,,
34,JEE Adv 2017 Paper 1,MCQ(multiple),AB,"Let $X$ and $Y$ be two events such that $P(X)=\frac{1}{3}, P(X \mid Y)=\frac{1}{2}$ and $P(Y \mid X)=\frac{2}{5}$. Then",0.2,no,,,,,,,,,,,,,,,
34,JEE Adv 2017 Paper 1,MCQ(multiple),AB,"Let $X$ and $Y$ be two events such that $P(X)=\frac{1}{3}, P(X \mid Y)=\frac{1}{2}$ and $P(Y \mid X)=\frac{2}{5}$. Then",0.3,no,,,,,,,,,,,,,,,
34,JEE Adv 2017 Paper 1,MCQ(multiple),AB,"Let $X$ and $Y$ be two events such that $P(X)=\frac{1}{3}, P(X \mid Y)=\frac{1}{2}$ and $P(Y \mid X)=\frac{2}{5}$. Then",0.4,no,,,,,,,,,,,,,,,
34,JEE Adv 2017 Paper 1,MCQ(multiple),AB,"Let $X$ and $Y$ be two events such that $P(X)=\frac{1}{3}, P(X \mid Y)=\frac{1}{2}$ and $P(Y \mid X)=\frac{2}{5}$. Then",0.5,no,,,,,,,,,,,,,,,
35,JEE Adv 2017 Paper 1,Integer,2,"For how many values of $p$, the circle $x^{2}+y^{2}+2 x+4 y-p=0$ and the coordinate axes have exactly three common points?",0.0,no,,,,,,,,,,,,,,,
35,JEE Adv 2017 Paper 1,Integer,2,"For how many values of $p$, the circle $x^{2}+y^{2}+2 x+4 y-p=0$ and the coordinate axes have exactly three common points?",0.1,no,,,,,,,,,,,,,,,
35,JEE Adv 2017 Paper 1,Integer,2,"For how many values of $p$, the circle $x^{2}+y^{2}+2 x+4 y-p=0$ and the coordinate axes have exactly three common points?",0.2,no,,,,,,,,,,,,,,,
35,JEE Adv 2017 Paper 1,Integer,2,"For how many values of $p$, the circle $x^{2}+y^{2}+2 x+4 y-p=0$ and the coordinate axes have exactly three common points?",0.3,no,,,,,,,,,,,,,,,
35,JEE Adv 2017 Paper 1,Integer,2,"For how many values of $p$, the circle $x^{2}+y^{2}+2 x+4 y-p=0$ and the coordinate axes have exactly three common points?",0.4,no,,,,,,,,,,,,,,,
35,JEE Adv 2017 Paper 1,Integer,2,"For how many values of $p$, the circle $x^{2}+y^{2}+2 x+4 y-p=0$ and the coordinate axes have exactly three common points?",0.5,no,,,,,,,,,,,,,,,
36,JEE Adv 2017 Paper 1,Integer,2,"Let $f: \mathbb{R} \rightarrow \mathbb{R}$ be a differentiable function such that $f(0)=0, f\left(\frac{\pi}{2}\right)=3$ and $f^{\prime}(0)=1$. If

\[
g(x)=\int_{x}^{\frac{\pi}{2}}\left[f^{\prime}(t) \operatorname{cosec} t-\cot t \operatorname{cosec} t f(t)\right] d t
\]

for $x \in\left(0, \frac{\pi}{2}\right]$, then what is the $\lim _{x \rightarrow 0} g(x)$?",0.0,no,,,,,,,,,,,,,,,
36,JEE Adv 2017 Paper 1,Integer,2,"Let $f: \mathbb{R} \rightarrow \mathbb{R}$ be a differentiable function such that $f(0)=0, f\left(\frac{\pi}{2}\right)=3$ and $f^{\prime}(0)=1$. If

\[
g(x)=\int_{x}^{\frac{\pi}{2}}\left[f^{\prime}(t) \operatorname{cosec} t-\cot t \operatorname{cosec} t f(t)\right] d t
\]

for $x \in\left(0, \frac{\pi}{2}\right]$, then what is the $\lim _{x \rightarrow 0} g(x)$?",0.1,no,,,,,,,,,,,,,,,
36,JEE Adv 2017 Paper 1,Integer,2,"Let $f: \mathbb{R} \rightarrow \mathbb{R}$ be a differentiable function such that $f(0)=0, f\left(\frac{\pi}{2}\right)=3$ and $f^{\prime}(0)=1$. If

\[
g(x)=\int_{x}^{\frac{\pi}{2}}\left[f^{\prime}(t) \operatorname{cosec} t-\cot t \operatorname{cosec} t f(t)\right] d t
\]

for $x \in\left(0, \frac{\pi}{2}\right]$, then what is the $\lim _{x \rightarrow 0} g(x)$?",0.2,no,,,,,,,,,,,,,,,
36,JEE Adv 2017 Paper 1,Integer,2,"Let $f: \mathbb{R} \rightarrow \mathbb{R}$ be a differentiable function such that $f(0)=0, f\left(\frac{\pi}{2}\right)=3$ and $f^{\prime}(0)=1$. If

\[
g(x)=\int_{x}^{\frac{\pi}{2}}\left[f^{\prime}(t) \operatorname{cosec} t-\cot t \operatorname{cosec} t f(t)\right] d t
\]

for $x \in\left(0, \frac{\pi}{2}\right]$, then what is the $\lim _{x \rightarrow 0} g(x)$?",0.3,no,,,,,,,,,,,,,,,
36,JEE Adv 2017 Paper 1,Integer,2,"Let $f: \mathbb{R} \rightarrow \mathbb{R}$ be a differentiable function such that $f(0)=0, f\left(\frac{\pi}{2}\right)=3$ and $f^{\prime}(0)=1$. If

\[
g(x)=\int_{x}^{\frac{\pi}{2}}\left[f^{\prime}(t) \operatorname{cosec} t-\cot t \operatorname{cosec} t f(t)\right] d t
\]

for $x \in\left(0, \frac{\pi}{2}\right]$, then what is the $\lim _{x \rightarrow 0} g(x)$?",0.4,no,,,,,,,,,,,,,,,
36,JEE Adv 2017 Paper 1,Integer,2,"Let $f: \mathbb{R} \rightarrow \mathbb{R}$ be a differentiable function such that $f(0)=0, f\left(\frac{\pi}{2}\right)=3$ and $f^{\prime}(0)=1$. If

\[
g(x)=\int_{x}^{\frac{\pi}{2}}\left[f^{\prime}(t) \operatorname{cosec} t-\cot t \operatorname{cosec} t f(t)\right] d t
\]

for $x \in\left(0, \frac{\pi}{2}\right]$, then what is the $\lim _{x \rightarrow 0} g(x)$?",0.5,no,,,,,,,,,,,,,,,
37,JEE Adv 2017 Paper 1,Integer,1,"For a real number $\alpha$, if the system

\[
\left[\begin{array}{ccc}

1 & \alpha & \alpha^{2} \\

\alpha & 1 & \alpha \\

\alpha^{2} & \alpha & 1

\end{array}\right]\left[\begin{array}{l}

x \\

y \\

z

\end{array}\right]=\left[\begin{array}{r}

1 \\

-1 \\

1

\end{array}\right]
\]

of linear equations, has infinitely many solutions, then what is the value of $1+\alpha+\alpha^{2}$?",0.0,no,,,,,,,,,,,,,,,
37,JEE Adv 2017 Paper 1,Integer,1,"For a real number $\alpha$, if the system

\[
\left[\begin{array}{ccc}

1 & \alpha & \alpha^{2} \\

\alpha & 1 & \alpha \\

\alpha^{2} & \alpha & 1

\end{array}\right]\left[\begin{array}{l}

x \\

y \\

z

\end{array}\right]=\left[\begin{array}{r}

1 \\

-1 \\

1

\end{array}\right]
\]

of linear equations, has infinitely many solutions, then what is the value of $1+\alpha+\alpha^{2}$?",0.1,no,,,,,,,,,,,,,,,
37,JEE Adv 2017 Paper 1,Integer,1,"For a real number $\alpha$, if the system

\[
\left[\begin{array}{ccc}

1 & \alpha & \alpha^{2} \\

\alpha & 1 & \alpha \\

\alpha^{2} & \alpha & 1

\end{array}\right]\left[\begin{array}{l}

x \\

y \\

z

\end{array}\right]=\left[\begin{array}{r}

1 \\

-1 \\

1

\end{array}\right]
\]

of linear equations, has infinitely many solutions, then what is the value of $1+\alpha+\alpha^{2}$?",0.2,no,,,,,,,,,,,,,,,
37,JEE Adv 2017 Paper 1,Integer,1,"For a real number $\alpha$, if the system

\[
\left[\begin{array}{ccc}

1 & \alpha & \alpha^{2} \\

\alpha & 1 & \alpha \\

\alpha^{2} & \alpha & 1

\end{array}\right]\left[\begin{array}{l}

x \\

y \\

z

\end{array}\right]=\left[\begin{array}{r}

1 \\

-1 \\

1

\end{array}\right]
\]

of linear equations, has infinitely many solutions, then what is the value of $1+\alpha+\alpha^{2}$?",0.3,no,,,,,,,,,,,,,,,
37,JEE Adv 2017 Paper 1,Integer,1,"For a real number $\alpha$, if the system

\[
\left[\begin{array}{ccc}

1 & \alpha & \alpha^{2} \\

\alpha & 1 & \alpha \\

\alpha^{2} & \alpha & 1

\end{array}\right]\left[\begin{array}{l}

x \\

y \\

z

\end{array}\right]=\left[\begin{array}{r}

1 \\

-1 \\

1

\end{array}\right]
\]

of linear equations, has infinitely many solutions, then what is the value of $1+\alpha+\alpha^{2}$?",0.4,no,,,,,,,,,,,,,,,
37,JEE Adv 2017 Paper 1,Integer,1,"For a real number $\alpha$, if the system

\[
\left[\begin{array}{ccc}

1 & \alpha & \alpha^{2} \\

\alpha & 1 & \alpha \\

\alpha^{2} & \alpha & 1

\end{array}\right]\left[\begin{array}{l}

x \\

y \\

z

\end{array}\right]=\left[\begin{array}{r}

1 \\

-1 \\

1

\end{array}\right]
\]

of linear equations, has infinitely many solutions, then what is the value of $1+\alpha+\alpha^{2}$?",0.5,no,,,,,,,,,,,,,,,
38,JEE Adv 2017 Paper 1,Integer,5,"Words of length 10 are formed using the letters $A, B, C, D, E, F, G, H, I, J$. Let $x$ be the number of such words where no letter is repeated; and let $y$ be the number of such words where exactly one letter is repeated twice and no other letter is repeated. Then, what is the value of $\frac{y}{9 x}$?",0.0,no,,,,,,,,,,,,,,,
38,JEE Adv 2017 Paper 1,Integer,5,"Words of length 10 are formed using the letters $A, B, C, D, E, F, G, H, I, J$. Let $x$ be the number of such words where no letter is repeated; and let $y$ be the number of such words where exactly one letter is repeated twice and no other letter is repeated. Then, what is the value of $\frac{y}{9 x}$?",0.1,no,,,,,,,,,,,,,,,
38,JEE Adv 2017 Paper 1,Integer,5,"Words of length 10 are formed using the letters $A, B, C, D, E, F, G, H, I, J$. Let $x$ be the number of such words where no letter is repeated; and let $y$ be the number of such words where exactly one letter is repeated twice and no other letter is repeated. Then, what is the value of $\frac{y}{9 x}$?",0.2,no,,,,,,,,,,,,,,,
38,JEE Adv 2017 Paper 1,Integer,5,"Words of length 10 are formed using the letters $A, B, C, D, E, F, G, H, I, J$. Let $x$ be the number of such words where no letter is repeated; and let $y$ be the number of such words where exactly one letter is repeated twice and no other letter is repeated. Then, what is the value of $\frac{y}{9 x}$?",0.3,no,,,,,,,,,,,,,,,
38,JEE Adv 2017 Paper 1,Integer,5,"Words of length 10 are formed using the letters $A, B, C, D, E, F, G, H, I, J$. Let $x$ be the number of such words where no letter is repeated; and let $y$ be the number of such words where exactly one letter is repeated twice and no other letter is repeated. Then, what is the value of $\frac{y}{9 x}$?",0.4,no,,,,,,,,,,,,,,,
38,JEE Adv 2017 Paper 1,Integer,5,"Words of length 10 are formed using the letters $A, B, C, D, E, F, G, H, I, J$. Let $x$ be the number of such words where no letter is repeated; and let $y$ be the number of such words where exactly one letter is repeated twice and no other letter is repeated. Then, what is the value of $\frac{y}{9 x}$?",0.5,no,,,,,,,,,,,,,,,
39,JEE Adv 2017 Paper 1,Integer,6,"The sides of a right angled triangle are in arithmetic progression. If the triangle has area 24, then what is the length of its smallest side?",0.0,no,,,,,,,,,,,,,,,
39,JEE Adv 2017 Paper 1,Integer,6,"The sides of a right angled triangle are in arithmetic progression. If the triangle has area 24, then what is the length of its smallest side?",0.1,no,,,,,,,,,,,,,,,
39,JEE Adv 2017 Paper 1,Integer,6,"The sides of a right angled triangle are in arithmetic progression. If the triangle has area 24, then what is the length of its smallest side?",0.2,no,,,,,,,,,,,,,,,
39,JEE Adv 2017 Paper 1,Integer,6,"The sides of a right angled triangle are in arithmetic progression. If the triangle has area 24, then what is the length of its smallest side?",0.3,no,,,,,,,,,,,,,,,
39,JEE Adv 2017 Paper 1,Integer,6,"The sides of a right angled triangle are in arithmetic progression. If the triangle has area 24, then what is the length of its smallest side?",0.4,no,,,,,,,,,,,,,,,
39,JEE Adv 2017 Paper 1,Integer,6,"The sides of a right angled triangle are in arithmetic progression. If the triangle has area 24, then what is the length of its smallest side?",0.5,no,,,,,,,,,,,,,,,
40,JEE Adv 2017 Paper 2,MCQ,C,"The equation of the plane passing through the point $(1,1,1)$ and perpendicular to the planes $2 x+y-2 z=5$ and $3 x-6 y-2 z=7$, is",0.0,no,,,,,,,,,,,,,,,
40,JEE Adv 2017 Paper 2,MCQ,C,"The equation of the plane passing through the point $(1,1,1)$ and perpendicular to the planes $2 x+y-2 z=5$ and $3 x-6 y-2 z=7$, is",0.1,no,,,,,,,,,,,,,,,
40,JEE Adv 2017 Paper 2,MCQ,C,"The equation of the plane passing through the point $(1,1,1)$ and perpendicular to the planes $2 x+y-2 z=5$ and $3 x-6 y-2 z=7$, is",0.2,no,,,,,,,,,,,,,,,
40,JEE Adv 2017 Paper 2,MCQ,C,"The equation of the plane passing through the point $(1,1,1)$ and perpendicular to the planes $2 x+y-2 z=5$ and $3 x-6 y-2 z=7$, is",0.3,no,,,,,,,,,,,,,,,
40,JEE Adv 2017 Paper 2,MCQ,C,"The equation of the plane passing through the point $(1,1,1)$ and perpendicular to the planes $2 x+y-2 z=5$ and $3 x-6 y-2 z=7$, is",0.4,no,,,,,,,,,,,,,,,
40,JEE Adv 2017 Paper 2,MCQ,C,"The equation of the plane passing through the point $(1,1,1)$ and perpendicular to the planes $2 x+y-2 z=5$ and $3 x-6 y-2 z=7$, is",0.5,no,,,,,,,,,,,,,,,
41,JEE Adv 2017 Paper 2,MCQ,D,"Let $O$ be the origin and let $P Q R$ be an arbitrary triangle. The point $S$ is such that

\[
\overrightarrow{O P} \cdot \overrightarrow{O Q}+\overrightarrow{O R} \cdot \overrightarrow{O S}=\overrightarrow{O R} \cdot \overrightarrow{O P}+\overrightarrow{O Q} \cdot \overrightarrow{O S}=\overrightarrow{O Q} \cdot \overrightarrow{O R}+\overrightarrow{O P} \cdot \overrightarrow{O S}
\]

Then the triangle $P Q R$ has $S$ as its",0.0,no,,,,,,,,,,,,,,,
41,JEE Adv 2017 Paper 2,MCQ,D,"Let $O$ be the origin and let $P Q R$ be an arbitrary triangle. The point $S$ is such that

\[
\overrightarrow{O P} \cdot \overrightarrow{O Q}+\overrightarrow{O R} \cdot \overrightarrow{O S}=\overrightarrow{O R} \cdot \overrightarrow{O P}+\overrightarrow{O Q} \cdot \overrightarrow{O S}=\overrightarrow{O Q} \cdot \overrightarrow{O R}+\overrightarrow{O P} \cdot \overrightarrow{O S}
\]

Then the triangle $P Q R$ has $S$ as its",0.1,no,,,,,,,,,,,,,,,
41,JEE Adv 2017 Paper 2,MCQ,D,"Let $O$ be the origin and let $P Q R$ be an arbitrary triangle. The point $S$ is such that

\[
\overrightarrow{O P} \cdot \overrightarrow{O Q}+\overrightarrow{O R} \cdot \overrightarrow{O S}=\overrightarrow{O R} \cdot \overrightarrow{O P}+\overrightarrow{O Q} \cdot \overrightarrow{O S}=\overrightarrow{O Q} \cdot \overrightarrow{O R}+\overrightarrow{O P} \cdot \overrightarrow{O S}
\]

Then the triangle $P Q R$ has $S$ as its",0.2,no,,,,,,,,,,,,,,,
41,JEE Adv 2017 Paper 2,MCQ,D,"Let $O$ be the origin and let $P Q R$ be an arbitrary triangle. The point $S$ is such that

\[
\overrightarrow{O P} \cdot \overrightarrow{O Q}+\overrightarrow{O R} \cdot \overrightarrow{O S}=\overrightarrow{O R} \cdot \overrightarrow{O P}+\overrightarrow{O Q} \cdot \overrightarrow{O S}=\overrightarrow{O Q} \cdot \overrightarrow{O R}+\overrightarrow{O P} \cdot \overrightarrow{O S}
\]

Then the triangle $P Q R$ has $S$ as its",0.3,no,,,,,,,,,,,,,,,
41,JEE Adv 2017 Paper 2,MCQ,D,"Let $O$ be the origin and let $P Q R$ be an arbitrary triangle. The point $S$ is such that

\[
\overrightarrow{O P} \cdot \overrightarrow{O Q}+\overrightarrow{O R} \cdot \overrightarrow{O S}=\overrightarrow{O R} \cdot \overrightarrow{O P}+\overrightarrow{O Q} \cdot \overrightarrow{O S}=\overrightarrow{O Q} \cdot \overrightarrow{O R}+\overrightarrow{O P} \cdot \overrightarrow{O S}
\]

Then the triangle $P Q R$ has $S$ as its",0.4,no,,,,,,,,,,,,,,,
41,JEE Adv 2017 Paper 2,MCQ,D,"Let $O$ be the origin and let $P Q R$ be an arbitrary triangle. The point $S$ is such that

\[
\overrightarrow{O P} \cdot \overrightarrow{O Q}+\overrightarrow{O R} \cdot \overrightarrow{O S}=\overrightarrow{O R} \cdot \overrightarrow{O P}+\overrightarrow{O Q} \cdot \overrightarrow{O S}=\overrightarrow{O Q} \cdot \overrightarrow{O R}+\overrightarrow{O P} \cdot \overrightarrow{O S}
\]

Then the triangle $P Q R$ has $S$ as its",0.5,no,,,,,,,,,,,,,,,
42,JEE Adv 2017 Paper 2,MCQ,A,"If $y=y(x)$ satisfies the differential equation
\[
8 \sqrt{x}(\sqrt{9+\sqrt{x}}) d y=(\sqrt{4+\sqrt{9+\sqrt{x}}})^{-1} d x, \quad x>0
\]

and $y(0)=\sqrt{7}$, then $y(256)=$",0.0,no,,,,,,,,,,,,,,,
42,JEE Adv 2017 Paper 2,MCQ,A,"If $y=y(x)$ satisfies the differential equation
\[
8 \sqrt{x}(\sqrt{9+\sqrt{x}}) d y=(\sqrt{4+\sqrt{9+\sqrt{x}}})^{-1} d x, \quad x>0
\]

and $y(0)=\sqrt{7}$, then $y(256)=$",0.1,no,,,,,,,,,,,,,,,
42,JEE Adv 2017 Paper 2,MCQ,A,"If $y=y(x)$ satisfies the differential equation
\[
8 \sqrt{x}(\sqrt{9+\sqrt{x}}) d y=(\sqrt{4+\sqrt{9+\sqrt{x}}})^{-1} d x, \quad x>0
\]

and $y(0)=\sqrt{7}$, then $y(256)=$",0.2,no,,,,,,,,,,,,,,,
42,JEE Adv 2017 Paper 2,MCQ,A,"If $y=y(x)$ satisfies the differential equation
\[
8 \sqrt{x}(\sqrt{9+\sqrt{x}}) d y=(\sqrt{4+\sqrt{9+\sqrt{x}}})^{-1} d x, \quad x>0
\]

and $y(0)=\sqrt{7}$, then $y(256)=$",0.3,no,,,,,,,,,,,,,,,
42,JEE Adv 2017 Paper 2,MCQ,A,"If $y=y(x)$ satisfies the differential equation
\[
8 \sqrt{x}(\sqrt{9+\sqrt{x}}) d y=(\sqrt{4+\sqrt{9+\sqrt{x}}})^{-1} d x, \quad x>0
\]

and $y(0)=\sqrt{7}$, then $y(256)=$",0.4,no,,,,,,,,,,,,,,,
42,JEE Adv 2017 Paper 2,MCQ,A,"If $y=y(x)$ satisfies the differential equation
\[
8 \sqrt{x}(\sqrt{9+\sqrt{x}}) d y=(\sqrt{4+\sqrt{9+\sqrt{x}}})^{-1} d x, \quad x>0
\]

and $y(0)=\sqrt{7}$, then $y(256)=$",0.5,no,,,,,,,,,,,,,,,
43,JEE Adv 2017 Paper 2,MCQ,D,"If $f: \mathbb{R} \rightarrow \mathbb{R}$ is a twice differentiable function such that $f^{\prime \prime}(x)>0$ for all $x \in \mathbb{R}$, and $f\left(\frac{1}{2}\right)=\frac{1}{2}, f(1)=1$, then",0.0,no,,,,,,,,,,,,,,,
43,JEE Adv 2017 Paper 2,MCQ,D,"If $f: \mathbb{R} \rightarrow \mathbb{R}$ is a twice differentiable function such that $f^{\prime \prime}(x)>0$ for all $x \in \mathbb{R}$, and $f\left(\frac{1}{2}\right)=\frac{1}{2}, f(1)=1$, then",0.1,no,,,,,,,,,,,,,,,
43,JEE Adv 2017 Paper 2,MCQ,D,"If $f: \mathbb{R} \rightarrow \mathbb{R}$ is a twice differentiable function such that $f^{\prime \prime}(x)>0$ for all $x \in \mathbb{R}$, and $f\left(\frac{1}{2}\right)=\frac{1}{2}, f(1)=1$, then",0.2,no,,,,,,,,,,,,,,,
43,JEE Adv 2017 Paper 2,MCQ,D,"If $f: \mathbb{R} \rightarrow \mathbb{R}$ is a twice differentiable function such that $f^{\prime \prime}(x)>0$ for all $x \in \mathbb{R}$, and $f\left(\frac{1}{2}\right)=\frac{1}{2}, f(1)=1$, then",0.3,no,,,,,,,,,,,,,,,
43,JEE Adv 2017 Paper 2,MCQ,D,"If $f: \mathbb{R} \rightarrow \mathbb{R}$ is a twice differentiable function such that $f^{\prime \prime}(x)>0$ for all $x \in \mathbb{R}$, and $f\left(\frac{1}{2}\right)=\frac{1}{2}, f(1)=1$, then",0.4,no,,,,,,,,,,,,,,,
43,JEE Adv 2017 Paper 2,MCQ,D,"If $f: \mathbb{R} \rightarrow \mathbb{R}$ is a twice differentiable function such that $f^{\prime \prime}(x)>0$ for all $x \in \mathbb{R}$, and $f\left(\frac{1}{2}\right)=\frac{1}{2}, f(1)=1$, then",0.5,no,,,,,,,,,,,,,,,
44,JEE Adv 2017 Paper 2,MCQ,B,"How many $3 \times 3$ matrices $M$ with entries from $\{0,1,2\}$ are there, for which the sum of the diagonal entries of $M^{T} M$ is $5 ?$",0.0,no,,,,,,,,,,,,,,,
44,JEE Adv 2017 Paper 2,MCQ,B,"How many $3 \times 3$ matrices $M$ with entries from $\{0,1,2\}$ are there, for which the sum of the diagonal entries of $M^{T} M$ is $5 ?$",0.1,no,,,,,,,,,,,,,,,
44,JEE Adv 2017 Paper 2,MCQ,B,"How many $3 \times 3$ matrices $M$ with entries from $\{0,1,2\}$ are there, for which the sum of the diagonal entries of $M^{T} M$ is $5 ?$",0.2,no,,,,,,,,,,,,,,,
44,JEE Adv 2017 Paper 2,MCQ,B,"How many $3 \times 3$ matrices $M$ with entries from $\{0,1,2\}$ are there, for which the sum of the diagonal entries of $M^{T} M$ is $5 ?$",0.3,no,,,,,,,,,,,,,,,
44,JEE Adv 2017 Paper 2,MCQ,B,"How many $3 \times 3$ matrices $M$ with entries from $\{0,1,2\}$ are there, for which the sum of the diagonal entries of $M^{T} M$ is $5 ?$",0.4,no,,,,,,,,,,,,,,,
44,JEE Adv 2017 Paper 2,MCQ,B,"How many $3 \times 3$ matrices $M$ with entries from $\{0,1,2\}$ are there, for which the sum of the diagonal entries of $M^{T} M$ is $5 ?$",0.5,no,,,,,,,,,,,,,,,
45,JEE Adv 2017 Paper 2,MCQ,D,"Let $S=\{1,2,3, \ldots, 9\}$. For $k=1,2, \ldots, 5$, let $N_{k}$ be the number of subsets of $S$, each containing five elements out of which exactly $k$ are odd. Then $N_{1}+N_{2}+N_{3}+N_{4}+N_{5}=$",0.0,no,,,,,,,,,,,,,,,
45,JEE Adv 2017 Paper 2,MCQ,D,"Let $S=\{1,2,3, \ldots, 9\}$. For $k=1,2, \ldots, 5$, let $N_{k}$ be the number of subsets of $S$, each containing five elements out of which exactly $k$ are odd. Then $N_{1}+N_{2}+N_{3}+N_{4}+N_{5}=$",0.1,no,,,,,,,,,,,,,,,
45,JEE Adv 2017 Paper 2,MCQ,D,"Let $S=\{1,2,3, \ldots, 9\}$. For $k=1,2, \ldots, 5$, let $N_{k}$ be the number of subsets of $S$, each containing five elements out of which exactly $k$ are odd. Then $N_{1}+N_{2}+N_{3}+N_{4}+N_{5}=$",0.2,no,,,,,,,,,,,,,,,
45,JEE Adv 2017 Paper 2,MCQ,D,"Let $S=\{1,2,3, \ldots, 9\}$. For $k=1,2, \ldots, 5$, let $N_{k}$ be the number of subsets of $S$, each containing five elements out of which exactly $k$ are odd. Then $N_{1}+N_{2}+N_{3}+N_{4}+N_{5}=$",0.3,no,,,,,,,,,,,,,,,
45,JEE Adv 2017 Paper 2,MCQ,D,"Let $S=\{1,2,3, \ldots, 9\}$. For $k=1,2, \ldots, 5$, let $N_{k}$ be the number of subsets of $S$, each containing five elements out of which exactly $k$ are odd. Then $N_{1}+N_{2}+N_{3}+N_{4}+N_{5}=$",0.4,no,,,,,,,,,,,,,,,
45,JEE Adv 2017 Paper 2,MCQ,D,"Let $S=\{1,2,3, \ldots, 9\}$. For $k=1,2, \ldots, 5$, let $N_{k}$ be the number of subsets of $S$, each containing five elements out of which exactly $k$ are odd. Then $N_{1}+N_{2}+N_{3}+N_{4}+N_{5}=$",0.5,no,,,,,,,,,,,,,,,
46,JEE Adv 2017 Paper 2,MCQ,B,"Three randomly chosen nonnegative integers $x, y$ and $z$ are found to satisfy the equation $x+y+z=10$. Then the probability that $z$ is even, is",0.0,no,,,,,,,,,,,,,,,
46,JEE Adv 2017 Paper 2,MCQ,B,"Three randomly chosen nonnegative integers $x, y$ and $z$ are found to satisfy the equation $x+y+z=10$. Then the probability that $z$ is even, is",0.1,no,,,,,,,,,,,,,,,
46,JEE Adv 2017 Paper 2,MCQ,B,"Three randomly chosen nonnegative integers $x, y$ and $z$ are found to satisfy the equation $x+y+z=10$. Then the probability that $z$ is even, is",0.2,no,,,,,,,,,,,,,,,
46,JEE Adv 2017 Paper 2,MCQ,B,"Three randomly chosen nonnegative integers $x, y$ and $z$ are found to satisfy the equation $x+y+z=10$. Then the probability that $z$ is even, is",0.3,no,,,,,,,,,,,,,,,
46,JEE Adv 2017 Paper 2,MCQ,B,"Three randomly chosen nonnegative integers $x, y$ and $z$ are found to satisfy the equation $x+y+z=10$. Then the probability that $z$ is even, is",0.4,no,,,,,,,,,,,,,,,
46,JEE Adv 2017 Paper 2,MCQ,B,"Three randomly chosen nonnegative integers $x, y$ and $z$ are found to satisfy the equation $x+y+z=10$. Then the probability that $z$ is even, is",0.5,no,,,,,,,,,,,,,,,
47,JEE Adv 2017 Paper 2,MCQ(multiple),AC,"If $f: \mathbb{R} \rightarrow \mathbb{R}$ is a differentiable function such that $f^{\prime}(x)>2 f(x)$ for all $x \in \mathbb{R}$, and $f(0)=1$, then",0.0,no,,,,,,,,,,,,,,,
47,JEE Adv 2017 Paper 2,MCQ(multiple),AC,"If $f: \mathbb{R} \rightarrow \mathbb{R}$ is a differentiable function such that $f^{\prime}(x)>2 f(x)$ for all $x \in \mathbb{R}$, and $f(0)=1$, then",0.1,no,,,,,,,,,,,,,,,
47,JEE Adv 2017 Paper 2,MCQ(multiple),AC,"If $f: \mathbb{R} \rightarrow \mathbb{R}$ is a differentiable function such that $f^{\prime}(x)>2 f(x)$ for all $x \in \mathbb{R}$, and $f(0)=1$, then",0.2,no,,,,,,,,,,,,,,,
47,JEE Adv 2017 Paper 2,MCQ(multiple),AC,"If $f: \mathbb{R} \rightarrow \mathbb{R}$ is a differentiable function such that $f^{\prime}(x)>2 f(x)$ for all $x \in \mathbb{R}$, and $f(0)=1$, then",0.3,no,,,,,,,,,,,,,,,
47,JEE Adv 2017 Paper 2,MCQ(multiple),AC,"If $f: \mathbb{R} \rightarrow \mathbb{R}$ is a differentiable function such that $f^{\prime}(x)>2 f(x)$ for all $x \in \mathbb{R}$, and $f(0)=1$, then",0.4,no,,,,,,,,,,,,,,,
47,JEE Adv 2017 Paper 2,MCQ(multiple),AC,"If $f: \mathbb{R} \rightarrow \mathbb{R}$ is a differentiable function such that $f^{\prime}(x)>2 f(x)$ for all $x \in \mathbb{R}$, and $f(0)=1$, then",0.5,no,,,,,,,,,,,,,,,
48,JEE Adv 2017 Paper 2,MCQ(multiple),AD,Let $f(x)=\frac{1-x(1+|1-x|)}{|1-x|} \cos \left(\frac{1}{1-x}\right)$ for $x \neq 1$. Then,0.0,no,,,,,,,,,,,,,,,
48,JEE Adv 2017 Paper 2,MCQ(multiple),AD,Let $f(x)=\frac{1-x(1+|1-x|)}{|1-x|} \cos \left(\frac{1}{1-x}\right)$ for $x \neq 1$. Then,0.1,no,,,,,,,,,,,,,,,
48,JEE Adv 2017 Paper 2,MCQ(multiple),AD,Let $f(x)=\frac{1-x(1+|1-x|)}{|1-x|} \cos \left(\frac{1}{1-x}\right)$ for $x \neq 1$. Then,0.2,no,,,,,,,,,,,,,,,
48,JEE Adv 2017 Paper 2,MCQ(multiple),AD,Let $f(x)=\frac{1-x(1+|1-x|)}{|1-x|} \cos \left(\frac{1}{1-x}\right)$ for $x \neq 1$. Then,0.3,no,,,,,,,,,,,,,,,
48,JEE Adv 2017 Paper 2,MCQ(multiple),AD,Let $f(x)=\frac{1-x(1+|1-x|)}{|1-x|} \cos \left(\frac{1}{1-x}\right)$ for $x \neq 1$. Then,0.4,no,,,,,,,,,,,,,,,
48,JEE Adv 2017 Paper 2,MCQ(multiple),AD,Let $f(x)=\frac{1-x(1+|1-x|)}{|1-x|} \cos \left(\frac{1}{1-x}\right)$ for $x \neq 1$. Then,0.5,no,,,,,,,,,,,,,,,
49,JEE Adv 2017 Paper 2,MCQ(multiple),BC,"If $f(x)=\left|\begin{array}{ccc}\cos (2 x) & \cos (2 x) & \sin (2 x) \\ -\cos x & \cos x & -\sin x \\ \sin x & \sin x & \cos x\end{array}\right|$, then",0.0,no,,,,,,,,,,,,,,,
49,JEE Adv 2017 Paper 2,MCQ(multiple),BC,"If $f(x)=\left|\begin{array}{ccc}\cos (2 x) & \cos (2 x) & \sin (2 x) \\ -\cos x & \cos x & -\sin x \\ \sin x & \sin x & \cos x\end{array}\right|$, then",0.1,no,,,,,,,,,,,,,,,
49,JEE Adv 2017 Paper 2,MCQ(multiple),BC,"If $f(x)=\left|\begin{array}{ccc}\cos (2 x) & \cos (2 x) & \sin (2 x) \\ -\cos x & \cos x & -\sin x \\ \sin x & \sin x & \cos x\end{array}\right|$, then",0.2,no,,,,,,,,,,,,,,,
49,JEE Adv 2017 Paper 2,MCQ(multiple),BC,"If $f(x)=\left|\begin{array}{ccc}\cos (2 x) & \cos (2 x) & \sin (2 x) \\ -\cos x & \cos x & -\sin x \\ \sin x & \sin x & \cos x\end{array}\right|$, then",0.3,no,,,,,,,,,,,,,,,
49,JEE Adv 2017 Paper 2,MCQ(multiple),BC,"If $f(x)=\left|\begin{array}{ccc}\cos (2 x) & \cos (2 x) & \sin (2 x) \\ -\cos x & \cos x & -\sin x \\ \sin x & \sin x & \cos x\end{array}\right|$, then",0.4,no,,,,,,,,,,,,,,,
49,JEE Adv 2017 Paper 2,MCQ(multiple),BC,"If $f(x)=\left|\begin{array}{ccc}\cos (2 x) & \cos (2 x) & \sin (2 x) \\ -\cos x & \cos x & -\sin x \\ \sin x & \sin x & \cos x\end{array}\right|$, then",0.5,no,,,,,,,,,,,,,,,
50,JEE Adv 2017 Paper 2,MCQ(multiple),BC,"If the line $x=\alpha$ divides the area of region $R=\left\{(x, y) \in \mathbb{R}^{2}: x^{3} \leq y \leq x, 0 \leq x \leq 1\right\}$ into two equal parts, then",0.0,no,,,,,,,,,,,,,,,
50,JEE Adv 2017 Paper 2,MCQ(multiple),BC,"If the line $x=\alpha$ divides the area of region $R=\left\{(x, y) \in \mathbb{R}^{2}: x^{3} \leq y \leq x, 0 \leq x \leq 1\right\}$ into two equal parts, then",0.1,no,,,,,,,,,,,,,,,
50,JEE Adv 2017 Paper 2,MCQ(multiple),BC,"If the line $x=\alpha$ divides the area of region $R=\left\{(x, y) \in \mathbb{R}^{2}: x^{3} \leq y \leq x, 0 \leq x \leq 1\right\}$ into two equal parts, then",0.2,no,,,,,,,,,,,,,,,
50,JEE Adv 2017 Paper 2,MCQ(multiple),BC,"If the line $x=\alpha$ divides the area of region $R=\left\{(x, y) \in \mathbb{R}^{2}: x^{3} \leq y \leq x, 0 \leq x \leq 1\right\}$ into two equal parts, then",0.3,no,,,,,,,,,,,,,,,
50,JEE Adv 2017 Paper 2,MCQ(multiple),BC,"If the line $x=\alpha$ divides the area of region $R=\left\{(x, y) \in \mathbb{R}^{2}: x^{3} \leq y \leq x, 0 \leq x \leq 1\right\}$ into two equal parts, then",0.4,no,,,,,,,,,,,,,,,
50,JEE Adv 2017 Paper 2,MCQ(multiple),BC,"If the line $x=\alpha$ divides the area of region $R=\left\{(x, y) \in \mathbb{R}^{2}: x^{3} \leq y \leq x, 0 \leq x \leq 1\right\}$ into two equal parts, then",0.5,no,,,,,,,,,,,,,,,
51,JEE Adv 2017 Paper 2,MCQ(multiple),BD,"If $I=\sum_{k=1}^{98} \int_{k}^{k+1} \frac{k+1}{x(x+1)} d x$, then",0.0,no,,,,,,,,,,,,,,,
51,JEE Adv 2017 Paper 2,MCQ(multiple),BD,"If $I=\sum_{k=1}^{98} \int_{k}^{k+1} \frac{k+1}{x(x+1)} d x$, then",0.1,no,,,,,,,,,,,,,,,
51,JEE Adv 2017 Paper 2,MCQ(multiple),BD,"If $I=\sum_{k=1}^{98} \int_{k}^{k+1} \frac{k+1}{x(x+1)} d x$, then",0.2,no,,,,,,,,,,,,,,,
51,JEE Adv 2017 Paper 2,MCQ(multiple),BD,"If $I=\sum_{k=1}^{98} \int_{k}^{k+1} \frac{k+1}{x(x+1)} d x$, then",0.3,no,,,,,,,,,,,,,,,
51,JEE Adv 2017 Paper 2,MCQ(multiple),BD,"If $I=\sum_{k=1}^{98} \int_{k}^{k+1} \frac{k+1}{x(x+1)} d x$, then",0.4,no,,,,,,,,,,,,,,,
51,JEE Adv 2017 Paper 2,MCQ(multiple),BD,"If $I=\sum_{k=1}^{98} \int_{k}^{k+1} \frac{k+1}{x(x+1)} d x$, then",0.5,no,,,,,,,,,,,,,,,
52,JEE Adv 2018 Paper 1,MCQ(multiple),ABD,"For a non-zero complex number $z$, let $\arg (z)$ denote the principal argument with $-\pi<\arg (z) \leq \pi$. Then, which of the following statement(s) is (are) FALSE?",0.0,no,,,,,,,,,,,,,,,
52,JEE Adv 2018 Paper 1,MCQ(multiple),ABD,"For a non-zero complex number $z$, let $\arg (z)$ denote the principal argument with $-\pi<\arg (z) \leq \pi$. Then, which of the following statement(s) is (are) FALSE?",0.1,no,,,,,,,,,,,,,,,
52,JEE Adv 2018 Paper 1,MCQ(multiple),ABD,"For a non-zero complex number $z$, let $\arg (z)$ denote the principal argument with $-\pi<\arg (z) \leq \pi$. Then, which of the following statement(s) is (are) FALSE?",0.2,no,,,,,,,,,,,,,,,
52,JEE Adv 2018 Paper 1,MCQ(multiple),ABD,"For a non-zero complex number $z$, let $\arg (z)$ denote the principal argument with $-\pi<\arg (z) \leq \pi$. Then, which of the following statement(s) is (are) FALSE?",0.3,no,,,,,,,,,,,,,,,
52,JEE Adv 2018 Paper 1,MCQ(multiple),ABD,"For a non-zero complex number $z$, let $\arg (z)$ denote the principal argument with $-\pi<\arg (z) \leq \pi$. Then, which of the following statement(s) is (are) FALSE?",0.4,no,,,,,,,,,,,,,,,
52,JEE Adv 2018 Paper 1,MCQ(multiple),ABD,"For a non-zero complex number $z$, let $\arg (z)$ denote the principal argument with $-\pi<\arg (z) \leq \pi$. Then, which of the following statement(s) is (are) FALSE?",0.5,no,,,,,,,,,,,,,,,
53,JEE Adv 2018 Paper 1,MCQ(multiple),BCD,"In a triangle $P Q R$, let $\angle P Q R=30^{\circ}$ and the sides $P Q$ and $Q R$ have lengths $10 \sqrt{3}$ and 10 , respectively. Then, which of the following statement(s) is (are) TRUE?",0.0,no,,,,,,,,,,,,,,,
53,JEE Adv 2018 Paper 1,MCQ(multiple),BCD,"In a triangle $P Q R$, let $\angle P Q R=30^{\circ}$ and the sides $P Q$ and $Q R$ have lengths $10 \sqrt{3}$ and 10 , respectively. Then, which of the following statement(s) is (are) TRUE?",0.1,no,,,,,,,,,,,,,,,
53,JEE Adv 2018 Paper 1,MCQ(multiple),BCD,"In a triangle $P Q R$, let $\angle P Q R=30^{\circ}$ and the sides $P Q$ and $Q R$ have lengths $10 \sqrt{3}$ and 10 , respectively. Then, which of the following statement(s) is (are) TRUE?",0.2,no,,,,,,,,,,,,,,,
53,JEE Adv 2018 Paper 1,MCQ(multiple),BCD,"In a triangle $P Q R$, let $\angle P Q R=30^{\circ}$ and the sides $P Q$ and $Q R$ have lengths $10 \sqrt{3}$ and 10 , respectively. Then, which of the following statement(s) is (are) TRUE?",0.3,no,,,,,,,,,,,,,,,
53,JEE Adv 2018 Paper 1,MCQ(multiple),BCD,"In a triangle $P Q R$, let $\angle P Q R=30^{\circ}$ and the sides $P Q$ and $Q R$ have lengths $10 \sqrt{3}$ and 10 , respectively. Then, which of the following statement(s) is (are) TRUE?",0.4,no,,,,,,,,,,,,,,,
53,JEE Adv 2018 Paper 1,MCQ(multiple),BCD,"In a triangle $P Q R$, let $\angle P Q R=30^{\circ}$ and the sides $P Q$ and $Q R$ have lengths $10 \sqrt{3}$ and 10 , respectively. Then, which of the following statement(s) is (are) TRUE?",0.5,no,,,,,,,,,,,,,,,
54,JEE Adv 2018 Paper 1,MCQ(multiple),CD,"Let $P_{1}: 2 x+y-z=3$ and $P_{2}: x+2 y+z=2$ be two planes. Then, which of the following statement(s) is (are) TRUE?",0.0,no,,,,,,,,,,,,,,,
54,JEE Adv 2018 Paper 1,MCQ(multiple),CD,"Let $P_{1}: 2 x+y-z=3$ and $P_{2}: x+2 y+z=2$ be two planes. Then, which of the following statement(s) is (are) TRUE?",0.1,no,,,,,,,,,,,,,,,
54,JEE Adv 2018 Paper 1,MCQ(multiple),CD,"Let $P_{1}: 2 x+y-z=3$ and $P_{2}: x+2 y+z=2$ be two planes. Then, which of the following statement(s) is (are) TRUE?",0.2,no,,,,,,,,,,,,,,,
54,JEE Adv 2018 Paper 1,MCQ(multiple),CD,"Let $P_{1}: 2 x+y-z=3$ and $P_{2}: x+2 y+z=2$ be two planes. Then, which of the following statement(s) is (are) TRUE?",0.3,no,,,,,,,,,,,,,,,
54,JEE Adv 2018 Paper 1,MCQ(multiple),CD,"Let $P_{1}: 2 x+y-z=3$ and $P_{2}: x+2 y+z=2$ be two planes. Then, which of the following statement(s) is (are) TRUE?",0.4,no,,,,,,,,,,,,,,,
54,JEE Adv 2018 Paper 1,MCQ(multiple),CD,"Let $P_{1}: 2 x+y-z=3$ and $P_{2}: x+2 y+z=2$ be two planes. Then, which of the following statement(s) is (are) TRUE?",0.5,no,,,,,,,,,,,,,,,
55,JEE Adv 2018 Paper 1,MCQ(multiple),ABD,"For every twice differentiable function $f: \mathbb{R} \rightarrow[-2,2]$ with $(f(0))^{2}+\left(f^{\prime}(0)\right)^{2}=85$, which of the following statement(s) is (are) TRUE?",0.0,no,,,,,,,,,,,,,,,
55,JEE Adv 2018 Paper 1,MCQ(multiple),ABD,"For every twice differentiable function $f: \mathbb{R} \rightarrow[-2,2]$ with $(f(0))^{2}+\left(f^{\prime}(0)\right)^{2}=85$, which of the following statement(s) is (are) TRUE?",0.1,no,,,,,,,,,,,,,,,
55,JEE Adv 2018 Paper 1,MCQ(multiple),ABD,"For every twice differentiable function $f: \mathbb{R} \rightarrow[-2,2]$ with $(f(0))^{2}+\left(f^{\prime}(0)\right)^{2}=85$, which of the following statement(s) is (are) TRUE?",0.2,no,,,,,,,,,,,,,,,
55,JEE Adv 2018 Paper 1,MCQ(multiple),ABD,"For every twice differentiable function $f: \mathbb{R} \rightarrow[-2,2]$ with $(f(0))^{2}+\left(f^{\prime}(0)\right)^{2}=85$, which of the following statement(s) is (are) TRUE?",0.3,no,,,,,,,,,,,,,,,
55,JEE Adv 2018 Paper 1,MCQ(multiple),ABD,"For every twice differentiable function $f: \mathbb{R} \rightarrow[-2,2]$ with $(f(0))^{2}+\left(f^{\prime}(0)\right)^{2}=85$, which of the following statement(s) is (are) TRUE?",0.4,no,,,,,,,,,,,,,,,
55,JEE Adv 2018 Paper 1,MCQ(multiple),ABD,"For every twice differentiable function $f: \mathbb{R} \rightarrow[-2,2]$ with $(f(0))^{2}+\left(f^{\prime}(0)\right)^{2}=85$, which of the following statement(s) is (are) TRUE?",0.5,no,,,,,,,,,,,,,,,
56,JEE Adv 2018 Paper 1,MCQ(multiple),BC,"Let $f: \mathbb{R} \rightarrow \mathbb{R}$ and $g: \mathbb{R} \rightarrow \mathbb{R}$ be two non-constant differentiable functions. If

\[
f^{\prime}(x)=\left(e^{(f(x)-g(x))}\right) g^{\prime}(x) \text { for all } x \in \mathbb{R}
\]

and $f(1)=g(2)=1$, then which of the following statement(s) is (are) TRUE?",0.0,no,,,,,,,,,,,,,,,
56,JEE Adv 2018 Paper 1,MCQ(multiple),BC,"Let $f: \mathbb{R} \rightarrow \mathbb{R}$ and $g: \mathbb{R} \rightarrow \mathbb{R}$ be two non-constant differentiable functions. If

\[
f^{\prime}(x)=\left(e^{(f(x)-g(x))}\right) g^{\prime}(x) \text { for all } x \in \mathbb{R}
\]

and $f(1)=g(2)=1$, then which of the following statement(s) is (are) TRUE?",0.1,no,,,,,,,,,,,,,,,
56,JEE Adv 2018 Paper 1,MCQ(multiple),BC,"Let $f: \mathbb{R} \rightarrow \mathbb{R}$ and $g: \mathbb{R} \rightarrow \mathbb{R}$ be two non-constant differentiable functions. If

\[
f^{\prime}(x)=\left(e^{(f(x)-g(x))}\right) g^{\prime}(x) \text { for all } x \in \mathbb{R}
\]

and $f(1)=g(2)=1$, then which of the following statement(s) is (are) TRUE?",0.2,no,,,,,,,,,,,,,,,
56,JEE Adv 2018 Paper 1,MCQ(multiple),BC,"Let $f: \mathbb{R} \rightarrow \mathbb{R}$ and $g: \mathbb{R} \rightarrow \mathbb{R}$ be two non-constant differentiable functions. If

\[
f^{\prime}(x)=\left(e^{(f(x)-g(x))}\right) g^{\prime}(x) \text { for all } x \in \mathbb{R}
\]

and $f(1)=g(2)=1$, then which of the following statement(s) is (are) TRUE?",0.3,no,,,,,,,,,,,,,,,
56,JEE Adv 2018 Paper 1,MCQ(multiple),BC,"Let $f: \mathbb{R} \rightarrow \mathbb{R}$ and $g: \mathbb{R} \rightarrow \mathbb{R}$ be two non-constant differentiable functions. If

\[
f^{\prime}(x)=\left(e^{(f(x)-g(x))}\right) g^{\prime}(x) \text { for all } x \in \mathbb{R}
\]

and $f(1)=g(2)=1$, then which of the following statement(s) is (are) TRUE?",0.4,no,,,,,,,,,,,,,,,
56,JEE Adv 2018 Paper 1,MCQ(multiple),BC,"Let $f: \mathbb{R} \rightarrow \mathbb{R}$ and $g: \mathbb{R} \rightarrow \mathbb{R}$ be two non-constant differentiable functions. If

\[
f^{\prime}(x)=\left(e^{(f(x)-g(x))}\right) g^{\prime}(x) \text { for all } x \in \mathbb{R}
\]

and $f(1)=g(2)=1$, then which of the following statement(s) is (are) TRUE?",0.5,no,,,,,,,,,,,,,,,
57,JEE Adv 2018 Paper 1,Numeric,8,"What is the value of

\[
\left(\left(\log _{2} 9\right)^{2}\right)^{\frac{1}{\log _{2}\left(\log _{2} 9\right)}} \times(\sqrt{7})^{\frac{1}{\log _{4} 7}}
\]?",0.0,no,,,,,,,,,,,,,,,
57,JEE Adv 2018 Paper 1,Numeric,8,"What is the value of

\[
\left(\left(\log _{2} 9\right)^{2}\right)^{\frac{1}{\log _{2}\left(\log _{2} 9\right)}} \times(\sqrt{7})^{\frac{1}{\log _{4} 7}}
\]?",0.1,no,,,,,,,,,,,,,,,
57,JEE Adv 2018 Paper 1,Numeric,8,"What is the value of

\[
\left(\left(\log _{2} 9\right)^{2}\right)^{\frac{1}{\log _{2}\left(\log _{2} 9\right)}} \times(\sqrt{7})^{\frac{1}{\log _{4} 7}}
\]?",0.2,no,,,,,,,,,,,,,,,
57,JEE Adv 2018 Paper 1,Numeric,8,"What is the value of

\[
\left(\left(\log _{2} 9\right)^{2}\right)^{\frac{1}{\log _{2}\left(\log _{2} 9\right)}} \times(\sqrt{7})^{\frac{1}{\log _{4} 7}}
\]?",0.3,no,,,,,,,,,,,,,,,
57,JEE Adv 2018 Paper 1,Numeric,8,"What is the value of

\[
\left(\left(\log _{2} 9\right)^{2}\right)^{\frac{1}{\log _{2}\left(\log _{2} 9\right)}} \times(\sqrt{7})^{\frac{1}{\log _{4} 7}}
\]?",0.4,no,,,,,,,,,,,,,,,
57,JEE Adv 2018 Paper 1,Numeric,8,"What is the value of

\[
\left(\left(\log _{2} 9\right)^{2}\right)^{\frac{1}{\log _{2}\left(\log _{2} 9\right)}} \times(\sqrt{7})^{\frac{1}{\log _{4} 7}}
\]?",0.5,no,,,,,,,,,,,,,,,
58,JEE Adv 2018 Paper 1,Numeric,625,"What is the number of 5 digit numbers which are divisible by 4 , with digits from the set $\{1,2,3,4,5\}$ and the repetition of digits is allowed?",0.0,no,,,,,,,,,,,,,,,
58,JEE Adv 2018 Paper 1,Numeric,625,"What is the number of 5 digit numbers which are divisible by 4 , with digits from the set $\{1,2,3,4,5\}$ and the repetition of digits is allowed?",0.1,no,,,,,,,,,,,,,,,
58,JEE Adv 2018 Paper 1,Numeric,625,"What is the number of 5 digit numbers which are divisible by 4 , with digits from the set $\{1,2,3,4,5\}$ and the repetition of digits is allowed?",0.2,no,,,,,,,,,,,,,,,
58,JEE Adv 2018 Paper 1,Numeric,625,"What is the number of 5 digit numbers which are divisible by 4 , with digits from the set $\{1,2,3,4,5\}$ and the repetition of digits is allowed?",0.3,no,,,,,,,,,,,,,,,
58,JEE Adv 2018 Paper 1,Numeric,625,"What is the number of 5 digit numbers which are divisible by 4 , with digits from the set $\{1,2,3,4,5\}$ and the repetition of digits is allowed?",0.4,no,,,,,,,,,,,,,,,
58,JEE Adv 2018 Paper 1,Numeric,625,"What is the number of 5 digit numbers which are divisible by 4 , with digits from the set $\{1,2,3,4,5\}$ and the repetition of digits is allowed?",0.5,no,,,,,,,,,,,,,,,
59,JEE Adv 2018 Paper 1,Numeric,3748,"Let $X$ be the set consisting of the first 2018 terms of the arithmetic progression $1,6,11, \ldots$, and $Y$ be the set consisting of the first 2018 terms of the arithmetic progression $9,16,23, \ldots$. Then, what is the number of elements in the set $X \cup Y$?",0.0,no,,,,,,,,,,,,,,,
59,JEE Adv 2018 Paper 1,Numeric,3748,"Let $X$ be the set consisting of the first 2018 terms of the arithmetic progression $1,6,11, \ldots$, and $Y$ be the set consisting of the first 2018 terms of the arithmetic progression $9,16,23, \ldots$. Then, what is the number of elements in the set $X \cup Y$?",0.1,no,,,,,,,,,,,,,,,
59,JEE Adv 2018 Paper 1,Numeric,3748,"Let $X$ be the set consisting of the first 2018 terms of the arithmetic progression $1,6,11, \ldots$, and $Y$ be the set consisting of the first 2018 terms of the arithmetic progression $9,16,23, \ldots$. Then, what is the number of elements in the set $X \cup Y$?",0.2,no,,,,,,,,,,,,,,,
59,JEE Adv 2018 Paper 1,Numeric,3748,"Let $X$ be the set consisting of the first 2018 terms of the arithmetic progression $1,6,11, \ldots$, and $Y$ be the set consisting of the first 2018 terms of the arithmetic progression $9,16,23, \ldots$. Then, what is the number of elements in the set $X \cup Y$?",0.3,no,,,,,,,,,,,,,,,
59,JEE Adv 2018 Paper 1,Numeric,3748,"Let $X$ be the set consisting of the first 2018 terms of the arithmetic progression $1,6,11, \ldots$, and $Y$ be the set consisting of the first 2018 terms of the arithmetic progression $9,16,23, \ldots$. Then, what is the number of elements in the set $X \cup Y$?",0.4,no,,,,,,,,,,,,,,,
59,JEE Adv 2018 Paper 1,Numeric,3748,"Let $X$ be the set consisting of the first 2018 terms of the arithmetic progression $1,6,11, \ldots$, and $Y$ be the set consisting of the first 2018 terms of the arithmetic progression $9,16,23, \ldots$. Then, what is the number of elements in the set $X \cup Y$?",0.5,no,,,,,,,,,,,,,,,
60,JEE Adv 2018 Paper 1,Numeric,2,"What is the number of real solutions of the equation

\[
\sin ^{-1}\left(\sum_{i=1}^{\infty} x^{i+1}-x \sum_{i=1}^{\infty}\left(\frac{x}{2}\right)^{i}\right)=\frac{\pi}{2}-\cos ^{-1}\left(\sum_{i=1}^{\infty}\left(-\frac{x}{2}\right)^{i}-\sum_{i=1}^{\infty}(-x)^{i}\right)
\]

lying in the interval $\left(-\frac{1}{2}, \frac{1}{2}\right)$ is

(Here, the inverse trigonometric functions $\sin ^{-1} x$ and $\cos ^{-1} x$ assume values in $\left[-\frac{\pi}{2}, \frac{\pi}{2}\right]$ and $[0, \pi]$, respectively.)",0.0,no,,,,,,,,,,,,,,,
60,JEE Adv 2018 Paper 1,Numeric,2,"What is the number of real solutions of the equation

\[
\sin ^{-1}\left(\sum_{i=1}^{\infty} x^{i+1}-x \sum_{i=1}^{\infty}\left(\frac{x}{2}\right)^{i}\right)=\frac{\pi}{2}-\cos ^{-1}\left(\sum_{i=1}^{\infty}\left(-\frac{x}{2}\right)^{i}-\sum_{i=1}^{\infty}(-x)^{i}\right)
\]

lying in the interval $\left(-\frac{1}{2}, \frac{1}{2}\right)$ is

(Here, the inverse trigonometric functions $\sin ^{-1} x$ and $\cos ^{-1} x$ assume values in $\left[-\frac{\pi}{2}, \frac{\pi}{2}\right]$ and $[0, \pi]$, respectively.)",0.1,no,,,,,,,,,,,,,,,
60,JEE Adv 2018 Paper 1,Numeric,2,"What is the number of real solutions of the equation

\[
\sin ^{-1}\left(\sum_{i=1}^{\infty} x^{i+1}-x \sum_{i=1}^{\infty}\left(\frac{x}{2}\right)^{i}\right)=\frac{\pi}{2}-\cos ^{-1}\left(\sum_{i=1}^{\infty}\left(-\frac{x}{2}\right)^{i}-\sum_{i=1}^{\infty}(-x)^{i}\right)
\]

lying in the interval $\left(-\frac{1}{2}, \frac{1}{2}\right)$ is

(Here, the inverse trigonometric functions $\sin ^{-1} x$ and $\cos ^{-1} x$ assume values in $\left[-\frac{\pi}{2}, \frac{\pi}{2}\right]$ and $[0, \pi]$, respectively.)",0.2,no,,,,,,,,,,,,,,,
60,JEE Adv 2018 Paper 1,Numeric,2,"What is the number of real solutions of the equation

\[
\sin ^{-1}\left(\sum_{i=1}^{\infty} x^{i+1}-x \sum_{i=1}^{\infty}\left(\frac{x}{2}\right)^{i}\right)=\frac{\pi}{2}-\cos ^{-1}\left(\sum_{i=1}^{\infty}\left(-\frac{x}{2}\right)^{i}-\sum_{i=1}^{\infty}(-x)^{i}\right)
\]

lying in the interval $\left(-\frac{1}{2}, \frac{1}{2}\right)$ is

(Here, the inverse trigonometric functions $\sin ^{-1} x$ and $\cos ^{-1} x$ assume values in $\left[-\frac{\pi}{2}, \frac{\pi}{2}\right]$ and $[0, \pi]$, respectively.)",0.3,no,,,,,,,,,,,,,,,
60,JEE Adv 2018 Paper 1,Numeric,2,"What is the number of real solutions of the equation

\[
\sin ^{-1}\left(\sum_{i=1}^{\infty} x^{i+1}-x \sum_{i=1}^{\infty}\left(\frac{x}{2}\right)^{i}\right)=\frac{\pi}{2}-\cos ^{-1}\left(\sum_{i=1}^{\infty}\left(-\frac{x}{2}\right)^{i}-\sum_{i=1}^{\infty}(-x)^{i}\right)
\]

lying in the interval $\left(-\frac{1}{2}, \frac{1}{2}\right)$ is

(Here, the inverse trigonometric functions $\sin ^{-1} x$ and $\cos ^{-1} x$ assume values in $\left[-\frac{\pi}{2}, \frac{\pi}{2}\right]$ and $[0, \pi]$, respectively.)",0.4,no,,,,,,,,,,,,,,,
60,JEE Adv 2018 Paper 1,Numeric,2,"What is the number of real solutions of the equation

\[
\sin ^{-1}\left(\sum_{i=1}^{\infty} x^{i+1}-x \sum_{i=1}^{\infty}\left(\frac{x}{2}\right)^{i}\right)=\frac{\pi}{2}-\cos ^{-1}\left(\sum_{i=1}^{\infty}\left(-\frac{x}{2}\right)^{i}-\sum_{i=1}^{\infty}(-x)^{i}\right)
\]

lying in the interval $\left(-\frac{1}{2}, \frac{1}{2}\right)$ is

(Here, the inverse trigonometric functions $\sin ^{-1} x$ and $\cos ^{-1} x$ assume values in $\left[-\frac{\pi}{2}, \frac{\pi}{2}\right]$ and $[0, \pi]$, respectively.)",0.5,no,,,,,,,,,,,,,,,
61,JEE Adv 2018 Paper 1,Numeric,1,"For each positive integer $n$, let

\[
y_{n}=\frac{1}{n}((n+1)(n+2) \cdots(n+n))^{\frac{1}{n}}
\]

For $x \in \mathbb{R}$, let $[x]$ be the greatest integer less than or equal to $x$. If $\lim _{n \rightarrow \infty} y_{n}=L$, then what is the value of $[L]$?",0.0,no,,,,,,,,,,,,,,,
61,JEE Adv 2018 Paper 1,Numeric,1,"For each positive integer $n$, let

\[
y_{n}=\frac{1}{n}((n+1)(n+2) \cdots(n+n))^{\frac{1}{n}}
\]

For $x \in \mathbb{R}$, let $[x]$ be the greatest integer less than or equal to $x$. If $\lim _{n \rightarrow \infty} y_{n}=L$, then what is the value of $[L]$?",0.1,no,,,,,,,,,,,,,,,
61,JEE Adv 2018 Paper 1,Numeric,1,"For each positive integer $n$, let

\[
y_{n}=\frac{1}{n}((n+1)(n+2) \cdots(n+n))^{\frac{1}{n}}
\]

For $x \in \mathbb{R}$, let $[x]$ be the greatest integer less than or equal to $x$. If $\lim _{n \rightarrow \infty} y_{n}=L$, then what is the value of $[L]$?",0.2,no,,,,,,,,,,,,,,,
61,JEE Adv 2018 Paper 1,Numeric,1,"For each positive integer $n$, let

\[
y_{n}=\frac{1}{n}((n+1)(n+2) \cdots(n+n))^{\frac{1}{n}}
\]

For $x \in \mathbb{R}$, let $[x]$ be the greatest integer less than or equal to $x$. If $\lim _{n \rightarrow \infty} y_{n}=L$, then what is the value of $[L]$?",0.3,no,,,,,,,,,,,,,,,
61,JEE Adv 2018 Paper 1,Numeric,1,"For each positive integer $n$, let

\[
y_{n}=\frac{1}{n}((n+1)(n+2) \cdots(n+n))^{\frac{1}{n}}
\]

For $x \in \mathbb{R}$, let $[x]$ be the greatest integer less than or equal to $x$. If $\lim _{n \rightarrow \infty} y_{n}=L$, then what is the value of $[L]$?",0.4,no,,,,,,,,,,,,,,,
61,JEE Adv 2018 Paper 1,Numeric,1,"For each positive integer $n$, let

\[
y_{n}=\frac{1}{n}((n+1)(n+2) \cdots(n+n))^{\frac{1}{n}}
\]

For $x \in \mathbb{R}$, let $[x]$ be the greatest integer less than or equal to $x$. If $\lim _{n \rightarrow \infty} y_{n}=L$, then what is the value of $[L]$?",0.5,no,,,,,,,,,,,,,,,
62,JEE Adv 2018 Paper 1,Numeric,3,"Let $\vec{a}$ and $\vec{b}$ be two unit vectors such that $\vec{a} \cdot \vec{b}=0$. For some $x, y \in \mathbb{R}$, let $\vec{c}=x \vec{a}+y \vec{b}+(\vec{a} \times \vec{b})$. If $|\vec{c}|=2$ and the vector $\vec{c}$ is inclined the same angle $\alpha$ to both $\vec{a}$ and $\vec{b}$, then what is the value of $8 \cos ^{2} \alpha$?",0.0,no,,,,,,,,,,,,,,,
62,JEE Adv 2018 Paper 1,Numeric,3,"Let $\vec{a}$ and $\vec{b}$ be two unit vectors such that $\vec{a} \cdot \vec{b}=0$. For some $x, y \in \mathbb{R}$, let $\vec{c}=x \vec{a}+y \vec{b}+(\vec{a} \times \vec{b})$. If $|\vec{c}|=2$ and the vector $\vec{c}$ is inclined the same angle $\alpha$ to both $\vec{a}$ and $\vec{b}$, then what is the value of $8 \cos ^{2} \alpha$?",0.1,no,,,,,,,,,,,,,,,
62,JEE Adv 2018 Paper 1,Numeric,3,"Let $\vec{a}$ and $\vec{b}$ be two unit vectors such that $\vec{a} \cdot \vec{b}=0$. For some $x, y \in \mathbb{R}$, let $\vec{c}=x \vec{a}+y \vec{b}+(\vec{a} \times \vec{b})$. If $|\vec{c}|=2$ and the vector $\vec{c}$ is inclined the same angle $\alpha$ to both $\vec{a}$ and $\vec{b}$, then what is the value of $8 \cos ^{2} \alpha$?",0.2,no,,,,,,,,,,,,,,,
62,JEE Adv 2018 Paper 1,Numeric,3,"Let $\vec{a}$ and $\vec{b}$ be two unit vectors such that $\vec{a} \cdot \vec{b}=0$. For some $x, y \in \mathbb{R}$, let $\vec{c}=x \vec{a}+y \vec{b}+(\vec{a} \times \vec{b})$. If $|\vec{c}|=2$ and the vector $\vec{c}$ is inclined the same angle $\alpha$ to both $\vec{a}$ and $\vec{b}$, then what is the value of $8 \cos ^{2} \alpha$?",0.3,no,,,,,,,,,,,,,,,
62,JEE Adv 2018 Paper 1,Numeric,3,"Let $\vec{a}$ and $\vec{b}$ be two unit vectors such that $\vec{a} \cdot \vec{b}=0$. For some $x, y \in \mathbb{R}$, let $\vec{c}=x \vec{a}+y \vec{b}+(\vec{a} \times \vec{b})$. If $|\vec{c}|=2$ and the vector $\vec{c}$ is inclined the same angle $\alpha$ to both $\vec{a}$ and $\vec{b}$, then what is the value of $8 \cos ^{2} \alpha$?",0.4,no,,,,,,,,,,,,,,,
62,JEE Adv 2018 Paper 1,Numeric,3,"Let $\vec{a}$ and $\vec{b}$ be two unit vectors such that $\vec{a} \cdot \vec{b}=0$. For some $x, y \in \mathbb{R}$, let $\vec{c}=x \vec{a}+y \vec{b}+(\vec{a} \times \vec{b})$. If $|\vec{c}|=2$ and the vector $\vec{c}$ is inclined the same angle $\alpha$ to both $\vec{a}$ and $\vec{b}$, then what is the value of $8 \cos ^{2} \alpha$?",0.5,no,,,,,,,,,,,,,,,
63,JEE Adv 2018 Paper 1,Numeric,0.5,"Let $a, b, c$ be three non-zero real numbers such that the equation

\[
\sqrt{3} a \cos x+2 b \sin x=c, x \in\left[-\frac{\pi}{2}, \frac{\pi}{2}\right]
\]

has two distinct real roots $\alpha$ and $\beta$ with $\alpha+\beta=\frac{\pi}{3}$. Then, what is the value of $\frac{b}{a}$?",0.0,no,,,,,,,,,,,,,,,
63,JEE Adv 2018 Paper 1,Numeric,0.5,"Let $a, b, c$ be three non-zero real numbers such that the equation

\[
\sqrt{3} a \cos x+2 b \sin x=c, x \in\left[-\frac{\pi}{2}, \frac{\pi}{2}\right]
\]

has two distinct real roots $\alpha$ and $\beta$ with $\alpha+\beta=\frac{\pi}{3}$. Then, what is the value of $\frac{b}{a}$?",0.1,no,,,,,,,,,,,,,,,
63,JEE Adv 2018 Paper 1,Numeric,0.5,"Let $a, b, c$ be three non-zero real numbers such that the equation

\[
\sqrt{3} a \cos x+2 b \sin x=c, x \in\left[-\frac{\pi}{2}, \frac{\pi}{2}\right]
\]

has two distinct real roots $\alpha$ and $\beta$ with $\alpha+\beta=\frac{\pi}{3}$. Then, what is the value of $\frac{b}{a}$?",0.2,no,,,,,,,,,,,,,,,
63,JEE Adv 2018 Paper 1,Numeric,0.5,"Let $a, b, c$ be three non-zero real numbers such that the equation

\[
\sqrt{3} a \cos x+2 b \sin x=c, x \in\left[-\frac{\pi}{2}, \frac{\pi}{2}\right]
\]

has two distinct real roots $\alpha$ and $\beta$ with $\alpha+\beta=\frac{\pi}{3}$. Then, what is the value of $\frac{b}{a}$?",0.3,no,,,,,,,,,,,,,,,
63,JEE Adv 2018 Paper 1,Numeric,0.5,"Let $a, b, c$ be three non-zero real numbers such that the equation

\[
\sqrt{3} a \cos x+2 b \sin x=c, x \in\left[-\frac{\pi}{2}, \frac{\pi}{2}\right]
\]

has two distinct real roots $\alpha$ and $\beta$ with $\alpha+\beta=\frac{\pi}{3}$. Then, what is the value of $\frac{b}{a}$?",0.4,no,,,,,,,,,,,,,,,
63,JEE Adv 2018 Paper 1,Numeric,0.5,"Let $a, b, c$ be three non-zero real numbers such that the equation

\[
\sqrt{3} a \cos x+2 b \sin x=c, x \in\left[-\frac{\pi}{2}, \frac{\pi}{2}\right]
\]

has two distinct real roots $\alpha$ and $\beta$ with $\alpha+\beta=\frac{\pi}{3}$. Then, what is the value of $\frac{b}{a}$?",0.5,no,,,,,,,,,,,,,,,
64,JEE Adv 2018 Paper 1,Numeric,4,"A farmer $F_{1}$ has a land in the shape of a triangle with vertices at $P(0,0), Q(1,1)$ and $R(2,0)$. From this land, a neighbouring farmer $F_{2}$ takes away the region which lies between the side $P Q$ and a curve of the form $y=x^{n}(n>1)$. If the area of the region taken away by the farmer $F_{2}$ is exactly $30 \%$ of the area of $\triangle P Q R$, then what is the value of $n$?",0.0,no,,,,,,,,,,,,,,,
64,JEE Adv 2018 Paper 1,Numeric,4,"A farmer $F_{1}$ has a land in the shape of a triangle with vertices at $P(0,0), Q(1,1)$ and $R(2,0)$. From this land, a neighbouring farmer $F_{2}$ takes away the region which lies between the side $P Q$ and a curve of the form $y=x^{n}(n>1)$. If the area of the region taken away by the farmer $F_{2}$ is exactly $30 \%$ of the area of $\triangle P Q R$, then what is the value of $n$?",0.1,no,,,,,,,,,,,,,,,
64,JEE Adv 2018 Paper 1,Numeric,4,"A farmer $F_{1}$ has a land in the shape of a triangle with vertices at $P(0,0), Q(1,1)$ and $R(2,0)$. From this land, a neighbouring farmer $F_{2}$ takes away the region which lies between the side $P Q$ and a curve of the form $y=x^{n}(n>1)$. If the area of the region taken away by the farmer $F_{2}$ is exactly $30 \%$ of the area of $\triangle P Q R$, then what is the value of $n$?",0.2,no,,,,,,,,,,,,,,,
64,JEE Adv 2018 Paper 1,Numeric,4,"A farmer $F_{1}$ has a land in the shape of a triangle with vertices at $P(0,0), Q(1,1)$ and $R(2,0)$. From this land, a neighbouring farmer $F_{2}$ takes away the region which lies between the side $P Q$ and a curve of the form $y=x^{n}(n>1)$. If the area of the region taken away by the farmer $F_{2}$ is exactly $30 \%$ of the area of $\triangle P Q R$, then what is the value of $n$?",0.3,no,,,,,,,,,,,,,,,
64,JEE Adv 2018 Paper 1,Numeric,4,"A farmer $F_{1}$ has a land in the shape of a triangle with vertices at $P(0,0), Q(1,1)$ and $R(2,0)$. From this land, a neighbouring farmer $F_{2}$ takes away the region which lies between the side $P Q$ and a curve of the form $y=x^{n}(n>1)$. If the area of the region taken away by the farmer $F_{2}$ is exactly $30 \%$ of the area of $\triangle P Q R$, then what is the value of $n$?",0.4,no,,,,,,,,,,,,,,,
64,JEE Adv 2018 Paper 1,Numeric,4,"A farmer $F_{1}$ has a land in the shape of a triangle with vertices at $P(0,0), Q(1,1)$ and $R(2,0)$. From this land, a neighbouring farmer $F_{2}$ takes away the region which lies between the side $P Q$ and a curve of the form $y=x^{n}(n>1)$. If the area of the region taken away by the farmer $F_{2}$ is exactly $30 \%$ of the area of $\triangle P Q R$, then what is the value of $n$?",0.5,no,,,,,,,,,,,,,,,
65,JEE Adv 2018 Paper 2,MCQ(multiple),D,"For any positive integer $n$, define $f_{n}:(0, \infty) \rightarrow \mathbb{R}$ as

\[
f_{n}(x)=\sum_{j=1}^{n} \tan ^{-1}\left(\frac{1}{1+(x+j)(x+j-1)}\right) \text { for all } x \in(0, \infty)
\]

(Here, the inverse trigonometric function $\tan ^{-1} x$ assumes values in $\left(-\frac{\pi}{2}, \frac{\pi}{2}\right)$. ) Then, which of the following statement(s) is (are) TRUE?",0.0,no,,,,,,,,,,,,,,,
65,JEE Adv 2018 Paper 2,MCQ(multiple),D,"For any positive integer $n$, define $f_{n}:(0, \infty) \rightarrow \mathbb{R}$ as

\[
f_{n}(x)=\sum_{j=1}^{n} \tan ^{-1}\left(\frac{1}{1+(x+j)(x+j-1)}\right) \text { for all } x \in(0, \infty)
\]

(Here, the inverse trigonometric function $\tan ^{-1} x$ assumes values in $\left(-\frac{\pi}{2}, \frac{\pi}{2}\right)$. ) Then, which of the following statement(s) is (are) TRUE?",0.1,no,,,,,,,,,,,,,,,
65,JEE Adv 2018 Paper 2,MCQ(multiple),D,"For any positive integer $n$, define $f_{n}:(0, \infty) \rightarrow \mathbb{R}$ as

\[
f_{n}(x)=\sum_{j=1}^{n} \tan ^{-1}\left(\frac{1}{1+(x+j)(x+j-1)}\right) \text { for all } x \in(0, \infty)
\]

(Here, the inverse trigonometric function $\tan ^{-1} x$ assumes values in $\left(-\frac{\pi}{2}, \frac{\pi}{2}\right)$. ) Then, which of the following statement(s) is (are) TRUE?",0.2,no,,,,,,,,,,,,,,,
65,JEE Adv 2018 Paper 2,MCQ(multiple),D,"For any positive integer $n$, define $f_{n}:(0, \infty) \rightarrow \mathbb{R}$ as

\[
f_{n}(x)=\sum_{j=1}^{n} \tan ^{-1}\left(\frac{1}{1+(x+j)(x+j-1)}\right) \text { for all } x \in(0, \infty)
\]

(Here, the inverse trigonometric function $\tan ^{-1} x$ assumes values in $\left(-\frac{\pi}{2}, \frac{\pi}{2}\right)$. ) Then, which of the following statement(s) is (are) TRUE?",0.3,no,,,,,,,,,,,,,,,
65,JEE Adv 2018 Paper 2,MCQ(multiple),D,"For any positive integer $n$, define $f_{n}:(0, \infty) \rightarrow \mathbb{R}$ as

\[
f_{n}(x)=\sum_{j=1}^{n} \tan ^{-1}\left(\frac{1}{1+(x+j)(x+j-1)}\right) \text { for all } x \in(0, \infty)
\]

(Here, the inverse trigonometric function $\tan ^{-1} x$ assumes values in $\left(-\frac{\pi}{2}, \frac{\pi}{2}\right)$. ) Then, which of the following statement(s) is (are) TRUE?",0.4,no,,,,,,,,,,,,,,,
65,JEE Adv 2018 Paper 2,MCQ(multiple),D,"For any positive integer $n$, define $f_{n}:(0, \infty) \rightarrow \mathbb{R}$ as

\[
f_{n}(x)=\sum_{j=1}^{n} \tan ^{-1}\left(\frac{1}{1+(x+j)(x+j-1)}\right) \text { for all } x \in(0, \infty)
\]

(Here, the inverse trigonometric function $\tan ^{-1} x$ assumes values in $\left(-\frac{\pi}{2}, \frac{\pi}{2}\right)$. ) Then, which of the following statement(s) is (are) TRUE?",0.5,no,,,,,,,,,,,,,,,
66,JEE Adv 2018 Paper 2,MCQ(multiple),ACD,"Let $s, t, r$ be non-zero complex numbers and $L$ be the set of solutions $z=x+i y$ $(x, y \in \mathbb{R}, i=\sqrt{-1})$ of the equation $s z+t \bar{z}+r=0$, where $\bar{z}=x-i y$. Then, which of the following statement(s) is (are) TRUE?",0.0,no,,,,,,,,,,,,,,,
66,JEE Adv 2018 Paper 2,MCQ(multiple),ACD,"Let $s, t, r$ be non-zero complex numbers and $L$ be the set of solutions $z=x+i y$ $(x, y \in \mathbb{R}, i=\sqrt{-1})$ of the equation $s z+t \bar{z}+r=0$, where $\bar{z}=x-i y$. Then, which of the following statement(s) is (are) TRUE?",0.1,no,,,,,,,,,,,,,,,
66,JEE Adv 2018 Paper 2,MCQ(multiple),ACD,"Let $s, t, r$ be non-zero complex numbers and $L$ be the set of solutions $z=x+i y$ $(x, y \in \mathbb{R}, i=\sqrt{-1})$ of the equation $s z+t \bar{z}+r=0$, where $\bar{z}=x-i y$. Then, which of the following statement(s) is (are) TRUE?",0.2,no,,,,,,,,,,,,,,,
66,JEE Adv 2018 Paper 2,MCQ(multiple),ACD,"Let $s, t, r$ be non-zero complex numbers and $L$ be the set of solutions $z=x+i y$ $(x, y \in \mathbb{R}, i=\sqrt{-1})$ of the equation $s z+t \bar{z}+r=0$, where $\bar{z}=x-i y$. Then, which of the following statement(s) is (are) TRUE?",0.3,no,,,,,,,,,,,,,,,
66,JEE Adv 2018 Paper 2,MCQ(multiple),ACD,"Let $s, t, r$ be non-zero complex numbers and $L$ be the set of solutions $z=x+i y$ $(x, y \in \mathbb{R}, i=\sqrt{-1})$ of the equation $s z+t \bar{z}+r=0$, where $\bar{z}=x-i y$. Then, which of the following statement(s) is (are) TRUE?",0.4,no,,,,,,,,,,,,,,,
66,JEE Adv 2018 Paper 2,MCQ(multiple),ACD,"Let $s, t, r$ be non-zero complex numbers and $L$ be the set of solutions $z=x+i y$ $(x, y \in \mathbb{R}, i=\sqrt{-1})$ of the equation $s z+t \bar{z}+r=0$, where $\bar{z}=x-i y$. Then, which of the following statement(s) is (are) TRUE?",0.5,no,,,,,,,,,,,,,,,
67,JEE Adv 2018 Paper 2,Numeric,2,"What is the value of the integral

\[
\int_{0}^{\frac{1}{2}} \frac{1+\sqrt{3}}{\left((x+1)^{2}(1-x)^{6}\right)^{\frac{1}{4}}} d x
\]?",0.0,no,,,,,,,,,,,,,,,
67,JEE Adv 2018 Paper 2,Numeric,2,"What is the value of the integral

\[
\int_{0}^{\frac{1}{2}} \frac{1+\sqrt{3}}{\left((x+1)^{2}(1-x)^{6}\right)^{\frac{1}{4}}} d x
\]?",0.1,no,,,,,,,,,,,,,,,
67,JEE Adv 2018 Paper 2,Numeric,2,"What is the value of the integral

\[
\int_{0}^{\frac{1}{2}} \frac{1+\sqrt{3}}{\left((x+1)^{2}(1-x)^{6}\right)^{\frac{1}{4}}} d x
\]?",0.2,no,,,,,,,,,,,,,,,
67,JEE Adv 2018 Paper 2,Numeric,2,"What is the value of the integral

\[
\int_{0}^{\frac{1}{2}} \frac{1+\sqrt{3}}{\left((x+1)^{2}(1-x)^{6}\right)^{\frac{1}{4}}} d x
\]?",0.3,no,,,,,,,,,,,,,,,
67,JEE Adv 2018 Paper 2,Numeric,2,"What is the value of the integral

\[
\int_{0}^{\frac{1}{2}} \frac{1+\sqrt{3}}{\left((x+1)^{2}(1-x)^{6}\right)^{\frac{1}{4}}} d x
\]?",0.4,no,,,,,,,,,,,,,,,
67,JEE Adv 2018 Paper 2,Numeric,2,"What is the value of the integral

\[
\int_{0}^{\frac{1}{2}} \frac{1+\sqrt{3}}{\left((x+1)^{2}(1-x)^{6}\right)^{\frac{1}{4}}} d x
\]?",0.5,no,,,,,,,,,,,,,,,
68,JEE Adv 2018 Paper 2,Numeric,4,"Let $P$ be a matrix of order $3 \times 3$ such that all the entries in $P$ are from the set $\{-1,0,1\}$. Then, what is the maximum possible value of the determinant of $P$?",0.0,no,,,,,,,,,,,,,,,
68,JEE Adv 2018 Paper 2,Numeric,4,"Let $P$ be a matrix of order $3 \times 3$ such that all the entries in $P$ are from the set $\{-1,0,1\}$. Then, what is the maximum possible value of the determinant of $P$?",0.1,no,,,,,,,,,,,,,,,
68,JEE Adv 2018 Paper 2,Numeric,4,"Let $P$ be a matrix of order $3 \times 3$ such that all the entries in $P$ are from the set $\{-1,0,1\}$. Then, what is the maximum possible value of the determinant of $P$?",0.2,no,,,,,,,,,,,,,,,
68,JEE Adv 2018 Paper 2,Numeric,4,"Let $P$ be a matrix of order $3 \times 3$ such that all the entries in $P$ are from the set $\{-1,0,1\}$. Then, what is the maximum possible value of the determinant of $P$?",0.3,no,,,,,,,,,,,,,,,
68,JEE Adv 2018 Paper 2,Numeric,4,"Let $P$ be a matrix of order $3 \times 3$ such that all the entries in $P$ are from the set $\{-1,0,1\}$. Then, what is the maximum possible value of the determinant of $P$?",0.4,no,,,,,,,,,,,,,,,
68,JEE Adv 2018 Paper 2,Numeric,4,"Let $P$ be a matrix of order $3 \times 3$ such that all the entries in $P$ are from the set $\{-1,0,1\}$. Then, what is the maximum possible value of the determinant of $P$?",0.5,no,,,,,,,,,,,,,,,
69,JEE Adv 2018 Paper 2,Numeric,119,"Let $X$ be a set with exactly 5 elements and $Y$ be a set with exactly 7 elements. If $\alpha$ is the number of one-one functions from $X$ to $Y$ and $\beta$ is the number of onto functions from $Y$ to $X$, then what is the value of $\frac{1}{5 !}(\beta-\alpha)$?",0.0,no,,,,,,,,,,,,,,,
69,JEE Adv 2018 Paper 2,Numeric,119,"Let $X$ be a set with exactly 5 elements and $Y$ be a set with exactly 7 elements. If $\alpha$ is the number of one-one functions from $X$ to $Y$ and $\beta$ is the number of onto functions from $Y$ to $X$, then what is the value of $\frac{1}{5 !}(\beta-\alpha)$?",0.1,no,,,,,,,,,,,,,,,
69,JEE Adv 2018 Paper 2,Numeric,119,"Let $X$ be a set with exactly 5 elements and $Y$ be a set with exactly 7 elements. If $\alpha$ is the number of one-one functions from $X$ to $Y$ and $\beta$ is the number of onto functions from $Y$ to $X$, then what is the value of $\frac{1}{5 !}(\beta-\alpha)$?",0.2,no,,,,,,,,,,,,,,,
69,JEE Adv 2018 Paper 2,Numeric,119,"Let $X$ be a set with exactly 5 elements and $Y$ be a set with exactly 7 elements. If $\alpha$ is the number of one-one functions from $X$ to $Y$ and $\beta$ is the number of onto functions from $Y$ to $X$, then what is the value of $\frac{1}{5 !}(\beta-\alpha)$?",0.3,no,,,,,,,,,,,,,,,
69,JEE Adv 2018 Paper 2,Numeric,119,"Let $X$ be a set with exactly 5 elements and $Y$ be a set with exactly 7 elements. If $\alpha$ is the number of one-one functions from $X$ to $Y$ and $\beta$ is the number of onto functions from $Y$ to $X$, then what is the value of $\frac{1}{5 !}(\beta-\alpha)$?",0.4,no,,,,,,,,,,,,,,,
69,JEE Adv 2018 Paper 2,Numeric,119,"Let $X$ be a set with exactly 5 elements and $Y$ be a set with exactly 7 elements. If $\alpha$ is the number of one-one functions from $X$ to $Y$ and $\beta$ is the number of onto functions from $Y$ to $X$, then what is the value of $\frac{1}{5 !}(\beta-\alpha)$?",0.5,no,,,,,,,,,,,,,,,
70,JEE Adv 2018 Paper 2,Numeric,0.4,"Let $f: \mathbb{R} \rightarrow \mathbb{R}$ be a differentiable function with $f(0)=0$. If $y=f(x)$ satisfies the differential equation

\[
\frac{d y}{d x}=(2+5 y)(5 y-2)
\]

then what is the value of $\lim _{x \rightarrow-\infty} f(x)$?",0.0,no,,,,,,,,,,,,,,,
70,JEE Adv 2018 Paper 2,Numeric,0.4,"Let $f: \mathbb{R} \rightarrow \mathbb{R}$ be a differentiable function with $f(0)=0$. If $y=f(x)$ satisfies the differential equation

\[
\frac{d y}{d x}=(2+5 y)(5 y-2)
\]

then what is the value of $\lim _{x \rightarrow-\infty} f(x)$?",0.1,no,,,,,,,,,,,,,,,
70,JEE Adv 2018 Paper 2,Numeric,0.4,"Let $f: \mathbb{R} \rightarrow \mathbb{R}$ be a differentiable function with $f(0)=0$. If $y=f(x)$ satisfies the differential equation

\[
\frac{d y}{d x}=(2+5 y)(5 y-2)
\]

then what is the value of $\lim _{x \rightarrow-\infty} f(x)$?",0.2,no,,,,,,,,,,,,,,,
70,JEE Adv 2018 Paper 2,Numeric,0.4,"Let $f: \mathbb{R} \rightarrow \mathbb{R}$ be a differentiable function with $f(0)=0$. If $y=f(x)$ satisfies the differential equation

\[
\frac{d y}{d x}=(2+5 y)(5 y-2)
\]

then what is the value of $\lim _{x \rightarrow-\infty} f(x)$?",0.3,no,,,,,,,,,,,,,,,
70,JEE Adv 2018 Paper 2,Numeric,0.4,"Let $f: \mathbb{R} \rightarrow \mathbb{R}$ be a differentiable function with $f(0)=0$. If $y=f(x)$ satisfies the differential equation

\[
\frac{d y}{d x}=(2+5 y)(5 y-2)
\]

then what is the value of $\lim _{x \rightarrow-\infty} f(x)$?",0.4,no,,,,,,,,,,,,,,,
70,JEE Adv 2018 Paper 2,Numeric,0.4,"Let $f: \mathbb{R} \rightarrow \mathbb{R}$ be a differentiable function with $f(0)=0$. If $y=f(x)$ satisfies the differential equation

\[
\frac{d y}{d x}=(2+5 y)(5 y-2)
\]

then what is the value of $\lim _{x \rightarrow-\infty} f(x)$?",0.5,no,,,,,,,,,,,,,,,
71,JEE Adv 2018 Paper 2,Numeric,2,"Let $f: \mathbb{R} \rightarrow \mathbb{R}$ be a differentiable function with $f(0)=1$ and satisfying the equation

\[
f(x+y)=f(x) f^{\prime}(y)+f^{\prime}(x) f(y) \text { for all } x, y \in \mathbb{R} .
\]

Then, the value of $\log _{e}(f(4))$ is",0.0,no,,,,,,,,,,,,,,,
71,JEE Adv 2018 Paper 2,Numeric,2,"Let $f: \mathbb{R} \rightarrow \mathbb{R}$ be a differentiable function with $f(0)=1$ and satisfying the equation

\[
f(x+y)=f(x) f^{\prime}(y)+f^{\prime}(x) f(y) \text { for all } x, y \in \mathbb{R} .
\]

Then, the value of $\log _{e}(f(4))$ is",0.1,no,,,,,,,,,,,,,,,
71,JEE Adv 2018 Paper 2,Numeric,2,"Let $f: \mathbb{R} \rightarrow \mathbb{R}$ be a differentiable function with $f(0)=1$ and satisfying the equation

\[
f(x+y)=f(x) f^{\prime}(y)+f^{\prime}(x) f(y) \text { for all } x, y \in \mathbb{R} .
\]

Then, the value of $\log _{e}(f(4))$ is",0.2,no,,,,,,,,,,,,,,,
71,JEE Adv 2018 Paper 2,Numeric,2,"Let $f: \mathbb{R} \rightarrow \mathbb{R}$ be a differentiable function with $f(0)=1$ and satisfying the equation

\[
f(x+y)=f(x) f^{\prime}(y)+f^{\prime}(x) f(y) \text { for all } x, y \in \mathbb{R} .
\]

Then, the value of $\log _{e}(f(4))$ is",0.3,no,,,,,,,,,,,,,,,
71,JEE Adv 2018 Paper 2,Numeric,2,"Let $f: \mathbb{R} \rightarrow \mathbb{R}$ be a differentiable function with $f(0)=1$ and satisfying the equation

\[
f(x+y)=f(x) f^{\prime}(y)+f^{\prime}(x) f(y) \text { for all } x, y \in \mathbb{R} .
\]

Then, the value of $\log _{e}(f(4))$ is",0.4,no,,,,,,,,,,,,,,,
71,JEE Adv 2018 Paper 2,Numeric,2,"Let $f: \mathbb{R} \rightarrow \mathbb{R}$ be a differentiable function with $f(0)=1$ and satisfying the equation

\[
f(x+y)=f(x) f^{\prime}(y)+f^{\prime}(x) f(y) \text { for all } x, y \in \mathbb{R} .
\]

Then, the value of $\log _{e}(f(4))$ is",0.5,no,,,,,,,,,,,,,,,
72,JEE Adv 2018 Paper 2,Numeric,8,"Let $P$ be a point in the first octant, whose image $Q$ in the plane $x+y=3$ (that is, the line segment $P Q$ is perpendicular to the plane $x+y=3$ and the mid-point of $P Q$ lies in the plane $x+y=3$ ) lies on the $z$-axis. Let the distance of $P$ from the $x$-axis be 5 . If $R$ is the image of $P$ in the $x y$-plane, then what is the length of $P R$?",0.0,no,,,,,,,,,,,,,,,
72,JEE Adv 2018 Paper 2,Numeric,8,"Let $P$ be a point in the first octant, whose image $Q$ in the plane $x+y=3$ (that is, the line segment $P Q$ is perpendicular to the plane $x+y=3$ and the mid-point of $P Q$ lies in the plane $x+y=3$ ) lies on the $z$-axis. Let the distance of $P$ from the $x$-axis be 5 . If $R$ is the image of $P$ in the $x y$-plane, then what is the length of $P R$?",0.1,no,,,,,,,,,,,,,,,
72,JEE Adv 2018 Paper 2,Numeric,8,"Let $P$ be a point in the first octant, whose image $Q$ in the plane $x+y=3$ (that is, the line segment $P Q$ is perpendicular to the plane $x+y=3$ and the mid-point of $P Q$ lies in the plane $x+y=3$ ) lies on the $z$-axis. Let the distance of $P$ from the $x$-axis be 5 . If $R$ is the image of $P$ in the $x y$-plane, then what is the length of $P R$?",0.2,no,,,,,,,,,,,,,,,
72,JEE Adv 2018 Paper 2,Numeric,8,"Let $P$ be a point in the first octant, whose image $Q$ in the plane $x+y=3$ (that is, the line segment $P Q$ is perpendicular to the plane $x+y=3$ and the mid-point of $P Q$ lies in the plane $x+y=3$ ) lies on the $z$-axis. Let the distance of $P$ from the $x$-axis be 5 . If $R$ is the image of $P$ in the $x y$-plane, then what is the length of $P R$?",0.3,no,,,,,,,,,,,,,,,
72,JEE Adv 2018 Paper 2,Numeric,8,"Let $P$ be a point in the first octant, whose image $Q$ in the plane $x+y=3$ (that is, the line segment $P Q$ is perpendicular to the plane $x+y=3$ and the mid-point of $P Q$ lies in the plane $x+y=3$ ) lies on the $z$-axis. Let the distance of $P$ from the $x$-axis be 5 . If $R$ is the image of $P$ in the $x y$-plane, then what is the length of $P R$?",0.4,no,,,,,,,,,,,,,,,
72,JEE Adv 2018 Paper 2,Numeric,8,"Let $P$ be a point in the first octant, whose image $Q$ in the plane $x+y=3$ (that is, the line segment $P Q$ is perpendicular to the plane $x+y=3$ and the mid-point of $P Q$ lies in the plane $x+y=3$ ) lies on the $z$-axis. Let the distance of $P$ from the $x$-axis be 5 . If $R$ is the image of $P$ in the $x y$-plane, then what is the length of $P R$?",0.5,no,,,,,,,,,,,,,,,
73,JEE Adv 2018 Paper 2,Numeric,0.5,"Consider the cube in the first octant with sides $O P, O Q$ and $O R$ of length 1 , along the $x$-axis, $y$-axis and $z$-axis, respectively, where $O(0,0,0)$ is the origin. Let $S\left(\frac{1}{2}, \frac{1}{2}, \frac{1}{2}\right)$ be the centre of the cube and $T$ be the vertex of the cube opposite to the origin $O$ such that $S$ lies on the diagonal $O T$. If $\vec{p}=\overrightarrow{S P}, \vec{q}=\overrightarrow{S Q}, \vec{r}=\overrightarrow{S R}$ and $\vec{t}=\overrightarrow{S T}$, then what is the value of $|(\vec{p} \times \vec{q}) \times(\vec{r} \times \vec{t})|$?",0.0,no,,,,,,,,,,,,,,,
73,JEE Adv 2018 Paper 2,Numeric,0.5,"Consider the cube in the first octant with sides $O P, O Q$ and $O R$ of length 1 , along the $x$-axis, $y$-axis and $z$-axis, respectively, where $O(0,0,0)$ is the origin. Let $S\left(\frac{1}{2}, \frac{1}{2}, \frac{1}{2}\right)$ be the centre of the cube and $T$ be the vertex of the cube opposite to the origin $O$ such that $S$ lies on the diagonal $O T$. If $\vec{p}=\overrightarrow{S P}, \vec{q}=\overrightarrow{S Q}, \vec{r}=\overrightarrow{S R}$ and $\vec{t}=\overrightarrow{S T}$, then what is the value of $|(\vec{p} \times \vec{q}) \times(\vec{r} \times \vec{t})|$?",0.1,no,,,,,,,,,,,,,,,
73,JEE Adv 2018 Paper 2,Numeric,0.5,"Consider the cube in the first octant with sides $O P, O Q$ and $O R$ of length 1 , along the $x$-axis, $y$-axis and $z$-axis, respectively, where $O(0,0,0)$ is the origin. Let $S\left(\frac{1}{2}, \frac{1}{2}, \frac{1}{2}\right)$ be the centre of the cube and $T$ be the vertex of the cube opposite to the origin $O$ such that $S$ lies on the diagonal $O T$. If $\vec{p}=\overrightarrow{S P}, \vec{q}=\overrightarrow{S Q}, \vec{r}=\overrightarrow{S R}$ and $\vec{t}=\overrightarrow{S T}$, then what is the value of $|(\vec{p} \times \vec{q}) \times(\vec{r} \times \vec{t})|$?",0.2,no,,,,,,,,,,,,,,,
73,JEE Adv 2018 Paper 2,Numeric,0.5,"Consider the cube in the first octant with sides $O P, O Q$ and $O R$ of length 1 , along the $x$-axis, $y$-axis and $z$-axis, respectively, where $O(0,0,0)$ is the origin. Let $S\left(\frac{1}{2}, \frac{1}{2}, \frac{1}{2}\right)$ be the centre of the cube and $T$ be the vertex of the cube opposite to the origin $O$ such that $S$ lies on the diagonal $O T$. If $\vec{p}=\overrightarrow{S P}, \vec{q}=\overrightarrow{S Q}, \vec{r}=\overrightarrow{S R}$ and $\vec{t}=\overrightarrow{S T}$, then what is the value of $|(\vec{p} \times \vec{q}) \times(\vec{r} \times \vec{t})|$?",0.3,no,,,,,,,,,,,,,,,
73,JEE Adv 2018 Paper 2,Numeric,0.5,"Consider the cube in the first octant with sides $O P, O Q$ and $O R$ of length 1 , along the $x$-axis, $y$-axis and $z$-axis, respectively, where $O(0,0,0)$ is the origin. Let $S\left(\frac{1}{2}, \frac{1}{2}, \frac{1}{2}\right)$ be the centre of the cube and $T$ be the vertex of the cube opposite to the origin $O$ such that $S$ lies on the diagonal $O T$. If $\vec{p}=\overrightarrow{S P}, \vec{q}=\overrightarrow{S Q}, \vec{r}=\overrightarrow{S R}$ and $\vec{t}=\overrightarrow{S T}$, then what is the value of $|(\vec{p} \times \vec{q}) \times(\vec{r} \times \vec{t})|$?",0.4,no,,,,,,,,,,,,,,,
73,JEE Adv 2018 Paper 2,Numeric,0.5,"Consider the cube in the first octant with sides $O P, O Q$ and $O R$ of length 1 , along the $x$-axis, $y$-axis and $z$-axis, respectively, where $O(0,0,0)$ is the origin. Let $S\left(\frac{1}{2}, \frac{1}{2}, \frac{1}{2}\right)$ be the centre of the cube and $T$ be the vertex of the cube opposite to the origin $O$ such that $S$ lies on the diagonal $O T$. If $\vec{p}=\overrightarrow{S P}, \vec{q}=\overrightarrow{S Q}, \vec{r}=\overrightarrow{S R}$ and $\vec{t}=\overrightarrow{S T}$, then what is the value of $|(\vec{p} \times \vec{q}) \times(\vec{r} \times \vec{t})|$?",0.5,no,,,,,,,,,,,,,,,
74,JEE Adv 2018 Paper 2,Numeric,646,"Let

\[
X=\left({ }^{10} C_{1}\right)^{2}+2\left({ }^{10} C_{2}\right)^{2}+3\left({ }^{10} C_{3}\right)^{2}+\cdots+10\left({ }^{10} C_{10}\right)^{2}
\]

where ${ }^{10} C_{r}, r \in\{1,2, \cdots, 10\}$ denote binomial coefficients. Then, what is the value of $\frac{1}{1430} X$?",0.0,no,,,,,,,,,,,,,,,
74,JEE Adv 2018 Paper 2,Numeric,646,"Let

\[
X=\left({ }^{10} C_{1}\right)^{2}+2\left({ }^{10} C_{2}\right)^{2}+3\left({ }^{10} C_{3}\right)^{2}+\cdots+10\left({ }^{10} C_{10}\right)^{2}
\]

where ${ }^{10} C_{r}, r \in\{1,2, \cdots, 10\}$ denote binomial coefficients. Then, what is the value of $\frac{1}{1430} X$?",0.1,no,,,,,,,,,,,,,,,
74,JEE Adv 2018 Paper 2,Numeric,646,"Let

\[
X=\left({ }^{10} C_{1}\right)^{2}+2\left({ }^{10} C_{2}\right)^{2}+3\left({ }^{10} C_{3}\right)^{2}+\cdots+10\left({ }^{10} C_{10}\right)^{2}
\]

where ${ }^{10} C_{r}, r \in\{1,2, \cdots, 10\}$ denote binomial coefficients. Then, what is the value of $\frac{1}{1430} X$?",0.2,no,,,,,,,,,,,,,,,
74,JEE Adv 2018 Paper 2,Numeric,646,"Let

\[
X=\left({ }^{10} C_{1}\right)^{2}+2\left({ }^{10} C_{2}\right)^{2}+3\left({ }^{10} C_{3}\right)^{2}+\cdots+10\left({ }^{10} C_{10}\right)^{2}
\]

where ${ }^{10} C_{r}, r \in\{1,2, \cdots, 10\}$ denote binomial coefficients. Then, what is the value of $\frac{1}{1430} X$?",0.3,no,,,,,,,,,,,,,,,
74,JEE Adv 2018 Paper 2,Numeric,646,"Let

\[
X=\left({ }^{10} C_{1}\right)^{2}+2\left({ }^{10} C_{2}\right)^{2}+3\left({ }^{10} C_{3}\right)^{2}+\cdots+10\left({ }^{10} C_{10}\right)^{2}
\]

where ${ }^{10} C_{r}, r \in\{1,2, \cdots, 10\}$ denote binomial coefficients. Then, what is the value of $\frac{1}{1430} X$?",0.4,no,,,,,,,,,,,,,,,
74,JEE Adv 2018 Paper 2,Numeric,646,"Let

\[
X=\left({ }^{10} C_{1}\right)^{2}+2\left({ }^{10} C_{2}\right)^{2}+3\left({ }^{10} C_{3}\right)^{2}+\cdots+10\left({ }^{10} C_{10}\right)^{2}
\]

where ${ }^{10} C_{r}, r \in\{1,2, \cdots, 10\}$ denote binomial coefficients. Then, what is the value of $\frac{1}{1430} X$?",0.5,no,,,,,,,,,,,,,,,
75,JEE Adv 2019 Paper 1,MCQ,A,"Let $S$ be the set of all complex numbers $Z$ satisfying $|z-2+i| \geq \sqrt{5}$. If the complex number $Z_{0}$ is such that $\frac{1}{\left|Z_{0}-1\right|}$ is the maximum of the set $\left\{\frac{1}{|z-1|}: z \in S\right\}$, then the principal argument of $\frac{4-z_{0}-\overline{z_{0}}}{Z_{0}-\overline{z_{0}}+2 i}$ is",0.0,no,,,,,,,,,,,,,,,
75,JEE Adv 2019 Paper 1,MCQ,A,"Let $S$ be the set of all complex numbers $Z$ satisfying $|z-2+i| \geq \sqrt{5}$. If the complex number $Z_{0}$ is such that $\frac{1}{\left|Z_{0}-1\right|}$ is the maximum of the set $\left\{\frac{1}{|z-1|}: z \in S\right\}$, then the principal argument of $\frac{4-z_{0}-\overline{z_{0}}}{Z_{0}-\overline{z_{0}}+2 i}$ is",0.1,no,,,,,,,,,,,,,,,
75,JEE Adv 2019 Paper 1,MCQ,A,"Let $S$ be the set of all complex numbers $Z$ satisfying $|z-2+i| \geq \sqrt{5}$. If the complex number $Z_{0}$ is such that $\frac{1}{\left|Z_{0}-1\right|}$ is the maximum of the set $\left\{\frac{1}{|z-1|}: z \in S\right\}$, then the principal argument of $\frac{4-z_{0}-\overline{z_{0}}}{Z_{0}-\overline{z_{0}}+2 i}$ is",0.2,no,,,,,,,,,,,,,,,
75,JEE Adv 2019 Paper 1,MCQ,A,"Let $S$ be the set of all complex numbers $Z$ satisfying $|z-2+i| \geq \sqrt{5}$. If the complex number $Z_{0}$ is such that $\frac{1}{\left|Z_{0}-1\right|}$ is the maximum of the set $\left\{\frac{1}{|z-1|}: z \in S\right\}$, then the principal argument of $\frac{4-z_{0}-\overline{z_{0}}}{Z_{0}-\overline{z_{0}}+2 i}$ is",0.3,no,,,,,,,,,,,,,,,
75,JEE Adv 2019 Paper 1,MCQ,A,"Let $S$ be the set of all complex numbers $Z$ satisfying $|z-2+i| \geq \sqrt{5}$. If the complex number $Z_{0}$ is such that $\frac{1}{\left|Z_{0}-1\right|}$ is the maximum of the set $\left\{\frac{1}{|z-1|}: z \in S\right\}$, then the principal argument of $\frac{4-z_{0}-\overline{z_{0}}}{Z_{0}-\overline{z_{0}}+2 i}$ is",0.4,no,,,,,,,,,,,,,,,
75,JEE Adv 2019 Paper 1,MCQ,A,"Let $S$ be the set of all complex numbers $Z$ satisfying $|z-2+i| \geq \sqrt{5}$. If the complex number $Z_{0}$ is such that $\frac{1}{\left|Z_{0}-1\right|}$ is the maximum of the set $\left\{\frac{1}{|z-1|}: z \in S\right\}$, then the principal argument of $\frac{4-z_{0}-\overline{z_{0}}}{Z_{0}-\overline{z_{0}}+2 i}$ is",0.5,no,,,,,,,,,,,,,,,
76,JEE Adv 2019 Paper 1,MCQ,C,"Let

\[
M=\left[\begin{array}{cc}

\sin ^{4} \theta & -1-\sin ^{2} \theta \\

1+\cos ^{2} \theta & \cos ^{4} \theta

\end{array}\right]=\alpha I+\beta M^{-1}
\]

where $\alpha=\alpha(\theta)$ and $\beta=\beta(\theta)$ are real numbers, and $I$ is the $2 \times 2$ identity matrix. If

$\alpha^{*}$ is the minimum of the set $\{\alpha(\theta): \theta \in[0,2 \pi)\}$ and

$\beta^{*}$ is the minimum of the set $\{\beta(\theta): \theta \in[0,2 \pi)\}$

then the value of $\alpha^{*}+\beta^{*}$ is",0.0,no,,,,,,,,,,,,,,,
76,JEE Adv 2019 Paper 1,MCQ,C,"Let

\[
M=\left[\begin{array}{cc}

\sin ^{4} \theta & -1-\sin ^{2} \theta \\

1+\cos ^{2} \theta & \cos ^{4} \theta

\end{array}\right]=\alpha I+\beta M^{-1}
\]

where $\alpha=\alpha(\theta)$ and $\beta=\beta(\theta)$ are real numbers, and $I$ is the $2 \times 2$ identity matrix. If

$\alpha^{*}$ is the minimum of the set $\{\alpha(\theta): \theta \in[0,2 \pi)\}$ and

$\beta^{*}$ is the minimum of the set $\{\beta(\theta): \theta \in[0,2 \pi)\}$

then the value of $\alpha^{*}+\beta^{*}$ is",0.1,no,,,,,,,,,,,,,,,
76,JEE Adv 2019 Paper 1,MCQ,C,"Let

\[
M=\left[\begin{array}{cc}

\sin ^{4} \theta & -1-\sin ^{2} \theta \\

1+\cos ^{2} \theta & \cos ^{4} \theta

\end{array}\right]=\alpha I+\beta M^{-1}
\]

where $\alpha=\alpha(\theta)$ and $\beta=\beta(\theta)$ are real numbers, and $I$ is the $2 \times 2$ identity matrix. If

$\alpha^{*}$ is the minimum of the set $\{\alpha(\theta): \theta \in[0,2 \pi)\}$ and

$\beta^{*}$ is the minimum of the set $\{\beta(\theta): \theta \in[0,2 \pi)\}$

then the value of $\alpha^{*}+\beta^{*}$ is",0.2,no,,,,,,,,,,,,,,,
76,JEE Adv 2019 Paper 1,MCQ,C,"Let

\[
M=\left[\begin{array}{cc}

\sin ^{4} \theta & -1-\sin ^{2} \theta \\

1+\cos ^{2} \theta & \cos ^{4} \theta

\end{array}\right]=\alpha I+\beta M^{-1}
\]

where $\alpha=\alpha(\theta)$ and $\beta=\beta(\theta)$ are real numbers, and $I$ is the $2 \times 2$ identity matrix. If

$\alpha^{*}$ is the minimum of the set $\{\alpha(\theta): \theta \in[0,2 \pi)\}$ and

$\beta^{*}$ is the minimum of the set $\{\beta(\theta): \theta \in[0,2 \pi)\}$

then the value of $\alpha^{*}+\beta^{*}$ is",0.3,no,,,,,,,,,,,,,,,
76,JEE Adv 2019 Paper 1,MCQ,C,"Let

\[
M=\left[\begin{array}{cc}

\sin ^{4} \theta & -1-\sin ^{2} \theta \\

1+\cos ^{2} \theta & \cos ^{4} \theta

\end{array}\right]=\alpha I+\beta M^{-1}
\]

where $\alpha=\alpha(\theta)$ and $\beta=\beta(\theta)$ are real numbers, and $I$ is the $2 \times 2$ identity matrix. If

$\alpha^{*}$ is the minimum of the set $\{\alpha(\theta): \theta \in[0,2 \pi)\}$ and

$\beta^{*}$ is the minimum of the set $\{\beta(\theta): \theta \in[0,2 \pi)\}$

then the value of $\alpha^{*}+\beta^{*}$ is",0.4,no,,,,,,,,,,,,,,,
76,JEE Adv 2019 Paper 1,MCQ,C,"Let

\[
M=\left[\begin{array}{cc}

\sin ^{4} \theta & -1-\sin ^{2} \theta \\

1+\cos ^{2} \theta & \cos ^{4} \theta

\end{array}\right]=\alpha I+\beta M^{-1}
\]

where $\alpha=\alpha(\theta)$ and $\beta=\beta(\theta)$ are real numbers, and $I$ is the $2 \times 2$ identity matrix. If

$\alpha^{*}$ is the minimum of the set $\{\alpha(\theta): \theta \in[0,2 \pi)\}$ and

$\beta^{*}$ is the minimum of the set $\{\beta(\theta): \theta \in[0,2 \pi)\}$

then the value of $\alpha^{*}+\beta^{*}$ is",0.5,no,,,,,,,,,,,,,,,
77,JEE Adv 2019 Paper 1,MCQ,B,"A line $y=m x+1$ intersects the circle $(x-3)^{2}+(y+2)^{2}=25$ at the points $P$ and $Q$. If the midpoint of the line segment $P Q$ has $x$-coordinate $-\frac{3}{5}$, then which one of the following options is correct?",0.0,no,,,,,,,,,,,,,,,
77,JEE Adv 2019 Paper 1,MCQ,B,"A line $y=m x+1$ intersects the circle $(x-3)^{2}+(y+2)^{2}=25$ at the points $P$ and $Q$. If the midpoint of the line segment $P Q$ has $x$-coordinate $-\frac{3}{5}$, then which one of the following options is correct?",0.1,no,,,,,,,,,,,,,,,
77,JEE Adv 2019 Paper 1,MCQ,B,"A line $y=m x+1$ intersects the circle $(x-3)^{2}+(y+2)^{2}=25$ at the points $P$ and $Q$. If the midpoint of the line segment $P Q$ has $x$-coordinate $-\frac{3}{5}$, then which one of the following options is correct?",0.2,no,,,,,,,,,,,,,,,
77,JEE Adv 2019 Paper 1,MCQ,B,"A line $y=m x+1$ intersects the circle $(x-3)^{2}+(y+2)^{2}=25$ at the points $P$ and $Q$. If the midpoint of the line segment $P Q$ has $x$-coordinate $-\frac{3}{5}$, then which one of the following options is correct?",0.3,no,,,,,,,,,,,,,,,
77,JEE Adv 2019 Paper 1,MCQ,B,"A line $y=m x+1$ intersects the circle $(x-3)^{2}+(y+2)^{2}=25$ at the points $P$ and $Q$. If the midpoint of the line segment $P Q$ has $x$-coordinate $-\frac{3}{5}$, then which one of the following options is correct?",0.4,no,,,,,,,,,,,,,,,
77,JEE Adv 2019 Paper 1,MCQ,B,"A line $y=m x+1$ intersects the circle $(x-3)^{2}+(y+2)^{2}=25$ at the points $P$ and $Q$. If the midpoint of the line segment $P Q$ has $x$-coordinate $-\frac{3}{5}$, then which one of the following options is correct?",0.5,no,,,,,,,,,,,,,,,
78,JEE Adv 2019 Paper 1,MCQ,A,"The area of the region $\left\{(x, y): x y \leq 8,1 \leq y \leq x^{2}\right\}$ is",0.0,no,,,,,,,,,,,,,,,
78,JEE Adv 2019 Paper 1,MCQ,A,"The area of the region $\left\{(x, y): x y \leq 8,1 \leq y \leq x^{2}\right\}$ is",0.1,no,,,,,,,,,,,,,,,
78,JEE Adv 2019 Paper 1,MCQ,A,"The area of the region $\left\{(x, y): x y \leq 8,1 \leq y \leq x^{2}\right\}$ is",0.2,no,,,,,,,,,,,,,,,
78,JEE Adv 2019 Paper 1,MCQ,A,"The area of the region $\left\{(x, y): x y \leq 8,1 \leq y \leq x^{2}\right\}$ is",0.3,no,,,,,,,,,,,,,,,
78,JEE Adv 2019 Paper 1,MCQ,A,"The area of the region $\left\{(x, y): x y \leq 8,1 \leq y \leq x^{2}\right\}$ is",0.4,no,,,,,,,,,,,,,,,
78,JEE Adv 2019 Paper 1,MCQ,A,"The area of the region $\left\{(x, y): x y \leq 8,1 \leq y \leq x^{2}\right\}$ is",0.5,no,,,,,,,,,,,,,,,
79,JEE Adv 2019 Paper 1,MCQ(multiple),ABD,"Let

\[
M=\left[\begin{array}{lll}

0 & 1 & a \\

1 & 2 & 3 \\

3 & b & 1

\end{array}\right] \quad \text { and adj } M=\left[\begin{array}{rrr}

-1 & 1 & -1 \\

8 & -6 & 2 \\

-5 & 3 & -1

\end{array}\right]
\]

where $a$ and $b$ are real numbers. Which of the following options is/are correct?",0.0,no,,,,,,,,,,,,,,,
79,JEE Adv 2019 Paper 1,MCQ(multiple),ABD,"Let

\[
M=\left[\begin{array}{lll}

0 & 1 & a \\

1 & 2 & 3 \\

3 & b & 1

\end{array}\right] \quad \text { and adj } M=\left[\begin{array}{rrr}

-1 & 1 & -1 \\

8 & -6 & 2 \\

-5 & 3 & -1

\end{array}\right]
\]

where $a$ and $b$ are real numbers. Which of the following options is/are correct?",0.1,no,,,,,,,,,,,,,,,
79,JEE Adv 2019 Paper 1,MCQ(multiple),ABD,"Let

\[
M=\left[\begin{array}{lll}

0 & 1 & a \\

1 & 2 & 3 \\

3 & b & 1

\end{array}\right] \quad \text { and adj } M=\left[\begin{array}{rrr}

-1 & 1 & -1 \\

8 & -6 & 2 \\

-5 & 3 & -1

\end{array}\right]
\]

where $a$ and $b$ are real numbers. Which of the following options is/are correct?",0.2,no,,,,,,,,,,,,,,,
79,JEE Adv 2019 Paper 1,MCQ(multiple),ABD,"Let

\[
M=\left[\begin{array}{lll}

0 & 1 & a \\

1 & 2 & 3 \\

3 & b & 1

\end{array}\right] \quad \text { and adj } M=\left[\begin{array}{rrr}

-1 & 1 & -1 \\

8 & -6 & 2 \\

-5 & 3 & -1

\end{array}\right]
\]

where $a$ and $b$ are real numbers. Which of the following options is/are correct?",0.3,no,,,,,,,,,,,,,,,
79,JEE Adv 2019 Paper 1,MCQ(multiple),ABD,"Let

\[
M=\left[\begin{array}{lll}

0 & 1 & a \\

1 & 2 & 3 \\

3 & b & 1

\end{array}\right] \quad \text { and adj } M=\left[\begin{array}{rrr}

-1 & 1 & -1 \\

8 & -6 & 2 \\

-5 & 3 & -1

\end{array}\right]
\]

where $a$ and $b$ are real numbers. Which of the following options is/are correct?",0.4,no,,,,,,,,,,,,,,,
79,JEE Adv 2019 Paper 1,MCQ(multiple),ABD,"Let

\[
M=\left[\begin{array}{lll}

0 & 1 & a \\

1 & 2 & 3 \\

3 & b & 1

\end{array}\right] \quad \text { and adj } M=\left[\begin{array}{rrr}

-1 & 1 & -1 \\

8 & -6 & 2 \\

-5 & 3 & -1

\end{array}\right]
\]

where $a$ and $b$ are real numbers. Which of the following options is/are correct?",0.5,no,,,,,,,,,,,,,,,
80,JEE Adv 2019 Paper 1,MCQ(multiple),AB,"There are three bags $B_{1}, B_{2}$ and $B_{3}$. The bag $B_{1}$ contains 5 red and 5 green balls, $B_{2}$ contains 3 red and 5 green balls, and $B_{3}$ contains 5 red and 3 green balls. Bags $B_{1}, B_{2}$ and $B_{3}$ have probabilities $\frac{3}{10}, \frac{3}{10}$ and $\frac{4}{10}$ respectively of being chosen. A bag is selected at random and a ball is chosen at random from the bag. Then which of the following options is/are correct?",0.0,no,,,,,,,,,,,,,,,
80,JEE Adv 2019 Paper 1,MCQ(multiple),AB,"There are three bags $B_{1}, B_{2}$ and $B_{3}$. The bag $B_{1}$ contains 5 red and 5 green balls, $B_{2}$ contains 3 red and 5 green balls, and $B_{3}$ contains 5 red and 3 green balls. Bags $B_{1}, B_{2}$ and $B_{3}$ have probabilities $\frac{3}{10}, \frac{3}{10}$ and $\frac{4}{10}$ respectively of being chosen. A bag is selected at random and a ball is chosen at random from the bag. Then which of the following options is/are correct?",0.1,no,,,,,,,,,,,,,,,
80,JEE Adv 2019 Paper 1,MCQ(multiple),AB,"There are three bags $B_{1}, B_{2}$ and $B_{3}$. The bag $B_{1}$ contains 5 red and 5 green balls, $B_{2}$ contains 3 red and 5 green balls, and $B_{3}$ contains 5 red and 3 green balls. Bags $B_{1}, B_{2}$ and $B_{3}$ have probabilities $\frac{3}{10}, \frac{3}{10}$ and $\frac{4}{10}$ respectively of being chosen. A bag is selected at random and a ball is chosen at random from the bag. Then which of the following options is/are correct?",0.2,no,,,,,,,,,,,,,,,
80,JEE Adv 2019 Paper 1,MCQ(multiple),AB,"There are three bags $B_{1}, B_{2}$ and $B_{3}$. The bag $B_{1}$ contains 5 red and 5 green balls, $B_{2}$ contains 3 red and 5 green balls, and $B_{3}$ contains 5 red and 3 green balls. Bags $B_{1}, B_{2}$ and $B_{3}$ have probabilities $\frac{3}{10}, \frac{3}{10}$ and $\frac{4}{10}$ respectively of being chosen. A bag is selected at random and a ball is chosen at random from the bag. Then which of the following options is/are correct?",0.3,no,,,,,,,,,,,,,,,
80,JEE Adv 2019 Paper 1,MCQ(multiple),AB,"There are three bags $B_{1}, B_{2}$ and $B_{3}$. The bag $B_{1}$ contains 5 red and 5 green balls, $B_{2}$ contains 3 red and 5 green balls, and $B_{3}$ contains 5 red and 3 green balls. Bags $B_{1}, B_{2}$ and $B_{3}$ have probabilities $\frac{3}{10}, \frac{3}{10}$ and $\frac{4}{10}$ respectively of being chosen. A bag is selected at random and a ball is chosen at random from the bag. Then which of the following options is/are correct?",0.4,no,,,,,,,,,,,,,,,
80,JEE Adv 2019 Paper 1,MCQ(multiple),AB,"There are three bags $B_{1}, B_{2}$ and $B_{3}$. The bag $B_{1}$ contains 5 red and 5 green balls, $B_{2}$ contains 3 red and 5 green balls, and $B_{3}$ contains 5 red and 3 green balls. Bags $B_{1}, B_{2}$ and $B_{3}$ have probabilities $\frac{3}{10}, \frac{3}{10}$ and $\frac{4}{10}$ respectively of being chosen. A bag is selected at random and a ball is chosen at random from the bag. Then which of the following options is/are correct?",0.5,no,,,,,,,,,,,,,,,
81,JEE Adv 2019 Paper 1,MCQ(multiple),ACD,"In a non-right-angled triangle $\triangle P Q R$, let $p, q, r$ denote the lengths of the sides opposite to the angles at $P, Q, R$ respectively. The median from $R$ meets the side $P Q$ at $S$, the perpendicular from $P$ meets the side $Q R$ at $E$, and $R S$ and $P E$ intersect at $O$. If $p=\sqrt{3}, q=1$, and the radius of the circumcircle of the $\triangle P Q R$ equals 1 , then which of the following options is/are correct?",0.0,no,,,,,,,,,,,,,,,
81,JEE Adv 2019 Paper 1,MCQ(multiple),ACD,"In a non-right-angled triangle $\triangle P Q R$, let $p, q, r$ denote the lengths of the sides opposite to the angles at $P, Q, R$ respectively. The median from $R$ meets the side $P Q$ at $S$, the perpendicular from $P$ meets the side $Q R$ at $E$, and $R S$ and $P E$ intersect at $O$. If $p=\sqrt{3}, q=1$, and the radius of the circumcircle of the $\triangle P Q R$ equals 1 , then which of the following options is/are correct?",0.1,no,,,,,,,,,,,,,,,
81,JEE Adv 2019 Paper 1,MCQ(multiple),ACD,"In a non-right-angled triangle $\triangle P Q R$, let $p, q, r$ denote the lengths of the sides opposite to the angles at $P, Q, R$ respectively. The median from $R$ meets the side $P Q$ at $S$, the perpendicular from $P$ meets the side $Q R$ at $E$, and $R S$ and $P E$ intersect at $O$. If $p=\sqrt{3}, q=1$, and the radius of the circumcircle of the $\triangle P Q R$ equals 1 , then which of the following options is/are correct?",0.2,no,,,,,,,,,,,,,,,
81,JEE Adv 2019 Paper 1,MCQ(multiple),ACD,"In a non-right-angled triangle $\triangle P Q R$, let $p, q, r$ denote the lengths of the sides opposite to the angles at $P, Q, R$ respectively. The median from $R$ meets the side $P Q$ at $S$, the perpendicular from $P$ meets the side $Q R$ at $E$, and $R S$ and $P E$ intersect at $O$. If $p=\sqrt{3}, q=1$, and the radius of the circumcircle of the $\triangle P Q R$ equals 1 , then which of the following options is/are correct?",0.3,no,,,,,,,,,,,,,,,
81,JEE Adv 2019 Paper 1,MCQ(multiple),ACD,"In a non-right-angled triangle $\triangle P Q R$, let $p, q, r$ denote the lengths of the sides opposite to the angles at $P, Q, R$ respectively. The median from $R$ meets the side $P Q$ at $S$, the perpendicular from $P$ meets the side $Q R$ at $E$, and $R S$ and $P E$ intersect at $O$. If $p=\sqrt{3}, q=1$, and the radius of the circumcircle of the $\triangle P Q R$ equals 1 , then which of the following options is/are correct?",0.4,no,,,,,,,,,,,,,,,
81,JEE Adv 2019 Paper 1,MCQ(multiple),ACD,"In a non-right-angled triangle $\triangle P Q R$, let $p, q, r$ denote the lengths of the sides opposite to the angles at $P, Q, R$ respectively. The median from $R$ meets the side $P Q$ at $S$, the perpendicular from $P$ meets the side $Q R$ at $E$, and $R S$ and $P E$ intersect at $O$. If $p=\sqrt{3}, q=1$, and the radius of the circumcircle of the $\triangle P Q R$ equals 1 , then which of the following options is/are correct?",0.5,no,,,,,,,,,,,,,,,
82,JEE Adv 2019 Paper 1,MCQ(multiple),BC,"Define the collections $\left\{E_{1}, E_{2}, E_{3}, \ldots\right\}$ of ellipses and $\left\{R_{1}, R_{2}, R_{3}, \ldots\right\}$ of rectangles as follows:

$E_{1}: \frac{x^{2}}{9}+\frac{y^{2}}{4}=1$

$R_{1}$ : rectangle of largest area, with sides parallel to the axes, inscribed in $E_{1}$;

$E_{n}:$ ellipse $\frac{x^{2}}{a_{n}^{2}}+\frac{y^{2}}{b_{n}^{2}}=1$ of largest area inscribed in $R_{n-1}, n>1$;

$R_{n}:$ rectangle of largest area, with sides parallel to the axes, inscribed in $E_{n}, n>1$.

Then which of the following options is/are correct?",0.0,no,,,,,,,,,,,,,,,
82,JEE Adv 2019 Paper 1,MCQ(multiple),BC,"Define the collections $\left\{E_{1}, E_{2}, E_{3}, \ldots\right\}$ of ellipses and $\left\{R_{1}, R_{2}, R_{3}, \ldots\right\}$ of rectangles as follows:

$E_{1}: \frac{x^{2}}{9}+\frac{y^{2}}{4}=1$

$R_{1}$ : rectangle of largest area, with sides parallel to the axes, inscribed in $E_{1}$;

$E_{n}:$ ellipse $\frac{x^{2}}{a_{n}^{2}}+\frac{y^{2}}{b_{n}^{2}}=1$ of largest area inscribed in $R_{n-1}, n>1$;

$R_{n}:$ rectangle of largest area, with sides parallel to the axes, inscribed in $E_{n}, n>1$.

Then which of the following options is/are correct?",0.1,no,,,,,,,,,,,,,,,
82,JEE Adv 2019 Paper 1,MCQ(multiple),BC,"Define the collections $\left\{E_{1}, E_{2}, E_{3}, \ldots\right\}$ of ellipses and $\left\{R_{1}, R_{2}, R_{3}, \ldots\right\}$ of rectangles as follows:

$E_{1}: \frac{x^{2}}{9}+\frac{y^{2}}{4}=1$

$R_{1}$ : rectangle of largest area, with sides parallel to the axes, inscribed in $E_{1}$;

$E_{n}:$ ellipse $\frac{x^{2}}{a_{n}^{2}}+\frac{y^{2}}{b_{n}^{2}}=1$ of largest area inscribed in $R_{n-1}, n>1$;

$R_{n}:$ rectangle of largest area, with sides parallel to the axes, inscribed in $E_{n}, n>1$.

Then which of the following options is/are correct?",0.2,no,,,,,,,,,,,,,,,
82,JEE Adv 2019 Paper 1,MCQ(multiple),BC,"Define the collections $\left\{E_{1}, E_{2}, E_{3}, \ldots\right\}$ of ellipses and $\left\{R_{1}, R_{2}, R_{3}, \ldots\right\}$ of rectangles as follows:

$E_{1}: \frac{x^{2}}{9}+\frac{y^{2}}{4}=1$

$R_{1}$ : rectangle of largest area, with sides parallel to the axes, inscribed in $E_{1}$;

$E_{n}:$ ellipse $\frac{x^{2}}{a_{n}^{2}}+\frac{y^{2}}{b_{n}^{2}}=1$ of largest area inscribed in $R_{n-1}, n>1$;

$R_{n}:$ rectangle of largest area, with sides parallel to the axes, inscribed in $E_{n}, n>1$.

Then which of the following options is/are correct?",0.3,no,,,,,,,,,,,,,,,
82,JEE Adv 2019 Paper 1,MCQ(multiple),BC,"Define the collections $\left\{E_{1}, E_{2}, E_{3}, \ldots\right\}$ of ellipses and $\left\{R_{1}, R_{2}, R_{3}, \ldots\right\}$ of rectangles as follows:

$E_{1}: \frac{x^{2}}{9}+\frac{y^{2}}{4}=1$

$R_{1}$ : rectangle of largest area, with sides parallel to the axes, inscribed in $E_{1}$;

$E_{n}:$ ellipse $\frac{x^{2}}{a_{n}^{2}}+\frac{y^{2}}{b_{n}^{2}}=1$ of largest area inscribed in $R_{n-1}, n>1$;

$R_{n}:$ rectangle of largest area, with sides parallel to the axes, inscribed in $E_{n}, n>1$.

Then which of the following options is/are correct?",0.4,no,,,,,,,,,,,,,,,
82,JEE Adv 2019 Paper 1,MCQ(multiple),BC,"Define the collections $\left\{E_{1}, E_{2}, E_{3}, \ldots\right\}$ of ellipses and $\left\{R_{1}, R_{2}, R_{3}, \ldots\right\}$ of rectangles as follows:

$E_{1}: \frac{x^{2}}{9}+\frac{y^{2}}{4}=1$

$R_{1}$ : rectangle of largest area, with sides parallel to the axes, inscribed in $E_{1}$;

$E_{n}:$ ellipse $\frac{x^{2}}{a_{n}^{2}}+\frac{y^{2}}{b_{n}^{2}}=1$ of largest area inscribed in $R_{n-1}, n>1$;

$R_{n}:$ rectangle of largest area, with sides parallel to the axes, inscribed in $E_{n}, n>1$.

Then which of the following options is/are correct?",0.5,no,,,,,,,,,,,,,,,
83,JEE Adv 2019 Paper 1,MCQ(multiple),AB,"Let $\Gamma$ denote a curve $y=y(x)$ which is in the first quadrant and let the point $(1,0)$ lie on it. Let the tangent to $\Gamma$ at a point $P$ intersect the $y$-axis at $Y_{P}$. If $P Y_{P}$ has length 1 for each point $P$ on $\Gamma$, then which of the following options is/are correct?",0.0,no,,,,,,,,,,,,,,,
83,JEE Adv 2019 Paper 1,MCQ(multiple),AB,"Let $\Gamma$ denote a curve $y=y(x)$ which is in the first quadrant and let the point $(1,0)$ lie on it. Let the tangent to $\Gamma$ at a point $P$ intersect the $y$-axis at $Y_{P}$. If $P Y_{P}$ has length 1 for each point $P$ on $\Gamma$, then which of the following options is/are correct?",0.1,no,,,,,,,,,,,,,,,
83,JEE Adv 2019 Paper 1,MCQ(multiple),AB,"Let $\Gamma$ denote a curve $y=y(x)$ which is in the first quadrant and let the point $(1,0)$ lie on it. Let the tangent to $\Gamma$ at a point $P$ intersect the $y$-axis at $Y_{P}$. If $P Y_{P}$ has length 1 for each point $P$ on $\Gamma$, then which of the following options is/are correct?",0.2,no,,,,,,,,,,,,,,,
83,JEE Adv 2019 Paper 1,MCQ(multiple),AB,"Let $\Gamma$ denote a curve $y=y(x)$ which is in the first quadrant and let the point $(1,0)$ lie on it. Let the tangent to $\Gamma$ at a point $P$ intersect the $y$-axis at $Y_{P}$. If $P Y_{P}$ has length 1 for each point $P$ on $\Gamma$, then which of the following options is/are correct?",0.3,no,,,,,,,,,,,,,,,
83,JEE Adv 2019 Paper 1,MCQ(multiple),AB,"Let $\Gamma$ denote a curve $y=y(x)$ which is in the first quadrant and let the point $(1,0)$ lie on it. Let the tangent to $\Gamma$ at a point $P$ intersect the $y$-axis at $Y_{P}$. If $P Y_{P}$ has length 1 for each point $P$ on $\Gamma$, then which of the following options is/are correct?",0.4,no,,,,,,,,,,,,,,,
83,JEE Adv 2019 Paper 1,MCQ(multiple),AB,"Let $\Gamma$ denote a curve $y=y(x)$ which is in the first quadrant and let the point $(1,0)$ lie on it. Let the tangent to $\Gamma$ at a point $P$ intersect the $y$-axis at $Y_{P}$. If $P Y_{P}$ has length 1 for each point $P$ on $\Gamma$, then which of the following options is/are correct?",0.5,no,,,,,,,,,,,,,,,
84,JEE Adv 2019 Paper 1,MCQ(multiple),ABC,"Let $L_{1}$ and $L_{2}$ denote the lines

\[
\vec{r}=\hat{i}+\lambda(-\hat{i}+2 \hat{j}+2 \hat{k}), \lambda \in \mathbb{R}
\]
 and 
\[ \vec{r}=\mu(2 \hat{i}-\hat{j}+2 \hat{k}), \mu \in \mathbb{R}
\]

respectively. If $L_{3}$ is a line which is perpendicular to both $L_{1}$ and $L_{2}$ and cuts both of them, then which of the following options describe(s) $L_{3}$ ?",0.0,no,,,,,,,,,,,,,,,
84,JEE Adv 2019 Paper 1,MCQ(multiple),ABC,"Let $L_{1}$ and $L_{2}$ denote the lines

\[
\vec{r}=\hat{i}+\lambda(-\hat{i}+2 \hat{j}+2 \hat{k}), \lambda \in \mathbb{R}
\]
 and 
\[ \vec{r}=\mu(2 \hat{i}-\hat{j}+2 \hat{k}), \mu \in \mathbb{R}
\]

respectively. If $L_{3}$ is a line which is perpendicular to both $L_{1}$ and $L_{2}$ and cuts both of them, then which of the following options describe(s) $L_{3}$ ?",0.1,no,,,,,,,,,,,,,,,
84,JEE Adv 2019 Paper 1,MCQ(multiple),ABC,"Let $L_{1}$ and $L_{2}$ denote the lines

\[
\vec{r}=\hat{i}+\lambda(-\hat{i}+2 \hat{j}+2 \hat{k}), \lambda \in \mathbb{R}
\]
 and 
\[ \vec{r}=\mu(2 \hat{i}-\hat{j}+2 \hat{k}), \mu \in \mathbb{R}
\]

respectively. If $L_{3}$ is a line which is perpendicular to both $L_{1}$ and $L_{2}$ and cuts both of them, then which of the following options describe(s) $L_{3}$ ?",0.2,no,,,,,,,,,,,,,,,
84,JEE Adv 2019 Paper 1,MCQ(multiple),ABC,"Let $L_{1}$ and $L_{2}$ denote the lines

\[
\vec{r}=\hat{i}+\lambda(-\hat{i}+2 \hat{j}+2 \hat{k}), \lambda \in \mathbb{R}
\]
 and 
\[ \vec{r}=\mu(2 \hat{i}-\hat{j}+2 \hat{k}), \mu \in \mathbb{R}
\]

respectively. If $L_{3}$ is a line which is perpendicular to both $L_{1}$ and $L_{2}$ and cuts both of them, then which of the following options describe(s) $L_{3}$ ?",0.3,no,,,,,,,,,,,,,,,
84,JEE Adv 2019 Paper 1,MCQ(multiple),ABC,"Let $L_{1}$ and $L_{2}$ denote the lines

\[
\vec{r}=\hat{i}+\lambda(-\hat{i}+2 \hat{j}+2 \hat{k}), \lambda \in \mathbb{R}
\]
 and 
\[ \vec{r}=\mu(2 \hat{i}-\hat{j}+2 \hat{k}), \mu \in \mathbb{R}
\]

respectively. If $L_{3}$ is a line which is perpendicular to both $L_{1}$ and $L_{2}$ and cuts both of them, then which of the following options describe(s) $L_{3}$ ?",0.4,no,,,,,,,,,,,,,,,
84,JEE Adv 2019 Paper 1,MCQ(multiple),ABC,"Let $L_{1}$ and $L_{2}$ denote the lines

\[
\vec{r}=\hat{i}+\lambda(-\hat{i}+2 \hat{j}+2 \hat{k}), \lambda \in \mathbb{R}
\]
 and 
\[ \vec{r}=\mu(2 \hat{i}-\hat{j}+2 \hat{k}), \mu \in \mathbb{R}
\]

respectively. If $L_{3}$ is a line which is perpendicular to both $L_{1}$ and $L_{2}$ and cuts both of them, then which of the following options describe(s) $L_{3}$ ?",0.5,no,,,,,,,,,,,,,,,
85,JEE Adv 2019 Paper 1,Numeric,3,"Let $\omega \neq 1$ be a cube root of unity. Then what is the minimum of the set

\[
\left\{\left|a+b \omega+c \omega^{2}\right|^{2}: a, b, c \text { distinct non-zero integers }\right\}
\] equal?",0.0,no,,,,,,,,,,,,,,,
85,JEE Adv 2019 Paper 1,Numeric,3,"Let $\omega \neq 1$ be a cube root of unity. Then what is the minimum of the set

\[
\left\{\left|a+b \omega+c \omega^{2}\right|^{2}: a, b, c \text { distinct non-zero integers }\right\}
\] equal?",0.1,no,,,,,,,,,,,,,,,
85,JEE Adv 2019 Paper 1,Numeric,3,"Let $\omega \neq 1$ be a cube root of unity. Then what is the minimum of the set

\[
\left\{\left|a+b \omega+c \omega^{2}\right|^{2}: a, b, c \text { distinct non-zero integers }\right\}
\] equal?",0.2,no,,,,,,,,,,,,,,,
85,JEE Adv 2019 Paper 1,Numeric,3,"Let $\omega \neq 1$ be a cube root of unity. Then what is the minimum of the set

\[
\left\{\left|a+b \omega+c \omega^{2}\right|^{2}: a, b, c \text { distinct non-zero integers }\right\}
\] equal?",0.3,no,,,,,,,,,,,,,,,
85,JEE Adv 2019 Paper 1,Numeric,3,"Let $\omega \neq 1$ be a cube root of unity. Then what is the minimum of the set

\[
\left\{\left|a+b \omega+c \omega^{2}\right|^{2}: a, b, c \text { distinct non-zero integers }\right\}
\] equal?",0.4,no,,,,,,,,,,,,,,,
85,JEE Adv 2019 Paper 1,Numeric,3,"Let $\omega \neq 1$ be a cube root of unity. Then what is the minimum of the set

\[
\left\{\left|a+b \omega+c \omega^{2}\right|^{2}: a, b, c \text { distinct non-zero integers }\right\}
\] equal?",0.5,no,,,,,,,,,,,,,,,
86,JEE Adv 2019 Paper 1,Numeric,157,"Let $A P(a ; d)$ denote the set of all the terms of an infinite arithmetic progression with first term $a$ and common difference $d>0$. If

\[
A P(1 ; 3) \cap A P(2 ; 5) \cap A P(3 ; 7)=A P(a ; d)
\]

then what does $a+d$ equal?",0.0,no,,,,,,,,,,,,,,,
86,JEE Adv 2019 Paper 1,Numeric,157,"Let $A P(a ; d)$ denote the set of all the terms of an infinite arithmetic progression with first term $a$ and common difference $d>0$. If

\[
A P(1 ; 3) \cap A P(2 ; 5) \cap A P(3 ; 7)=A P(a ; d)
\]

then what does $a+d$ equal?",0.1,no,,,,,,,,,,,,,,,
86,JEE Adv 2019 Paper 1,Numeric,157,"Let $A P(a ; d)$ denote the set of all the terms of an infinite arithmetic progression with first term $a$ and common difference $d>0$. If

\[
A P(1 ; 3) \cap A P(2 ; 5) \cap A P(3 ; 7)=A P(a ; d)
\]

then what does $a+d$ equal?",0.2,no,,,,,,,,,,,,,,,
86,JEE Adv 2019 Paper 1,Numeric,157,"Let $A P(a ; d)$ denote the set of all the terms of an infinite arithmetic progression with first term $a$ and common difference $d>0$. If

\[
A P(1 ; 3) \cap A P(2 ; 5) \cap A P(3 ; 7)=A P(a ; d)
\]

then what does $a+d$ equal?",0.3,no,,,,,,,,,,,,,,,
86,JEE Adv 2019 Paper 1,Numeric,157,"Let $A P(a ; d)$ denote the set of all the terms of an infinite arithmetic progression with first term $a$ and common difference $d>0$. If

\[
A P(1 ; 3) \cap A P(2 ; 5) \cap A P(3 ; 7)=A P(a ; d)
\]

then what does $a+d$ equal?",0.4,no,,,,,,,,,,,,,,,
86,JEE Adv 2019 Paper 1,Numeric,157,"Let $A P(a ; d)$ denote the set of all the terms of an infinite arithmetic progression with first term $a$ and common difference $d>0$. If

\[
A P(1 ; 3) \cap A P(2 ; 5) \cap A P(3 ; 7)=A P(a ; d)
\]

then what does $a+d$ equal?",0.5,no,,,,,,,,,,,,,,,
87,JEE Adv 2019 Paper 1,Numeric,0.5,"Let $S$ be the sample space of all $3 \times 3$ matrices with entries from the set $\{0,1\}$. Let the events $E_{1}$ and $E_{2}$ be given by

\[
\begin{aligned}

& E_{1}=\{A \in S: \operatorname{det} A=0\} \text { and } \\

& E_{2}=\{A \in S: \text { sum of entries of } A \text { is } 7\} .

\end{aligned}
\]

If a matrix is chosen at random from $S$, then what is the conditional probability $P\left(E_{1} \mid E_{2}\right)$?",0.0,no,,,,,,,,,,,,,,,
87,JEE Adv 2019 Paper 1,Numeric,0.5,"Let $S$ be the sample space of all $3 \times 3$ matrices with entries from the set $\{0,1\}$. Let the events $E_{1}$ and $E_{2}$ be given by

\[
\begin{aligned}

& E_{1}=\{A \in S: \operatorname{det} A=0\} \text { and } \\

& E_{2}=\{A \in S: \text { sum of entries of } A \text { is } 7\} .

\end{aligned}
\]

If a matrix is chosen at random from $S$, then what is the conditional probability $P\left(E_{1} \mid E_{2}\right)$?",0.1,no,,,,,,,,,,,,,,,
87,JEE Adv 2019 Paper 1,Numeric,0.5,"Let $S$ be the sample space of all $3 \times 3$ matrices with entries from the set $\{0,1\}$. Let the events $E_{1}$ and $E_{2}$ be given by

\[
\begin{aligned}

& E_{1}=\{A \in S: \operatorname{det} A=0\} \text { and } \\

& E_{2}=\{A \in S: \text { sum of entries of } A \text { is } 7\} .

\end{aligned}
\]

If a matrix is chosen at random from $S$, then what is the conditional probability $P\left(E_{1} \mid E_{2}\right)$?",0.2,no,,,,,,,,,,,,,,,
87,JEE Adv 2019 Paper 1,Numeric,0.5,"Let $S$ be the sample space of all $3 \times 3$ matrices with entries from the set $\{0,1\}$. Let the events $E_{1}$ and $E_{2}$ be given by

\[
\begin{aligned}

& E_{1}=\{A \in S: \operatorname{det} A=0\} \text { and } \\

& E_{2}=\{A \in S: \text { sum of entries of } A \text { is } 7\} .

\end{aligned}
\]

If a matrix is chosen at random from $S$, then what is the conditional probability $P\left(E_{1} \mid E_{2}\right)$?",0.3,no,,,,,,,,,,,,,,,
87,JEE Adv 2019 Paper 1,Numeric,0.5,"Let $S$ be the sample space of all $3 \times 3$ matrices with entries from the set $\{0,1\}$. Let the events $E_{1}$ and $E_{2}$ be given by

\[
\begin{aligned}

& E_{1}=\{A \in S: \operatorname{det} A=0\} \text { and } \\

& E_{2}=\{A \in S: \text { sum of entries of } A \text { is } 7\} .

\end{aligned}
\]

If a matrix is chosen at random from $S$, then what is the conditional probability $P\left(E_{1} \mid E_{2}\right)$?",0.4,no,,,,,,,,,,,,,,,
87,JEE Adv 2019 Paper 1,Numeric,0.5,"Let $S$ be the sample space of all $3 \times 3$ matrices with entries from the set $\{0,1\}$. Let the events $E_{1}$ and $E_{2}$ be given by

\[
\begin{aligned}

& E_{1}=\{A \in S: \operatorname{det} A=0\} \text { and } \\

& E_{2}=\{A \in S: \text { sum of entries of } A \text { is } 7\} .

\end{aligned}
\]

If a matrix is chosen at random from $S$, then what is the conditional probability $P\left(E_{1} \mid E_{2}\right)$?",0.5,no,,,,,,,,,,,,,,,
88,JEE Adv 2019 Paper 1,Numeric,10,"Let the point $B$ be the reflection of the point $A(2,3)$ with respect to the line $8 x-6 y-23=0$. Let $\Gamma_{A}$ and $\Gamma_{B}$ be circles of radii 2 and 1 with centres $A$ and $B$ respectively. Let $T$ be a common tangent to the circles $\Gamma_{A}$ and $\Gamma_{B}$ such that both the circles are on the same side of $T$. If $C$ is the point of intersection of $T$ and the line passing through $A$ and $B$, then what is the length of the line segment $A C$?",0.0,no,,,,,,,,,,,,,,,
88,JEE Adv 2019 Paper 1,Numeric,10,"Let the point $B$ be the reflection of the point $A(2,3)$ with respect to the line $8 x-6 y-23=0$. Let $\Gamma_{A}$ and $\Gamma_{B}$ be circles of radii 2 and 1 with centres $A$ and $B$ respectively. Let $T$ be a common tangent to the circles $\Gamma_{A}$ and $\Gamma_{B}$ such that both the circles are on the same side of $T$. If $C$ is the point of intersection of $T$ and the line passing through $A$ and $B$, then what is the length of the line segment $A C$?",0.1,no,,,,,,,,,,,,,,,
88,JEE Adv 2019 Paper 1,Numeric,10,"Let the point $B$ be the reflection of the point $A(2,3)$ with respect to the line $8 x-6 y-23=0$. Let $\Gamma_{A}$ and $\Gamma_{B}$ be circles of radii 2 and 1 with centres $A$ and $B$ respectively. Let $T$ be a common tangent to the circles $\Gamma_{A}$ and $\Gamma_{B}$ such that both the circles are on the same side of $T$. If $C$ is the point of intersection of $T$ and the line passing through $A$ and $B$, then what is the length of the line segment $A C$?",0.2,no,,,,,,,,,,,,,,,
88,JEE Adv 2019 Paper 1,Numeric,10,"Let the point $B$ be the reflection of the point $A(2,3)$ with respect to the line $8 x-6 y-23=0$. Let $\Gamma_{A}$ and $\Gamma_{B}$ be circles of radii 2 and 1 with centres $A$ and $B$ respectively. Let $T$ be a common tangent to the circles $\Gamma_{A}$ and $\Gamma_{B}$ such that both the circles are on the same side of $T$. If $C$ is the point of intersection of $T$ and the line passing through $A$ and $B$, then what is the length of the line segment $A C$?",0.3,no,,,,,,,,,,,,,,,
88,JEE Adv 2019 Paper 1,Numeric,10,"Let the point $B$ be the reflection of the point $A(2,3)$ with respect to the line $8 x-6 y-23=0$. Let $\Gamma_{A}$ and $\Gamma_{B}$ be circles of radii 2 and 1 with centres $A$ and $B$ respectively. Let $T$ be a common tangent to the circles $\Gamma_{A}$ and $\Gamma_{B}$ such that both the circles are on the same side of $T$. If $C$ is the point of intersection of $T$ and the line passing through $A$ and $B$, then what is the length of the line segment $A C$?",0.4,no,,,,,,,,,,,,,,,
88,JEE Adv 2019 Paper 1,Numeric,10,"Let the point $B$ be the reflection of the point $A(2,3)$ with respect to the line $8 x-6 y-23=0$. Let $\Gamma_{A}$ and $\Gamma_{B}$ be circles of radii 2 and 1 with centres $A$ and $B$ respectively. Let $T$ be a common tangent to the circles $\Gamma_{A}$ and $\Gamma_{B}$ such that both the circles are on the same side of $T$. If $C$ is the point of intersection of $T$ and the line passing through $A$ and $B$, then what is the length of the line segment $A C$?",0.5,no,,,,,,,,,,,,,,,
89,JEE Adv 2019 Paper 1,Numeric,4,"If

\[
I=\frac{2}{\pi} \int_{-\pi / 4}^{\pi / 4} \frac{d x}{\left(1+e^{\sin x}\right)(2-\cos 2 x)}
\]

then what does $27 I^{2}$ equal?",0.0,no,,,,,,,,,,,,,,,
89,JEE Adv 2019 Paper 1,Numeric,4,"If

\[
I=\frac{2}{\pi} \int_{-\pi / 4}^{\pi / 4} \frac{d x}{\left(1+e^{\sin x}\right)(2-\cos 2 x)}
\]

then what does $27 I^{2}$ equal?",0.1,no,,,,,,,,,,,,,,,
89,JEE Adv 2019 Paper 1,Numeric,4,"If

\[
I=\frac{2}{\pi} \int_{-\pi / 4}^{\pi / 4} \frac{d x}{\left(1+e^{\sin x}\right)(2-\cos 2 x)}
\]

then what does $27 I^{2}$ equal?",0.2,no,,,,,,,,,,,,,,,
89,JEE Adv 2019 Paper 1,Numeric,4,"If

\[
I=\frac{2}{\pi} \int_{-\pi / 4}^{\pi / 4} \frac{d x}{\left(1+e^{\sin x}\right)(2-\cos 2 x)}
\]

then what does $27 I^{2}$ equal?",0.3,no,,,,,,,,,,,,,,,
89,JEE Adv 2019 Paper 1,Numeric,4,"If

\[
I=\frac{2}{\pi} \int_{-\pi / 4}^{\pi / 4} \frac{d x}{\left(1+e^{\sin x}\right)(2-\cos 2 x)}
\]

then what does $27 I^{2}$ equal?",0.4,no,,,,,,,,,,,,,,,
89,JEE Adv 2019 Paper 1,Numeric,4,"If

\[
I=\frac{2}{\pi} \int_{-\pi / 4}^{\pi / 4} \frac{d x}{\left(1+e^{\sin x}\right)(2-\cos 2 x)}
\]

then what does $27 I^{2}$ equal?",0.5,no,,,,,,,,,,,,,,,
90,JEE Adv 2019 Paper 1,Numeric,0.75,"Three lines are given by

\[
\vec{r} & =\lambda \hat{i}, \lambda \in \mathbb{R}
\]
\[\vec{r} & =\mu(\hat{i}+\hat{j}), \mu \in \mathbb{R}
\]
 \[
\vec{r} =v(\hat{i}+\hat{j}+\hat{k}), v \in \mathbb{R}.
\]

Let the lines cut the plane $x+y+z=1$ at the points $A, B$ and $C$ respectively. If the area of the triangle $A B C$ is $\triangle$ then what is the value of $(6 \Delta)^{2}$?",0.0,no,,,,,,,,,,,,,,,
90,JEE Adv 2019 Paper 1,Numeric,0.75,"Three lines are given by

\[
\vec{r} & =\lambda \hat{i}, \lambda \in \mathbb{R}
\]
\[\vec{r} & =\mu(\hat{i}+\hat{j}), \mu \in \mathbb{R}
\]
 \[
\vec{r} =v(\hat{i}+\hat{j}+\hat{k}), v \in \mathbb{R}.
\]

Let the lines cut the plane $x+y+z=1$ at the points $A, B$ and $C$ respectively. If the area of the triangle $A B C$ is $\triangle$ then what is the value of $(6 \Delta)^{2}$?",0.1,no,,,,,,,,,,,,,,,
90,JEE Adv 2019 Paper 1,Numeric,0.75,"Three lines are given by

\[
\vec{r} & =\lambda \hat{i}, \lambda \in \mathbb{R}
\]
\[\vec{r} & =\mu(\hat{i}+\hat{j}), \mu \in \mathbb{R}
\]
 \[
\vec{r} =v(\hat{i}+\hat{j}+\hat{k}), v \in \mathbb{R}.
\]

Let the lines cut the plane $x+y+z=1$ at the points $A, B$ and $C$ respectively. If the area of the triangle $A B C$ is $\triangle$ then what is the value of $(6 \Delta)^{2}$?",0.2,no,,,,,,,,,,,,,,,
90,JEE Adv 2019 Paper 1,Numeric,0.75,"Three lines are given by

\[
\vec{r} & =\lambda \hat{i}, \lambda \in \mathbb{R}
\]
\[\vec{r} & =\mu(\hat{i}+\hat{j}), \mu \in \mathbb{R}
\]
 \[
\vec{r} =v(\hat{i}+\hat{j}+\hat{k}), v \in \mathbb{R}.
\]

Let the lines cut the plane $x+y+z=1$ at the points $A, B$ and $C$ respectively. If the area of the triangle $A B C$ is $\triangle$ then what is the value of $(6 \Delta)^{2}$?",0.3,no,,,,,,,,,,,,,,,
90,JEE Adv 2019 Paper 1,Numeric,0.75,"Three lines are given by

\[
\vec{r} & =\lambda \hat{i}, \lambda \in \mathbb{R}
\]
\[\vec{r} & =\mu(\hat{i}+\hat{j}), \mu \in \mathbb{R}
\]
 \[
\vec{r} =v(\hat{i}+\hat{j}+\hat{k}), v \in \mathbb{R}.
\]

Let the lines cut the plane $x+y+z=1$ at the points $A, B$ and $C$ respectively. If the area of the triangle $A B C$ is $\triangle$ then what is the value of $(6 \Delta)^{2}$?",0.4,no,,,,,,,,,,,,,,,
90,JEE Adv 2019 Paper 1,Numeric,0.75,"Three lines are given by

\[
\vec{r} & =\lambda \hat{i}, \lambda \in \mathbb{R}
\]
\[\vec{r} & =\mu(\hat{i}+\hat{j}), \mu \in \mathbb{R}
\]
 \[
\vec{r} =v(\hat{i}+\hat{j}+\hat{k}), v \in \mathbb{R}.
\]

Let the lines cut the plane $x+y+z=1$ at the points $A, B$ and $C$ respectively. If the area of the triangle $A B C$ is $\triangle$ then what is the value of $(6 \Delta)^{2}$?",0.5,no,,,,,,,,,,,,,,,
91,JEE Adv 2019 Paper 2,MCQ(multiple),ABC,"Let

\[
\begin{aligned}

& P_{1}=I=\left[\begin{array}{lll}

1 & 0 & 0 \\

0 & 1 & 0 \\

0 & 0 & 1

\end{array}\right], \quad P_{2}=\left[\begin{array}{lll}

1 & 0 & 0 \\

0 & 0 & 1 \\

0 & 1 & 0

\end{array}\right], \quad P_{3}=\left[\begin{array}{lll}

0 & 1 & 0 \\

1 & 0 & 0 \\

0 & 0 & 1

\end{array}\right], \\

& P_{4}=\left[\begin{array}{lll}

0 & 1 & 0 \\

0 & 0 & 1 \\

1 & 0 & 0

\end{array}\right], \quad P_{5}=\left[\begin{array}{lll}

0 & 0 & 1 \\

1 & 0 & 0 \\

0 & 1 & 0

\end{array}\right], \quad P_{6}=\left[\begin{array}{ccc}

0 & 0 & 1 \\

0 & 1 & 0 \\

1 & 0 & 0

\end{array}\right] \\

& \text { and } X=\sum_{k=1}^{6} P_{k}\left[\begin{array}{lll}

2 & 1 & 3 \\

1 & 0 & 2 \\

3 & 2 & 1

\end{array}\right] P_{k}^{T}

\end{aligned}
\]

where $P_{k}^{T}$ denotes the transpose of the matrix $P_{k}$. Then which of the following options is/are correct?",0.0,no,,,,,,,,,,,,,,,
91,JEE Adv 2019 Paper 2,MCQ(multiple),ABC,"Let

\[
\begin{aligned}

& P_{1}=I=\left[\begin{array}{lll}

1 & 0 & 0 \\

0 & 1 & 0 \\

0 & 0 & 1

\end{array}\right], \quad P_{2}=\left[\begin{array}{lll}

1 & 0 & 0 \\

0 & 0 & 1 \\

0 & 1 & 0

\end{array}\right], \quad P_{3}=\left[\begin{array}{lll}

0 & 1 & 0 \\

1 & 0 & 0 \\

0 & 0 & 1

\end{array}\right], \\

& P_{4}=\left[\begin{array}{lll}

0 & 1 & 0 \\

0 & 0 & 1 \\

1 & 0 & 0

\end{array}\right], \quad P_{5}=\left[\begin{array}{lll}

0 & 0 & 1 \\

1 & 0 & 0 \\

0 & 1 & 0

\end{array}\right], \quad P_{6}=\left[\begin{array}{ccc}

0 & 0 & 1 \\

0 & 1 & 0 \\

1 & 0 & 0

\end{array}\right] \\

& \text { and } X=\sum_{k=1}^{6} P_{k}\left[\begin{array}{lll}

2 & 1 & 3 \\

1 & 0 & 2 \\

3 & 2 & 1

\end{array}\right] P_{k}^{T}

\end{aligned}
\]

where $P_{k}^{T}$ denotes the transpose of the matrix $P_{k}$. Then which of the following options is/are correct?",0.1,no,,,,,,,,,,,,,,,
91,JEE Adv 2019 Paper 2,MCQ(multiple),ABC,"Let

\[
\begin{aligned}

& P_{1}=I=\left[\begin{array}{lll}

1 & 0 & 0 \\

0 & 1 & 0 \\

0 & 0 & 1

\end{array}\right], \quad P_{2}=\left[\begin{array}{lll}

1 & 0 & 0 \\

0 & 0 & 1 \\

0 & 1 & 0

\end{array}\right], \quad P_{3}=\left[\begin{array}{lll}

0 & 1 & 0 \\

1 & 0 & 0 \\

0 & 0 & 1

\end{array}\right], \\

& P_{4}=\left[\begin{array}{lll}

0 & 1 & 0 \\

0 & 0 & 1 \\

1 & 0 & 0

\end{array}\right], \quad P_{5}=\left[\begin{array}{lll}

0 & 0 & 1 \\

1 & 0 & 0 \\

0 & 1 & 0

\end{array}\right], \quad P_{6}=\left[\begin{array}{ccc}

0 & 0 & 1 \\

0 & 1 & 0 \\

1 & 0 & 0

\end{array}\right] \\

& \text { and } X=\sum_{k=1}^{6} P_{k}\left[\begin{array}{lll}

2 & 1 & 3 \\

1 & 0 & 2 \\

3 & 2 & 1

\end{array}\right] P_{k}^{T}

\end{aligned}
\]

where $P_{k}^{T}$ denotes the transpose of the matrix $P_{k}$. Then which of the following options is/are correct?",0.2,no,,,,,,,,,,,,,,,
91,JEE Adv 2019 Paper 2,MCQ(multiple),ABC,"Let

\[
\begin{aligned}

& P_{1}=I=\left[\begin{array}{lll}

1 & 0 & 0 \\

0 & 1 & 0 \\

0 & 0 & 1

\end{array}\right], \quad P_{2}=\left[\begin{array}{lll}

1 & 0 & 0 \\

0 & 0 & 1 \\

0 & 1 & 0

\end{array}\right], \quad P_{3}=\left[\begin{array}{lll}

0 & 1 & 0 \\

1 & 0 & 0 \\

0 & 0 & 1

\end{array}\right], \\

& P_{4}=\left[\begin{array}{lll}

0 & 1 & 0 \\

0 & 0 & 1 \\

1 & 0 & 0

\end{array}\right], \quad P_{5}=\left[\begin{array}{lll}

0 & 0 & 1 \\

1 & 0 & 0 \\

0 & 1 & 0

\end{array}\right], \quad P_{6}=\left[\begin{array}{ccc}

0 & 0 & 1 \\

0 & 1 & 0 \\

1 & 0 & 0

\end{array}\right] \\

& \text { and } X=\sum_{k=1}^{6} P_{k}\left[\begin{array}{lll}

2 & 1 & 3 \\

1 & 0 & 2 \\

3 & 2 & 1

\end{array}\right] P_{k}^{T}

\end{aligned}
\]

where $P_{k}^{T}$ denotes the transpose of the matrix $P_{k}$. Then which of the following options is/are correct?",0.3,no,,,,,,,,,,,,,,,
91,JEE Adv 2019 Paper 2,MCQ(multiple),ABC,"Let

\[
\begin{aligned}

& P_{1}=I=\left[\begin{array}{lll}

1 & 0 & 0 \\

0 & 1 & 0 \\

0 & 0 & 1

\end{array}\right], \quad P_{2}=\left[\begin{array}{lll}

1 & 0 & 0 \\

0 & 0 & 1 \\

0 & 1 & 0

\end{array}\right], \quad P_{3}=\left[\begin{array}{lll}

0 & 1 & 0 \\

1 & 0 & 0 \\

0 & 0 & 1

\end{array}\right], \\

& P_{4}=\left[\begin{array}{lll}

0 & 1 & 0 \\

0 & 0 & 1 \\

1 & 0 & 0

\end{array}\right], \quad P_{5}=\left[\begin{array}{lll}

0 & 0 & 1 \\

1 & 0 & 0 \\

0 & 1 & 0

\end{array}\right], \quad P_{6}=\left[\begin{array}{ccc}

0 & 0 & 1 \\

0 & 1 & 0 \\

1 & 0 & 0

\end{array}\right] \\

& \text { and } X=\sum_{k=1}^{6} P_{k}\left[\begin{array}{lll}

2 & 1 & 3 \\

1 & 0 & 2 \\

3 & 2 & 1

\end{array}\right] P_{k}^{T}

\end{aligned}
\]

where $P_{k}^{T}$ denotes the transpose of the matrix $P_{k}$. Then which of the following options is/are correct?",0.4,no,,,,,,,,,,,,,,,
91,JEE Adv 2019 Paper 2,MCQ(multiple),ABC,"Let

\[
\begin{aligned}

& P_{1}=I=\left[\begin{array}{lll}

1 & 0 & 0 \\

0 & 1 & 0 \\

0 & 0 & 1

\end{array}\right], \quad P_{2}=\left[\begin{array}{lll}

1 & 0 & 0 \\

0 & 0 & 1 \\

0 & 1 & 0

\end{array}\right], \quad P_{3}=\left[\begin{array}{lll}

0 & 1 & 0 \\

1 & 0 & 0 \\

0 & 0 & 1

\end{array}\right], \\

& P_{4}=\left[\begin{array}{lll}

0 & 1 & 0 \\

0 & 0 & 1 \\

1 & 0 & 0

\end{array}\right], \quad P_{5}=\left[\begin{array}{lll}

0 & 0 & 1 \\

1 & 0 & 0 \\

0 & 1 & 0

\end{array}\right], \quad P_{6}=\left[\begin{array}{ccc}

0 & 0 & 1 \\

0 & 1 & 0 \\

1 & 0 & 0

\end{array}\right] \\

& \text { and } X=\sum_{k=1}^{6} P_{k}\left[\begin{array}{lll}

2 & 1 & 3 \\

1 & 0 & 2 \\

3 & 2 & 1

\end{array}\right] P_{k}^{T}

\end{aligned}
\]

where $P_{k}^{T}$ denotes the transpose of the matrix $P_{k}$. Then which of the following options is/are correct?",0.5,no,,,,,,,,,,,,,,,
92,JEE Adv 2019 Paper 2,MCQ(multiple),AB,"Let $f: \mathbb{R} \rightarrow \mathbb{R}$ be a function. We say that $f$ has

PROPERTY 1 if $\lim _{h \rightarrow 0} \frac{f(h)-f(0)}{\sqrt{|h|}}$ exists and is finite, and

PROPERTY 2 if $\lim _{h \rightarrow 0} \frac{f(h)-f(0)}{h^{2}}$ exists and is finite.

Then which of the following options is/are correct?",0.0,no,,,,,,,,,,,,,,,
92,JEE Adv 2019 Paper 2,MCQ(multiple),AB,"Let $f: \mathbb{R} \rightarrow \mathbb{R}$ be a function. We say that $f$ has

PROPERTY 1 if $\lim _{h \rightarrow 0} \frac{f(h)-f(0)}{\sqrt{|h|}}$ exists and is finite, and

PROPERTY 2 if $\lim _{h \rightarrow 0} \frac{f(h)-f(0)}{h^{2}}$ exists and is finite.

Then which of the following options is/are correct?",0.1,no,,,,,,,,,,,,,,,
92,JEE Adv 2019 Paper 2,MCQ(multiple),AB,"Let $f: \mathbb{R} \rightarrow \mathbb{R}$ be a function. We say that $f$ has

PROPERTY 1 if $\lim _{h \rightarrow 0} \frac{f(h)-f(0)}{\sqrt{|h|}}$ exists and is finite, and

PROPERTY 2 if $\lim _{h \rightarrow 0} \frac{f(h)-f(0)}{h^{2}}$ exists and is finite.

Then which of the following options is/are correct?",0.2,no,,,,,,,,,,,,,,,
92,JEE Adv 2019 Paper 2,MCQ(multiple),AB,"Let $f: \mathbb{R} \rightarrow \mathbb{R}$ be a function. We say that $f$ has

PROPERTY 1 if $\lim _{h \rightarrow 0} \frac{f(h)-f(0)}{\sqrt{|h|}}$ exists and is finite, and

PROPERTY 2 if $\lim _{h \rightarrow 0} \frac{f(h)-f(0)}{h^{2}}$ exists and is finite.

Then which of the following options is/are correct?",0.3,no,,,,,,,,,,,,,,,
92,JEE Adv 2019 Paper 2,MCQ(multiple),AB,"Let $f: \mathbb{R} \rightarrow \mathbb{R}$ be a function. We say that $f$ has

PROPERTY 1 if $\lim _{h \rightarrow 0} \frac{f(h)-f(0)}{\sqrt{|h|}}$ exists and is finite, and

PROPERTY 2 if $\lim _{h \rightarrow 0} \frac{f(h)-f(0)}{h^{2}}$ exists and is finite.

Then which of the following options is/are correct?",0.4,no,,,,,,,,,,,,,,,
92,JEE Adv 2019 Paper 2,MCQ(multiple),AB,"Let $f: \mathbb{R} \rightarrow \mathbb{R}$ be a function. We say that $f$ has

PROPERTY 1 if $\lim _{h \rightarrow 0} \frac{f(h)-f(0)}{\sqrt{|h|}}$ exists and is finite, and

PROPERTY 2 if $\lim _{h \rightarrow 0} \frac{f(h)-f(0)}{h^{2}}$ exists and is finite.

Then which of the following options is/are correct?",0.5,no,,,,,,,,,,,,,,,
93,JEE Adv 2019 Paper 2,MCQ(multiple),BCD,"Let

\[
f(x)=\frac{\sin \pi x}{x^{2}}, \quad x>0
\]

Let $x_{1}<x_{2}<x_{3}<\cdots<x_{n}<\cdots$ be all the points of local maximum of $f$ and $y_{1}<y_{2}<y_{3}<\cdots<y_{n}<\cdots$ be all the points of local minimum of $f$.

Then which of the following options is/are correct?",0.0,no,,,,,,,,,,,,,,,
93,JEE Adv 2019 Paper 2,MCQ(multiple),BCD,"Let

\[
f(x)=\frac{\sin \pi x}{x^{2}}, \quad x>0
\]

Let $x_{1}<x_{2}<x_{3}<\cdots<x_{n}<\cdots$ be all the points of local maximum of $f$ and $y_{1}<y_{2}<y_{3}<\cdots<y_{n}<\cdots$ be all the points of local minimum of $f$.

Then which of the following options is/are correct?",0.1,no,,,,,,,,,,,,,,,
93,JEE Adv 2019 Paper 2,MCQ(multiple),BCD,"Let

\[
f(x)=\frac{\sin \pi x}{x^{2}}, \quad x>0
\]

Let $x_{1}<x_{2}<x_{3}<\cdots<x_{n}<\cdots$ be all the points of local maximum of $f$ and $y_{1}<y_{2}<y_{3}<\cdots<y_{n}<\cdots$ be all the points of local minimum of $f$.

Then which of the following options is/are correct?",0.2,no,,,,,,,,,,,,,,,
93,JEE Adv 2019 Paper 2,MCQ(multiple),BCD,"Let

\[
f(x)=\frac{\sin \pi x}{x^{2}}, \quad x>0
\]

Let $x_{1}<x_{2}<x_{3}<\cdots<x_{n}<\cdots$ be all the points of local maximum of $f$ and $y_{1}<y_{2}<y_{3}<\cdots<y_{n}<\cdots$ be all the points of local minimum of $f$.

Then which of the following options is/are correct?",0.3,no,,,,,,,,,,,,,,,
93,JEE Adv 2019 Paper 2,MCQ(multiple),BCD,"Let

\[
f(x)=\frac{\sin \pi x}{x^{2}}, \quad x>0
\]

Let $x_{1}<x_{2}<x_{3}<\cdots<x_{n}<\cdots$ be all the points of local maximum of $f$ and $y_{1}<y_{2}<y_{3}<\cdots<y_{n}<\cdots$ be all the points of local minimum of $f$.

Then which of the following options is/are correct?",0.4,no,,,,,,,,,,,,,,,
93,JEE Adv 2019 Paper 2,MCQ(multiple),BCD,"Let

\[
f(x)=\frac{\sin \pi x}{x^{2}}, \quad x>0
\]

Let $x_{1}<x_{2}<x_{3}<\cdots<x_{n}<\cdots$ be all the points of local maximum of $f$ and $y_{1}<y_{2}<y_{3}<\cdots<y_{n}<\cdots$ be all the points of local minimum of $f$.

Then which of the following options is/are correct?",0.5,no,,,,,,,,,,,,,,,
94,JEE Adv 2019 Paper 2,MCQ(multiple),AD,"For $a \in \mathbb{R},|a|>1$, let

\[
\lim _{n \rightarrow \infty}\left(\frac{1+\sqrt[3]{2}+\cdots+\sqrt[3]{n}}{n^{7 / 3}\left(\frac{1}{(a n+1)^{2}}+\frac{1}{(a n+2)^{2}}+\cdots+\frac{1}{(a n+n)^{2}}\right)}\right)=54
\]

Then the possible value(s) of $a$ is/are",0.0,no,,,,,,,,,,,,,,,
94,JEE Adv 2019 Paper 2,MCQ(multiple),AD,"For $a \in \mathbb{R},|a|>1$, let

\[
\lim _{n \rightarrow \infty}\left(\frac{1+\sqrt[3]{2}+\cdots+\sqrt[3]{n}}{n^{7 / 3}\left(\frac{1}{(a n+1)^{2}}+\frac{1}{(a n+2)^{2}}+\cdots+\frac{1}{(a n+n)^{2}}\right)}\right)=54
\]

Then the possible value(s) of $a$ is/are",0.1,no,,,,,,,,,,,,,,,
94,JEE Adv 2019 Paper 2,MCQ(multiple),AD,"For $a \in \mathbb{R},|a|>1$, let

\[
\lim _{n \rightarrow \infty}\left(\frac{1+\sqrt[3]{2}+\cdots+\sqrt[3]{n}}{n^{7 / 3}\left(\frac{1}{(a n+1)^{2}}+\frac{1}{(a n+2)^{2}}+\cdots+\frac{1}{(a n+n)^{2}}\right)}\right)=54
\]

Then the possible value(s) of $a$ is/are",0.2,no,,,,,,,,,,,,,,,
94,JEE Adv 2019 Paper 2,MCQ(multiple),AD,"For $a \in \mathbb{R},|a|>1$, let

\[
\lim _{n \rightarrow \infty}\left(\frac{1+\sqrt[3]{2}+\cdots+\sqrt[3]{n}}{n^{7 / 3}\left(\frac{1}{(a n+1)^{2}}+\frac{1}{(a n+2)^{2}}+\cdots+\frac{1}{(a n+n)^{2}}\right)}\right)=54
\]

Then the possible value(s) of $a$ is/are",0.3,no,,,,,,,,,,,,,,,
94,JEE Adv 2019 Paper 2,MCQ(multiple),AD,"For $a \in \mathbb{R},|a|>1$, let

\[
\lim _{n \rightarrow \infty}\left(\frac{1+\sqrt[3]{2}+\cdots+\sqrt[3]{n}}{n^{7 / 3}\left(\frac{1}{(a n+1)^{2}}+\frac{1}{(a n+2)^{2}}+\cdots+\frac{1}{(a n+n)^{2}}\right)}\right)=54
\]

Then the possible value(s) of $a$ is/are",0.4,no,,,,,,,,,,,,,,,
94,JEE Adv 2019 Paper 2,MCQ(multiple),AD,"For $a \in \mathbb{R},|a|>1$, let

\[
\lim _{n \rightarrow \infty}\left(\frac{1+\sqrt[3]{2}+\cdots+\sqrt[3]{n}}{n^{7 / 3}\left(\frac{1}{(a n+1)^{2}}+\frac{1}{(a n+2)^{2}}+\cdots+\frac{1}{(a n+n)^{2}}\right)}\right)=54
\]

Then the possible value(s) of $a$ is/are",0.5,no,,,,,,,,,,,,,,,
95,JEE Adv 2019 Paper 2,MCQ(multiple),ABD,"Let $f: \mathbb{R} \rightarrow \mathbb{R}$ be given by $f(x)=(x-1)(x-2)(x-5)$. Define

\[
F(x)=\int_{0}^{x} f(t) d t, \quad x>0 .
\]

Then which of the following options is/are correct?",0.0,no,,,,,,,,,,,,,,,
95,JEE Adv 2019 Paper 2,MCQ(multiple),ABD,"Let $f: \mathbb{R} \rightarrow \mathbb{R}$ be given by $f(x)=(x-1)(x-2)(x-5)$. Define

\[
F(x)=\int_{0}^{x} f(t) d t, \quad x>0 .
\]

Then which of the following options is/are correct?",0.1,no,,,,,,,,,,,,,,,
95,JEE Adv 2019 Paper 2,MCQ(multiple),ABD,"Let $f: \mathbb{R} \rightarrow \mathbb{R}$ be given by $f(x)=(x-1)(x-2)(x-5)$. Define

\[
F(x)=\int_{0}^{x} f(t) d t, \quad x>0 .
\]

Then which of the following options is/are correct?",0.2,no,,,,,,,,,,,,,,,
95,JEE Adv 2019 Paper 2,MCQ(multiple),ABD,"Let $f: \mathbb{R} \rightarrow \mathbb{R}$ be given by $f(x)=(x-1)(x-2)(x-5)$. Define

\[
F(x)=\int_{0}^{x} f(t) d t, \quad x>0 .
\]

Then which of the following options is/are correct?",0.3,no,,,,,,,,,,,,,,,
95,JEE Adv 2019 Paper 2,MCQ(multiple),ABD,"Let $f: \mathbb{R} \rightarrow \mathbb{R}$ be given by $f(x)=(x-1)(x-2)(x-5)$. Define

\[
F(x)=\int_{0}^{x} f(t) d t, \quad x>0 .
\]

Then which of the following options is/are correct?",0.4,no,,,,,,,,,,,,,,,
95,JEE Adv 2019 Paper 2,MCQ(multiple),ABD,"Let $f: \mathbb{R} \rightarrow \mathbb{R}$ be given by $f(x)=(x-1)(x-2)(x-5)$. Define

\[
F(x)=\int_{0}^{x} f(t) d t, \quad x>0 .
\]

Then which of the following options is/are correct?",0.5,no,,,,,,,,,,,,,,,
96,JEE Adv 2019 Paper 2,MCQ(multiple),AC,"Three lines

\[
\begin{aligned}

L_{1}: & \vec{r}=\lambda \hat{i}, \lambda \in \mathbb{R}, \\

L_{2}: & \vec{r}=\hat{k}+\mu \hat{j}, \mu \in \mathbb{R} \text { and } \\

L_{3}: & \vec{r}=\hat{i}+\hat{j}+v \hat{k}, \quad v \in \mathbb{R}

\end{aligned}
\]

are given. For which point(s) $Q$ on $L_{2}$ can we find a point $P$ on $L_{1}$ and a point $R$ on $L_{3}$ so that $P, Q$ and $R$ are collinear?",0.0,no,,,,,,,,,,,,,,,
96,JEE Adv 2019 Paper 2,MCQ(multiple),AC,"Three lines

\[
\begin{aligned}

L_{1}: & \vec{r}=\lambda \hat{i}, \lambda \in \mathbb{R}, \\

L_{2}: & \vec{r}=\hat{k}+\mu \hat{j}, \mu \in \mathbb{R} \text { and } \\

L_{3}: & \vec{r}=\hat{i}+\hat{j}+v \hat{k}, \quad v \in \mathbb{R}

\end{aligned}
\]

are given. For which point(s) $Q$ on $L_{2}$ can we find a point $P$ on $L_{1}$ and a point $R$ on $L_{3}$ so that $P, Q$ and $R$ are collinear?",0.1,no,,,,,,,,,,,,,,,
96,JEE Adv 2019 Paper 2,MCQ(multiple),AC,"Three lines

\[
\begin{aligned}

L_{1}: & \vec{r}=\lambda \hat{i}, \lambda \in \mathbb{R}, \\

L_{2}: & \vec{r}=\hat{k}+\mu \hat{j}, \mu \in \mathbb{R} \text { and } \\

L_{3}: & \vec{r}=\hat{i}+\hat{j}+v \hat{k}, \quad v \in \mathbb{R}

\end{aligned}
\]

are given. For which point(s) $Q$ on $L_{2}$ can we find a point $P$ on $L_{1}$ and a point $R$ on $L_{3}$ so that $P, Q$ and $R$ are collinear?",0.2,no,,,,,,,,,,,,,,,
96,JEE Adv 2019 Paper 2,MCQ(multiple),AC,"Three lines

\[
\begin{aligned}

L_{1}: & \vec{r}=\lambda \hat{i}, \lambda \in \mathbb{R}, \\

L_{2}: & \vec{r}=\hat{k}+\mu \hat{j}, \mu \in \mathbb{R} \text { and } \\

L_{3}: & \vec{r}=\hat{i}+\hat{j}+v \hat{k}, \quad v \in \mathbb{R}

\end{aligned}
\]

are given. For which point(s) $Q$ on $L_{2}$ can we find a point $P$ on $L_{1}$ and a point $R$ on $L_{3}$ so that $P, Q$ and $R$ are collinear?",0.3,no,,,,,,,,,,,,,,,
96,JEE Adv 2019 Paper 2,MCQ(multiple),AC,"Three lines

\[
\begin{aligned}

L_{1}: & \vec{r}=\lambda \hat{i}, \lambda \in \mathbb{R}, \\

L_{2}: & \vec{r}=\hat{k}+\mu \hat{j}, \mu \in \mathbb{R} \text { and } \\

L_{3}: & \vec{r}=\hat{i}+\hat{j}+v \hat{k}, \quad v \in \mathbb{R}

\end{aligned}
\]

are given. For which point(s) $Q$ on $L_{2}$ can we find a point $P$ on $L_{1}$ and a point $R$ on $L_{3}$ so that $P, Q$ and $R$ are collinear?",0.4,no,,,,,,,,,,,,,,,
96,JEE Adv 2019 Paper 2,MCQ(multiple),AC,"Three lines

\[
\begin{aligned}

L_{1}: & \vec{r}=\lambda \hat{i}, \lambda \in \mathbb{R}, \\

L_{2}: & \vec{r}=\hat{k}+\mu \hat{j}, \mu \in \mathbb{R} \text { and } \\

L_{3}: & \vec{r}=\hat{i}+\hat{j}+v \hat{k}, \quad v \in \mathbb{R}

\end{aligned}
\]

are given. For which point(s) $Q$ on $L_{2}$ can we find a point $P$ on $L_{1}$ and a point $R$ on $L_{3}$ so that $P, Q$ and $R$ are collinear?",0.5,no,,,,,,,,,,,,,,,
97,JEE Adv 2019 Paper 2,Numeric,6.2,"Suppose

\[
\operatorname{det}\left[\begin{array}{cc}

\sum_{k=0}^{n} k & \sum_{k=0}^{n}{ }^{n} C_{k} k^{2} \\

\sum_{k=0}^{n}{ }^{n} C_{k} k & \sum_{k=0}^{n}{ }^{n} C_{k} 3^{k}

\end{array}\right]=0
\]

holds for some positive integer $n$. Then what does $\sum_{k=0}^{n} \frac{{ }^{n} C_{k}}{k+1}$?",0.0,no,,,,,,,,,,,,,,,
97,JEE Adv 2019 Paper 2,Numeric,6.2,"Suppose

\[
\operatorname{det}\left[\begin{array}{cc}

\sum_{k=0}^{n} k & \sum_{k=0}^{n}{ }^{n} C_{k} k^{2} \\

\sum_{k=0}^{n}{ }^{n} C_{k} k & \sum_{k=0}^{n}{ }^{n} C_{k} 3^{k}

\end{array}\right]=0
\]

holds for some positive integer $n$. Then what does $\sum_{k=0}^{n} \frac{{ }^{n} C_{k}}{k+1}$?",0.1,no,,,,,,,,,,,,,,,
97,JEE Adv 2019 Paper 2,Numeric,6.2,"Suppose

\[
\operatorname{det}\left[\begin{array}{cc}

\sum_{k=0}^{n} k & \sum_{k=0}^{n}{ }^{n} C_{k} k^{2} \\

\sum_{k=0}^{n}{ }^{n} C_{k} k & \sum_{k=0}^{n}{ }^{n} C_{k} 3^{k}

\end{array}\right]=0
\]

holds for some positive integer $n$. Then what does $\sum_{k=0}^{n} \frac{{ }^{n} C_{k}}{k+1}$?",0.2,no,,,,,,,,,,,,,,,
97,JEE Adv 2019 Paper 2,Numeric,6.2,"Suppose

\[
\operatorname{det}\left[\begin{array}{cc}

\sum_{k=0}^{n} k & \sum_{k=0}^{n}{ }^{n} C_{k} k^{2} \\

\sum_{k=0}^{n}{ }^{n} C_{k} k & \sum_{k=0}^{n}{ }^{n} C_{k} 3^{k}

\end{array}\right]=0
\]

holds for some positive integer $n$. Then what does $\sum_{k=0}^{n} \frac{{ }^{n} C_{k}}{k+1}$?",0.3,no,,,,,,,,,,,,,,,
97,JEE Adv 2019 Paper 2,Numeric,6.2,"Suppose

\[
\operatorname{det}\left[\begin{array}{cc}

\sum_{k=0}^{n} k & \sum_{k=0}^{n}{ }^{n} C_{k} k^{2} \\

\sum_{k=0}^{n}{ }^{n} C_{k} k & \sum_{k=0}^{n}{ }^{n} C_{k} 3^{k}

\end{array}\right]=0
\]

holds for some positive integer $n$. Then what does $\sum_{k=0}^{n} \frac{{ }^{n} C_{k}}{k+1}$?",0.4,no,,,,,,,,,,,,,,,
97,JEE Adv 2019 Paper 2,Numeric,6.2,"Suppose

\[
\operatorname{det}\left[\begin{array}{cc}

\sum_{k=0}^{n} k & \sum_{k=0}^{n}{ }^{n} C_{k} k^{2} \\

\sum_{k=0}^{n}{ }^{n} C_{k} k & \sum_{k=0}^{n}{ }^{n} C_{k} 3^{k}

\end{array}\right]=0
\]

holds for some positive integer $n$. Then what does $\sum_{k=0}^{n} \frac{{ }^{n} C_{k}}{k+1}$?",0.5,no,,,,,,,,,,,,,,,
98,JEE Adv 2019 Paper 2,Numeric,30,"Five persons $A, B, C, D$ and $E$ are seated in a circular arrangement. If each of them is given a hat of one of the three colours red, blue and green, then what is the number of ways of distributing the hats such that the persons seated in adjacent seats get different coloured hats?",0.0,no,,,,,,,,,,,,,,,
98,JEE Adv 2019 Paper 2,Numeric,30,"Five persons $A, B, C, D$ and $E$ are seated in a circular arrangement. If each of them is given a hat of one of the three colours red, blue and green, then what is the number of ways of distributing the hats such that the persons seated in adjacent seats get different coloured hats?",0.1,no,,,,,,,,,,,,,,,
98,JEE Adv 2019 Paper 2,Numeric,30,"Five persons $A, B, C, D$ and $E$ are seated in a circular arrangement. If each of them is given a hat of one of the three colours red, blue and green, then what is the number of ways of distributing the hats such that the persons seated in adjacent seats get different coloured hats?",0.2,no,,,,,,,,,,,,,,,
98,JEE Adv 2019 Paper 2,Numeric,30,"Five persons $A, B, C, D$ and $E$ are seated in a circular arrangement. If each of them is given a hat of one of the three colours red, blue and green, then what is the number of ways of distributing the hats such that the persons seated in adjacent seats get different coloured hats?",0.3,no,,,,,,,,,,,,,,,
98,JEE Adv 2019 Paper 2,Numeric,30,"Five persons $A, B, C, D$ and $E$ are seated in a circular arrangement. If each of them is given a hat of one of the three colours red, blue and green, then what is the number of ways of distributing the hats such that the persons seated in adjacent seats get different coloured hats?",0.4,no,,,,,,,,,,,,,,,
98,JEE Adv 2019 Paper 2,Numeric,30,"Five persons $A, B, C, D$ and $E$ are seated in a circular arrangement. If each of them is given a hat of one of the three colours red, blue and green, then what is the number of ways of distributing the hats such that the persons seated in adjacent seats get different coloured hats?",0.5,no,,,,,,,,,,,,,,,
99,JEE Adv 2019 Paper 2,Numeric,422,"Let $|X|$ denote the number of elements in a set $X$. Let $S=\{1,2,3,4,5,6\}$ be a sample space, where each element is equally likely to occur. If $A$ and $B$ are independent events associated with $S$, then what is the number of ordered pairs $(A, B)$ such that $1 \leq|B|<|A|$?",0.0,no,,,,,,,,,,,,,,,
99,JEE Adv 2019 Paper 2,Numeric,422,"Let $|X|$ denote the number of elements in a set $X$. Let $S=\{1,2,3,4,5,6\}$ be a sample space, where each element is equally likely to occur. If $A$ and $B$ are independent events associated with $S$, then what is the number of ordered pairs $(A, B)$ such that $1 \leq|B|<|A|$?",0.1,no,,,,,,,,,,,,,,,
99,JEE Adv 2019 Paper 2,Numeric,422,"Let $|X|$ denote the number of elements in a set $X$. Let $S=\{1,2,3,4,5,6\}$ be a sample space, where each element is equally likely to occur. If $A$ and $B$ are independent events associated with $S$, then what is the number of ordered pairs $(A, B)$ such that $1 \leq|B|<|A|$?",0.2,no,,,,,,,,,,,,,,,
99,JEE Adv 2019 Paper 2,Numeric,422,"Let $|X|$ denote the number of elements in a set $X$. Let $S=\{1,2,3,4,5,6\}$ be a sample space, where each element is equally likely to occur. If $A$ and $B$ are independent events associated with $S$, then what is the number of ordered pairs $(A, B)$ such that $1 \leq|B|<|A|$?",0.3,no,,,,,,,,,,,,,,,
99,JEE Adv 2019 Paper 2,Numeric,422,"Let $|X|$ denote the number of elements in a set $X$. Let $S=\{1,2,3,4,5,6\}$ be a sample space, where each element is equally likely to occur. If $A$ and $B$ are independent events associated with $S$, then what is the number of ordered pairs $(A, B)$ such that $1 \leq|B|<|A|$?",0.4,no,,,,,,,,,,,,,,,
99,JEE Adv 2019 Paper 2,Numeric,422,"Let $|X|$ denote the number of elements in a set $X$. Let $S=\{1,2,3,4,5,6\}$ be a sample space, where each element is equally likely to occur. If $A$ and $B$ are independent events associated with $S$, then what is the number of ordered pairs $(A, B)$ such that $1 \leq|B|<|A|$?",0.5,no,,,,,,,,,,,,,,,
100,JEE Adv 2019 Paper 2,Numeric,0,"What is the value of

\[
\sec ^{-1}\left(\frac{1}{4} \sum_{k=0}^{10} \sec \left(\frac{7 \pi}{12}+\frac{k \pi}{2}\right) \sec \left(\frac{7 \pi}{12}+\frac{(k+1) \pi}{2}\right)\right)
\]

in the interval $\left[-\frac{\pi}{4}, \frac{3 \pi}{4}\right]$?",0.0,no,,,,,,,,,,,,,,,
100,JEE Adv 2019 Paper 2,Numeric,0,"What is the value of

\[
\sec ^{-1}\left(\frac{1}{4} \sum_{k=0}^{10} \sec \left(\frac{7 \pi}{12}+\frac{k \pi}{2}\right) \sec \left(\frac{7 \pi}{12}+\frac{(k+1) \pi}{2}\right)\right)
\]

in the interval $\left[-\frac{\pi}{4}, \frac{3 \pi}{4}\right]$?",0.1,no,,,,,,,,,,,,,,,
100,JEE Adv 2019 Paper 2,Numeric,0,"What is the value of

\[
\sec ^{-1}\left(\frac{1}{4} \sum_{k=0}^{10} \sec \left(\frac{7 \pi}{12}+\frac{k \pi}{2}\right) \sec \left(\frac{7 \pi}{12}+\frac{(k+1) \pi}{2}\right)\right)
\]

in the interval $\left[-\frac{\pi}{4}, \frac{3 \pi}{4}\right]$?",0.2,no,,,,,,,,,,,,,,,
100,JEE Adv 2019 Paper 2,Numeric,0,"What is the value of

\[
\sec ^{-1}\left(\frac{1}{4} \sum_{k=0}^{10} \sec \left(\frac{7 \pi}{12}+\frac{k \pi}{2}\right) \sec \left(\frac{7 \pi}{12}+\frac{(k+1) \pi}{2}\right)\right)
\]

in the interval $\left[-\frac{\pi}{4}, \frac{3 \pi}{4}\right]$?",0.3,no,,,,,,,,,,,,,,,
100,JEE Adv 2019 Paper 2,Numeric,0,"What is the value of

\[
\sec ^{-1}\left(\frac{1}{4} \sum_{k=0}^{10} \sec \left(\frac{7 \pi}{12}+\frac{k \pi}{2}\right) \sec \left(\frac{7 \pi}{12}+\frac{(k+1) \pi}{2}\right)\right)
\]

in the interval $\left[-\frac{\pi}{4}, \frac{3 \pi}{4}\right]$?",0.4,no,,,,,,,,,,,,,,,
100,JEE Adv 2019 Paper 2,Numeric,0,"What is the value of

\[
\sec ^{-1}\left(\frac{1}{4} \sum_{k=0}^{10} \sec \left(\frac{7 \pi}{12}+\frac{k \pi}{2}\right) \sec \left(\frac{7 \pi}{12}+\frac{(k+1) \pi}{2}\right)\right)
\]

in the interval $\left[-\frac{\pi}{4}, \frac{3 \pi}{4}\right]$?",0.5,no,,,,,,,,,,,,,,,
101,JEE Adv 2019 Paper 2,Numeric,0.5,"What is the value of the integral


\[
\int_{0}^{\pi / 2} \frac{3 \sqrt{\cos \theta}}{(\sqrt{\cos \theta}+\sqrt{\sin \theta})^{5}} d \theta
\]?",0.0,no,,,,,,,,,,,,,,,
101,JEE Adv 2019 Paper 2,Numeric,0.5,"What is the value of the integral


\[
\int_{0}^{\pi / 2} \frac{3 \sqrt{\cos \theta}}{(\sqrt{\cos \theta}+\sqrt{\sin \theta})^{5}} d \theta
\]?",0.1,no,,,,,,,,,,,,,,,
101,JEE Adv 2019 Paper 2,Numeric,0.5,"What is the value of the integral


\[
\int_{0}^{\pi / 2} \frac{3 \sqrt{\cos \theta}}{(\sqrt{\cos \theta}+\sqrt{\sin \theta})^{5}} d \theta
\]?",0.2,no,,,,,,,,,,,,,,,
101,JEE Adv 2019 Paper 2,Numeric,0.5,"What is the value of the integral


\[
\int_{0}^{\pi / 2} \frac{3 \sqrt{\cos \theta}}{(\sqrt{\cos \theta}+\sqrt{\sin \theta})^{5}} d \theta
\]?",0.3,no,,,,,,,,,,,,,,,
101,JEE Adv 2019 Paper 2,Numeric,0.5,"What is the value of the integral


\[
\int_{0}^{\pi / 2} \frac{3 \sqrt{\cos \theta}}{(\sqrt{\cos \theta}+\sqrt{\sin \theta})^{5}} d \theta
\]?",0.4,no,,,,,,,,,,,,,,,
101,JEE Adv 2019 Paper 2,Numeric,0.5,"What is the value of the integral


\[
\int_{0}^{\pi / 2} \frac{3 \sqrt{\cos \theta}}{(\sqrt{\cos \theta}+\sqrt{\sin \theta})^{5}} d \theta
\]?",0.5,no,,,,,,,,,,,,,,,
102,JEE Adv 2020 Paper 1,MCQ,D,"Suppose $a, b$ denote the distinct real roots of the quadratic polynomial $x^{2}+20 x-2020$ and suppose $c, d$ denote the distinct complex roots of the quadratic polynomial $x^{2}-20 x+2020$. Then the value of

\[
a c(a-c)+a d(a-d)+b c(b-c)+b d(b-d)
\]

is",0.0,no,,,,,,,,,,,,,,,
102,JEE Adv 2020 Paper 1,MCQ,D,"Suppose $a, b$ denote the distinct real roots of the quadratic polynomial $x^{2}+20 x-2020$ and suppose $c, d$ denote the distinct complex roots of the quadratic polynomial $x^{2}-20 x+2020$. Then the value of

\[
a c(a-c)+a d(a-d)+b c(b-c)+b d(b-d)
\]

is",0.1,no,,,,,,,,,,,,,,,
102,JEE Adv 2020 Paper 1,MCQ,D,"Suppose $a, b$ denote the distinct real roots of the quadratic polynomial $x^{2}+20 x-2020$ and suppose $c, d$ denote the distinct complex roots of the quadratic polynomial $x^{2}-20 x+2020$. Then the value of

\[
a c(a-c)+a d(a-d)+b c(b-c)+b d(b-d)
\]

is",0.2,no,,,,,,,,,,,,,,,
102,JEE Adv 2020 Paper 1,MCQ,D,"Suppose $a, b$ denote the distinct real roots of the quadratic polynomial $x^{2}+20 x-2020$ and suppose $c, d$ denote the distinct complex roots of the quadratic polynomial $x^{2}-20 x+2020$. Then the value of

\[
a c(a-c)+a d(a-d)+b c(b-c)+b d(b-d)
\]

is",0.3,no,,,,,,,,,,,,,,,
102,JEE Adv 2020 Paper 1,MCQ,D,"Suppose $a, b$ denote the distinct real roots of the quadratic polynomial $x^{2}+20 x-2020$ and suppose $c, d$ denote the distinct complex roots of the quadratic polynomial $x^{2}-20 x+2020$. Then the value of

\[
a c(a-c)+a d(a-d)+b c(b-c)+b d(b-d)
\]

is",0.4,no,,,,,,,,,,,,,,,
102,JEE Adv 2020 Paper 1,MCQ,D,"Suppose $a, b$ denote the distinct real roots of the quadratic polynomial $x^{2}+20 x-2020$ and suppose $c, d$ denote the distinct complex roots of the quadratic polynomial $x^{2}-20 x+2020$. Then the value of

\[
a c(a-c)+a d(a-d)+b c(b-c)+b d(b-d)
\]

is",0.5,no,,,,,,,,,,,,,,,
103,JEE Adv 2020 Paper 1,MCQ,C,"If the function $f: \mathbb{R} \rightarrow \mathbb{R}$ is defined by $f(x)=|x|(x-\sin x)$, then which of the following statements is TRUE?",0.0,no,,,,,,,,,,,,,,,
103,JEE Adv 2020 Paper 1,MCQ,C,"If the function $f: \mathbb{R} \rightarrow \mathbb{R}$ is defined by $f(x)=|x|(x-\sin x)$, then which of the following statements is TRUE?",0.1,no,,,,,,,,,,,,,,,
103,JEE Adv 2020 Paper 1,MCQ,C,"If the function $f: \mathbb{R} \rightarrow \mathbb{R}$ is defined by $f(x)=|x|(x-\sin x)$, then which of the following statements is TRUE?",0.2,no,,,,,,,,,,,,,,,
103,JEE Adv 2020 Paper 1,MCQ,C,"If the function $f: \mathbb{R} \rightarrow \mathbb{R}$ is defined by $f(x)=|x|(x-\sin x)$, then which of the following statements is TRUE?",0.3,no,,,,,,,,,,,,,,,
103,JEE Adv 2020 Paper 1,MCQ,C,"If the function $f: \mathbb{R} \rightarrow \mathbb{R}$ is defined by $f(x)=|x|(x-\sin x)$, then which of the following statements is TRUE?",0.4,no,,,,,,,,,,,,,,,
103,JEE Adv 2020 Paper 1,MCQ,C,"If the function $f: \mathbb{R} \rightarrow \mathbb{R}$ is defined by $f(x)=|x|(x-\sin x)$, then which of the following statements is TRUE?",0.5,no,,,,,,,,,,,,,,,
104,JEE Adv 2020 Paper 1,MCQ,A,"Let the functions $f: \mathbb{R} \rightarrow \mathbb{R}$ and $g: \mathbb{R} \rightarrow \mathbb{R}$ be defined by

\[
f(x)=e^{x-1}-e^{-|x-1|} \quad \text { and } \quad g(x)=\frac{1}{2}\left(e^{x-1}+e^{1-x}\right)
\]

Then the area of the region in the first quadrant bounded by the curves $y=f(x), y=g(x)$ and $x=0$ is",0.0,no,,,,,,,,,,,,,,,
104,JEE Adv 2020 Paper 1,MCQ,A,"Let the functions $f: \mathbb{R} \rightarrow \mathbb{R}$ and $g: \mathbb{R} \rightarrow \mathbb{R}$ be defined by

\[
f(x)=e^{x-1}-e^{-|x-1|} \quad \text { and } \quad g(x)=\frac{1}{2}\left(e^{x-1}+e^{1-x}\right)
\]

Then the area of the region in the first quadrant bounded by the curves $y=f(x), y=g(x)$ and $x=0$ is",0.1,no,,,,,,,,,,,,,,,
104,JEE Adv 2020 Paper 1,MCQ,A,"Let the functions $f: \mathbb{R} \rightarrow \mathbb{R}$ and $g: \mathbb{R} \rightarrow \mathbb{R}$ be defined by

\[
f(x)=e^{x-1}-e^{-|x-1|} \quad \text { and } \quad g(x)=\frac{1}{2}\left(e^{x-1}+e^{1-x}\right)
\]

Then the area of the region in the first quadrant bounded by the curves $y=f(x), y=g(x)$ and $x=0$ is",0.2,no,,,,,,,,,,,,,,,
104,JEE Adv 2020 Paper 1,MCQ,A,"Let the functions $f: \mathbb{R} \rightarrow \mathbb{R}$ and $g: \mathbb{R} \rightarrow \mathbb{R}$ be defined by

\[
f(x)=e^{x-1}-e^{-|x-1|} \quad \text { and } \quad g(x)=\frac{1}{2}\left(e^{x-1}+e^{1-x}\right)
\]

Then the area of the region in the first quadrant bounded by the curves $y=f(x), y=g(x)$ and $x=0$ is",0.3,no,,,,,,,,,,,,,,,
104,JEE Adv 2020 Paper 1,MCQ,A,"Let the functions $f: \mathbb{R} \rightarrow \mathbb{R}$ and $g: \mathbb{R} \rightarrow \mathbb{R}$ be defined by

\[
f(x)=e^{x-1}-e^{-|x-1|} \quad \text { and } \quad g(x)=\frac{1}{2}\left(e^{x-1}+e^{1-x}\right)
\]

Then the area of the region in the first quadrant bounded by the curves $y=f(x), y=g(x)$ and $x=0$ is",0.4,no,,,,,,,,,,,,,,,
104,JEE Adv 2020 Paper 1,MCQ,A,"Let the functions $f: \mathbb{R} \rightarrow \mathbb{R}$ and $g: \mathbb{R} \rightarrow \mathbb{R}$ be defined by

\[
f(x)=e^{x-1}-e^{-|x-1|} \quad \text { and } \quad g(x)=\frac{1}{2}\left(e^{x-1}+e^{1-x}\right)
\]

Then the area of the region in the first quadrant bounded by the curves $y=f(x), y=g(x)$ and $x=0$ is",0.5,no,,,,,,,,,,,,,,,
105,JEE Adv 2020 Paper 1,MCQ,A,"Let $a, b$ and $\lambda$ be positive real numbers. Suppose $P$ is an end point of the latus rectum of the parabola $y^{2}=4 \lambda x$, and suppose the ellipse $\frac{x^{2}}{a^{2}}+\frac{y^{2}}{b^{2}}=1$ passes through the point $P$. If the tangents to the parabola and the ellipse at the point $P$ are perpendicular to each other, then the eccentricity of the ellipse is",0.0,no,,,,,,,,,,,,,,,
105,JEE Adv 2020 Paper 1,MCQ,A,"Let $a, b$ and $\lambda$ be positive real numbers. Suppose $P$ is an end point of the latus rectum of the parabola $y^{2}=4 \lambda x$, and suppose the ellipse $\frac{x^{2}}{a^{2}}+\frac{y^{2}}{b^{2}}=1$ passes through the point $P$. If the tangents to the parabola and the ellipse at the point $P$ are perpendicular to each other, then the eccentricity of the ellipse is",0.1,no,,,,,,,,,,,,,,,
105,JEE Adv 2020 Paper 1,MCQ,A,"Let $a, b$ and $\lambda$ be positive real numbers. Suppose $P$ is an end point of the latus rectum of the parabola $y^{2}=4 \lambda x$, and suppose the ellipse $\frac{x^{2}}{a^{2}}+\frac{y^{2}}{b^{2}}=1$ passes through the point $P$. If the tangents to the parabola and the ellipse at the point $P$ are perpendicular to each other, then the eccentricity of the ellipse is",0.2,no,,,,,,,,,,,,,,,
105,JEE Adv 2020 Paper 1,MCQ,A,"Let $a, b$ and $\lambda$ be positive real numbers. Suppose $P$ is an end point of the latus rectum of the parabola $y^{2}=4 \lambda x$, and suppose the ellipse $\frac{x^{2}}{a^{2}}+\frac{y^{2}}{b^{2}}=1$ passes through the point $P$. If the tangents to the parabola and the ellipse at the point $P$ are perpendicular to each other, then the eccentricity of the ellipse is",0.3,no,,,,,,,,,,,,,,,
105,JEE Adv 2020 Paper 1,MCQ,A,"Let $a, b$ and $\lambda$ be positive real numbers. Suppose $P$ is an end point of the latus rectum of the parabola $y^{2}=4 \lambda x$, and suppose the ellipse $\frac{x^{2}}{a^{2}}+\frac{y^{2}}{b^{2}}=1$ passes through the point $P$. If the tangents to the parabola and the ellipse at the point $P$ are perpendicular to each other, then the eccentricity of the ellipse is",0.4,no,,,,,,,,,,,,,,,
105,JEE Adv 2020 Paper 1,MCQ,A,"Let $a, b$ and $\lambda$ be positive real numbers. Suppose $P$ is an end point of the latus rectum of the parabola $y^{2}=4 \lambda x$, and suppose the ellipse $\frac{x^{2}}{a^{2}}+\frac{y^{2}}{b^{2}}=1$ passes through the point $P$. If the tangents to the parabola and the ellipse at the point $P$ are perpendicular to each other, then the eccentricity of the ellipse is",0.5,no,,,,,,,,,,,,,,,
106,JEE Adv 2020 Paper 1,MCQ,B,"Let $C_{1}$ and $C_{2}$ be two biased coins such that the probabilities of getting head in a single toss are $\frac{2}{3}$ and $\frac{1}{3}$, respectively. Suppose $\alpha$ is the number of heads that appear when $C_{1}$ is tossed twice, independently, and suppose $\beta$ is the number of heads that appear when $C_{2}$ is tossed twice, independently. Then the probability that the roots of the quadratic polynomial $x^{2}-\alpha x+\beta$ are real and equal, is",0.0,no,,,,,,,,,,,,,,,
106,JEE Adv 2020 Paper 1,MCQ,B,"Let $C_{1}$ and $C_{2}$ be two biased coins such that the probabilities of getting head in a single toss are $\frac{2}{3}$ and $\frac{1}{3}$, respectively. Suppose $\alpha$ is the number of heads that appear when $C_{1}$ is tossed twice, independently, and suppose $\beta$ is the number of heads that appear when $C_{2}$ is tossed twice, independently. Then the probability that the roots of the quadratic polynomial $x^{2}-\alpha x+\beta$ are real and equal, is",0.1,no,,,,,,,,,,,,,,,
106,JEE Adv 2020 Paper 1,MCQ,B,"Let $C_{1}$ and $C_{2}$ be two biased coins such that the probabilities of getting head in a single toss are $\frac{2}{3}$ and $\frac{1}{3}$, respectively. Suppose $\alpha$ is the number of heads that appear when $C_{1}$ is tossed twice, independently, and suppose $\beta$ is the number of heads that appear when $C_{2}$ is tossed twice, independently. Then the probability that the roots of the quadratic polynomial $x^{2}-\alpha x+\beta$ are real and equal, is",0.2,no,,,,,,,,,,,,,,,
106,JEE Adv 2020 Paper 1,MCQ,B,"Let $C_{1}$ and $C_{2}$ be two biased coins such that the probabilities of getting head in a single toss are $\frac{2}{3}$ and $\frac{1}{3}$, respectively. Suppose $\alpha$ is the number of heads that appear when $C_{1}$ is tossed twice, independently, and suppose $\beta$ is the number of heads that appear when $C_{2}$ is tossed twice, independently. Then the probability that the roots of the quadratic polynomial $x^{2}-\alpha x+\beta$ are real and equal, is",0.3,no,,,,,,,,,,,,,,,
106,JEE Adv 2020 Paper 1,MCQ,B,"Let $C_{1}$ and $C_{2}$ be two biased coins such that the probabilities of getting head in a single toss are $\frac{2}{3}$ and $\frac{1}{3}$, respectively. Suppose $\alpha$ is the number of heads that appear when $C_{1}$ is tossed twice, independently, and suppose $\beta$ is the number of heads that appear when $C_{2}$ is tossed twice, independently. Then the probability that the roots of the quadratic polynomial $x^{2}-\alpha x+\beta$ are real and equal, is",0.4,no,,,,,,,,,,,,,,,
106,JEE Adv 2020 Paper 1,MCQ,B,"Let $C_{1}$ and $C_{2}$ be two biased coins such that the probabilities of getting head in a single toss are $\frac{2}{3}$ and $\frac{1}{3}$, respectively. Suppose $\alpha$ is the number of heads that appear when $C_{1}$ is tossed twice, independently, and suppose $\beta$ is the number of heads that appear when $C_{2}$ is tossed twice, independently. Then the probability that the roots of the quadratic polynomial $x^{2}-\alpha x+\beta$ are real and equal, is",0.5,no,,,,,,,,,,,,,,,
107,JEE Adv 2020 Paper 1,MCQ,C,"Consider all rectangles lying in the region

\[
\left\{(x, y) \in \mathbb{R} \times \mathbb{R}: 0 \leq x \leq \frac{\pi}{2} \text { and } 0 \leq y \leq 2 \sin (2 x)\right\}
\]

and having one side on the $x$-axis. The area of the rectangle which has the maximum perimeter among all such rectangles, is",0.0,no,,,,,,,,,,,,,,,
107,JEE Adv 2020 Paper 1,MCQ,C,"Consider all rectangles lying in the region

\[
\left\{(x, y) \in \mathbb{R} \times \mathbb{R}: 0 \leq x \leq \frac{\pi}{2} \text { and } 0 \leq y \leq 2 \sin (2 x)\right\}
\]

and having one side on the $x$-axis. The area of the rectangle which has the maximum perimeter among all such rectangles, is",0.1,no,,,,,,,,,,,,,,,
107,JEE Adv 2020 Paper 1,MCQ,C,"Consider all rectangles lying in the region

\[
\left\{(x, y) \in \mathbb{R} \times \mathbb{R}: 0 \leq x \leq \frac{\pi}{2} \text { and } 0 \leq y \leq 2 \sin (2 x)\right\}
\]

and having one side on the $x$-axis. The area of the rectangle which has the maximum perimeter among all such rectangles, is",0.2,no,,,,,,,,,,,,,,,
107,JEE Adv 2020 Paper 1,MCQ,C,"Consider all rectangles lying in the region

\[
\left\{(x, y) \in \mathbb{R} \times \mathbb{R}: 0 \leq x \leq \frac{\pi}{2} \text { and } 0 \leq y \leq 2 \sin (2 x)\right\}
\]

and having one side on the $x$-axis. The area of the rectangle which has the maximum perimeter among all such rectangles, is",0.3,no,,,,,,,,,,,,,,,
107,JEE Adv 2020 Paper 1,MCQ,C,"Consider all rectangles lying in the region

\[
\left\{(x, y) \in \mathbb{R} \times \mathbb{R}: 0 \leq x \leq \frac{\pi}{2} \text { and } 0 \leq y \leq 2 \sin (2 x)\right\}
\]

and having one side on the $x$-axis. The area of the rectangle which has the maximum perimeter among all such rectangles, is",0.4,no,,,,,,,,,,,,,,,
107,JEE Adv 2020 Paper 1,MCQ,C,"Consider all rectangles lying in the region

\[
\left\{(x, y) \in \mathbb{R} \times \mathbb{R}: 0 \leq x \leq \frac{\pi}{2} \text { and } 0 \leq y \leq 2 \sin (2 x)\right\}
\]

and having one side on the $x$-axis. The area of the rectangle which has the maximum perimeter among all such rectangles, is",0.5,no,,,,,,,,,,,,,,,
108,JEE Adv 2020 Paper 1,MCQ(multiple),AC,Let the function $f: \mathbb{R} \rightarrow \mathbb{R}$ be defined by $f(x)=x^{3}-x^{2}+(x-1) \sin x$ and let $g: \mathbb{R} \rightarrow \mathbb{R}$ be an arbitrary function. Let $f g: \mathbb{R} \rightarrow \mathbb{R}$ be the product function defined by $(f g)(x)=f(x) g(x)$. Then which of the following statements is/are TRUE?,0.0,no,,,,,,,,,,,,,,,
108,JEE Adv 2020 Paper 1,MCQ(multiple),AC,Let the function $f: \mathbb{R} \rightarrow \mathbb{R}$ be defined by $f(x)=x^{3}-x^{2}+(x-1) \sin x$ and let $g: \mathbb{R} \rightarrow \mathbb{R}$ be an arbitrary function. Let $f g: \mathbb{R} \rightarrow \mathbb{R}$ be the product function defined by $(f g)(x)=f(x) g(x)$. Then which of the following statements is/are TRUE?,0.1,no,,,,,,,,,,,,,,,
108,JEE Adv 2020 Paper 1,MCQ(multiple),AC,Let the function $f: \mathbb{R} \rightarrow \mathbb{R}$ be defined by $f(x)=x^{3}-x^{2}+(x-1) \sin x$ and let $g: \mathbb{R} \rightarrow \mathbb{R}$ be an arbitrary function. Let $f g: \mathbb{R} \rightarrow \mathbb{R}$ be the product function defined by $(f g)(x)=f(x) g(x)$. Then which of the following statements is/are TRUE?,0.2,no,,,,,,,,,,,,,,,
108,JEE Adv 2020 Paper 1,MCQ(multiple),AC,Let the function $f: \mathbb{R} \rightarrow \mathbb{R}$ be defined by $f(x)=x^{3}-x^{2}+(x-1) \sin x$ and let $g: \mathbb{R} \rightarrow \mathbb{R}$ be an arbitrary function. Let $f g: \mathbb{R} \rightarrow \mathbb{R}$ be the product function defined by $(f g)(x)=f(x) g(x)$. Then which of the following statements is/are TRUE?,0.3,no,,,,,,,,,,,,,,,
108,JEE Adv 2020 Paper 1,MCQ(multiple),AC,Let the function $f: \mathbb{R} \rightarrow \mathbb{R}$ be defined by $f(x)=x^{3}-x^{2}+(x-1) \sin x$ and let $g: \mathbb{R} \rightarrow \mathbb{R}$ be an arbitrary function. Let $f g: \mathbb{R} \rightarrow \mathbb{R}$ be the product function defined by $(f g)(x)=f(x) g(x)$. Then which of the following statements is/are TRUE?,0.4,no,,,,,,,,,,,,,,,
108,JEE Adv 2020 Paper 1,MCQ(multiple),AC,Let the function $f: \mathbb{R} \rightarrow \mathbb{R}$ be defined by $f(x)=x^{3}-x^{2}+(x-1) \sin x$ and let $g: \mathbb{R} \rightarrow \mathbb{R}$ be an arbitrary function. Let $f g: \mathbb{R} \rightarrow \mathbb{R}$ be the product function defined by $(f g)(x)=f(x) g(x)$. Then which of the following statements is/are TRUE?,0.5,no,,,,,,,,,,,,,,,
109,JEE Adv 2020 Paper 1,MCQ(multiple),BCD,"Let $M$ be a $3 \times 3$ invertible matrix with real entries and let $I$ denote the $3 \times 3$ identity matrix. If $M^{-1}=\operatorname{adj}(\operatorname{adj} M)$, then which of the following statements is/are ALWAYS TRUE?",0.0,no,,,,,,,,,,,,,,,
109,JEE Adv 2020 Paper 1,MCQ(multiple),BCD,"Let $M$ be a $3 \times 3$ invertible matrix with real entries and let $I$ denote the $3 \times 3$ identity matrix. If $M^{-1}=\operatorname{adj}(\operatorname{adj} M)$, then which of the following statements is/are ALWAYS TRUE?",0.1,no,,,,,,,,,,,,,,,
109,JEE Adv 2020 Paper 1,MCQ(multiple),BCD,"Let $M$ be a $3 \times 3$ invertible matrix with real entries and let $I$ denote the $3 \times 3$ identity matrix. If $M^{-1}=\operatorname{adj}(\operatorname{adj} M)$, then which of the following statements is/are ALWAYS TRUE?",0.2,no,,,,,,,,,,,,,,,
109,JEE Adv 2020 Paper 1,MCQ(multiple),BCD,"Let $M$ be a $3 \times 3$ invertible matrix with real entries and let $I$ denote the $3 \times 3$ identity matrix. If $M^{-1}=\operatorname{adj}(\operatorname{adj} M)$, then which of the following statements is/are ALWAYS TRUE?",0.3,no,,,,,,,,,,,,,,,
109,JEE Adv 2020 Paper 1,MCQ(multiple),BCD,"Let $M$ be a $3 \times 3$ invertible matrix with real entries and let $I$ denote the $3 \times 3$ identity matrix. If $M^{-1}=\operatorname{adj}(\operatorname{adj} M)$, then which of the following statements is/are ALWAYS TRUE?",0.4,no,,,,,,,,,,,,,,,
109,JEE Adv 2020 Paper 1,MCQ(multiple),BCD,"Let $M$ be a $3 \times 3$ invertible matrix with real entries and let $I$ denote the $3 \times 3$ identity matrix. If $M^{-1}=\operatorname{adj}(\operatorname{adj} M)$, then which of the following statements is/are ALWAYS TRUE?",0.5,no,,,,,,,,,,,,,,,
110,JEE Adv 2020 Paper 1,MCQ(multiple),BC,Let $S$ be the set of all complex numbers $z$ satisfying $\left|z^{2}+z+1\right|=1$. Then which of the following statements is/are TRUE?,0.0,no,,,,,,,,,,,,,,,
110,JEE Adv 2020 Paper 1,MCQ(multiple),BC,Let $S$ be the set of all complex numbers $z$ satisfying $\left|z^{2}+z+1\right|=1$. Then which of the following statements is/are TRUE?,0.1,no,,,,,,,,,,,,,,,
110,JEE Adv 2020 Paper 1,MCQ(multiple),BC,Let $S$ be the set of all complex numbers $z$ satisfying $\left|z^{2}+z+1\right|=1$. Then which of the following statements is/are TRUE?,0.2,no,,,,,,,,,,,,,,,
110,JEE Adv 2020 Paper 1,MCQ(multiple),BC,Let $S$ be the set of all complex numbers $z$ satisfying $\left|z^{2}+z+1\right|=1$. Then which of the following statements is/are TRUE?,0.3,no,,,,,,,,,,,,,,,
110,JEE Adv 2020 Paper 1,MCQ(multiple),BC,Let $S$ be the set of all complex numbers $z$ satisfying $\left|z^{2}+z+1\right|=1$. Then which of the following statements is/are TRUE?,0.4,no,,,,,,,,,,,,,,,
110,JEE Adv 2020 Paper 1,MCQ(multiple),BC,Let $S$ be the set of all complex numbers $z$ satisfying $\left|z^{2}+z+1\right|=1$. Then which of the following statements is/are TRUE?,0.5,no,,,,,,,,,,,,,,,
111,JEE Adv 2020 Paper 1,MCQ(multiple),BC,"Let $x, y$ and $z$ be positive real numbers. Suppose $x, y$ and $z$ are the lengths of the sides of a triangle opposite to its angles $X, Y$ and $Z$, respectively. If

\[
\tan \frac{X}{2}+\tan \frac{Z}{2}=\frac{2 y}{x+y+z}
\]

then which of the following statements is/are TRUE?",0.0,no,,,,,,,,,,,,,,,
111,JEE Adv 2020 Paper 1,MCQ(multiple),BC,"Let $x, y$ and $z$ be positive real numbers. Suppose $x, y$ and $z$ are the lengths of the sides of a triangle opposite to its angles $X, Y$ and $Z$, respectively. If

\[
\tan \frac{X}{2}+\tan \frac{Z}{2}=\frac{2 y}{x+y+z}
\]

then which of the following statements is/are TRUE?",0.1,no,,,,,,,,,,,,,,,
111,JEE Adv 2020 Paper 1,MCQ(multiple),BC,"Let $x, y$ and $z$ be positive real numbers. Suppose $x, y$ and $z$ are the lengths of the sides of a triangle opposite to its angles $X, Y$ and $Z$, respectively. If

\[
\tan \frac{X}{2}+\tan \frac{Z}{2}=\frac{2 y}{x+y+z}
\]

then which of the following statements is/are TRUE?",0.2,no,,,,,,,,,,,,,,,
111,JEE Adv 2020 Paper 1,MCQ(multiple),BC,"Let $x, y$ and $z$ be positive real numbers. Suppose $x, y$ and $z$ are the lengths of the sides of a triangle opposite to its angles $X, Y$ and $Z$, respectively. If

\[
\tan \frac{X}{2}+\tan \frac{Z}{2}=\frac{2 y}{x+y+z}
\]

then which of the following statements is/are TRUE?",0.3,no,,,,,,,,,,,,,,,
111,JEE Adv 2020 Paper 1,MCQ(multiple),BC,"Let $x, y$ and $z$ be positive real numbers. Suppose $x, y$ and $z$ are the lengths of the sides of a triangle opposite to its angles $X, Y$ and $Z$, respectively. If

\[
\tan \frac{X}{2}+\tan \frac{Z}{2}=\frac{2 y}{x+y+z}
\]

then which of the following statements is/are TRUE?",0.4,no,,,,,,,,,,,,,,,
111,JEE Adv 2020 Paper 1,MCQ(multiple),BC,"Let $x, y$ and $z$ be positive real numbers. Suppose $x, y$ and $z$ are the lengths of the sides of a triangle opposite to its angles $X, Y$ and $Z$, respectively. If

\[
\tan \frac{X}{2}+\tan \frac{Z}{2}=\frac{2 y}{x+y+z}
\]

then which of the following statements is/are TRUE?",0.5,no,,,,,,,,,,,,,,,
112,JEE Adv 2020 Paper 1,MCQ(multiple),AB,"Let $L_{1}$ and $L_{2}$ be the following straight lines.

\[
L_{1}: \frac{x-1}{1}=\frac{y}{-1}=\frac{z-1}{3} \text { and } L_{2}: \frac{x-1}{-3}=\frac{y}{-1}=\frac{z-1}{1}
\]

Suppose the straight line

\[
L: \frac{x-\alpha}{l}=\frac{y-1}{m}=\frac{z-\gamma}{-2}
\]

lies in the plane containing $L_{1}$ and $L_{2}$, and passes through the point of intersection of $L_{1}$ and $L_{2}$. If the line $L$ bisects the acute angle between the lines $L_{1}$ and $L_{2}$, then which of the following statements is/are TRUE?",0.0,no,,,,,,,,,,,,,,,
112,JEE Adv 2020 Paper 1,MCQ(multiple),AB,"Let $L_{1}$ and $L_{2}$ be the following straight lines.

\[
L_{1}: \frac{x-1}{1}=\frac{y}{-1}=\frac{z-1}{3} \text { and } L_{2}: \frac{x-1}{-3}=\frac{y}{-1}=\frac{z-1}{1}
\]

Suppose the straight line

\[
L: \frac{x-\alpha}{l}=\frac{y-1}{m}=\frac{z-\gamma}{-2}
\]

lies in the plane containing $L_{1}$ and $L_{2}$, and passes through the point of intersection of $L_{1}$ and $L_{2}$. If the line $L$ bisects the acute angle between the lines $L_{1}$ and $L_{2}$, then which of the following statements is/are TRUE?",0.1,no,,,,,,,,,,,,,,,
112,JEE Adv 2020 Paper 1,MCQ(multiple),AB,"Let $L_{1}$ and $L_{2}$ be the following straight lines.

\[
L_{1}: \frac{x-1}{1}=\frac{y}{-1}=\frac{z-1}{3} \text { and } L_{2}: \frac{x-1}{-3}=\frac{y}{-1}=\frac{z-1}{1}
\]

Suppose the straight line

\[
L: \frac{x-\alpha}{l}=\frac{y-1}{m}=\frac{z-\gamma}{-2}
\]

lies in the plane containing $L_{1}$ and $L_{2}$, and passes through the point of intersection of $L_{1}$ and $L_{2}$. If the line $L$ bisects the acute angle between the lines $L_{1}$ and $L_{2}$, then which of the following statements is/are TRUE?",0.2,no,,,,,,,,,,,,,,,
112,JEE Adv 2020 Paper 1,MCQ(multiple),AB,"Let $L_{1}$ and $L_{2}$ be the following straight lines.

\[
L_{1}: \frac{x-1}{1}=\frac{y}{-1}=\frac{z-1}{3} \text { and } L_{2}: \frac{x-1}{-3}=\frac{y}{-1}=\frac{z-1}{1}
\]

Suppose the straight line

\[
L: \frac{x-\alpha}{l}=\frac{y-1}{m}=\frac{z-\gamma}{-2}
\]

lies in the plane containing $L_{1}$ and $L_{2}$, and passes through the point of intersection of $L_{1}$ and $L_{2}$. If the line $L$ bisects the acute angle between the lines $L_{1}$ and $L_{2}$, then which of the following statements is/are TRUE?",0.3,no,,,,,,,,,,,,,,,
112,JEE Adv 2020 Paper 1,MCQ(multiple),AB,"Let $L_{1}$ and $L_{2}$ be the following straight lines.

\[
L_{1}: \frac{x-1}{1}=\frac{y}{-1}=\frac{z-1}{3} \text { and } L_{2}: \frac{x-1}{-3}=\frac{y}{-1}=\frac{z-1}{1}
\]

Suppose the straight line

\[
L: \frac{x-\alpha}{l}=\frac{y-1}{m}=\frac{z-\gamma}{-2}
\]

lies in the plane containing $L_{1}$ and $L_{2}$, and passes through the point of intersection of $L_{1}$ and $L_{2}$. If the line $L$ bisects the acute angle between the lines $L_{1}$ and $L_{2}$, then which of the following statements is/are TRUE?",0.4,no,,,,,,,,,,,,,,,
112,JEE Adv 2020 Paper 1,MCQ(multiple),AB,"Let $L_{1}$ and $L_{2}$ be the following straight lines.

\[
L_{1}: \frac{x-1}{1}=\frac{y}{-1}=\frac{z-1}{3} \text { and } L_{2}: \frac{x-1}{-3}=\frac{y}{-1}=\frac{z-1}{1}
\]

Suppose the straight line

\[
L: \frac{x-\alpha}{l}=\frac{y-1}{m}=\frac{z-\gamma}{-2}
\]

lies in the plane containing $L_{1}$ and $L_{2}$, and passes through the point of intersection of $L_{1}$ and $L_{2}$. If the line $L$ bisects the acute angle between the lines $L_{1}$ and $L_{2}$, then which of the following statements is/are TRUE?",0.5,no,,,,,,,,,,,,,,,
113,JEE Adv 2020 Paper 1,MCQ(multiple),ABD,Which of the following inequalities is/are TRUE?,0.0,no,,,,,,,,,,,,,,,
113,JEE Adv 2020 Paper 1,MCQ(multiple),ABD,Which of the following inequalities is/are TRUE?,0.1,no,,,,,,,,,,,,,,,
113,JEE Adv 2020 Paper 1,MCQ(multiple),ABD,Which of the following inequalities is/are TRUE?,0.2,no,,,,,,,,,,,,,,,
113,JEE Adv 2020 Paper 1,MCQ(multiple),ABD,Which of the following inequalities is/are TRUE?,0.3,no,,,,,,,,,,,,,,,
113,JEE Adv 2020 Paper 1,MCQ(multiple),ABD,Which of the following inequalities is/are TRUE?,0.4,no,,,,,,,,,,,,,,,
113,JEE Adv 2020 Paper 1,MCQ(multiple),ABD,Which of the following inequalities is/are TRUE?,0.5,no,,,,,,,,,,,,,,,
114,JEE Adv 2020 Paper 1,Numeric,8,"Let $m$ be the minimum possible value of $\log _{3}\left(3^{y_{1}}+3^{y_{2}}+3^{y_{3}}\right)$, where $y_{1}, y_{2}, y_{3}$ are real numbers for which $y_{1}+y_{2}+y_{3}=9$. Let $M$ be the maximum possible value of $\left(\log _{3} x_{1}+\log _{3} x_{2}+\log _{3} x_{3}\right)$, where $x_{1}, x_{2}, x_{3}$ are positive real numbers for which $x_{1}+x_{2}+x_{3}=9$. Then what is the value of $\log _{2}\left(m^{3}\right)+\log _{3}\left(M^{2}\right)$?",0.0,no,,,,,,,,,,,,,,,
114,JEE Adv 2020 Paper 1,Numeric,8,"Let $m$ be the minimum possible value of $\log _{3}\left(3^{y_{1}}+3^{y_{2}}+3^{y_{3}}\right)$, where $y_{1}, y_{2}, y_{3}$ are real numbers for which $y_{1}+y_{2}+y_{3}=9$. Let $M$ be the maximum possible value of $\left(\log _{3} x_{1}+\log _{3} x_{2}+\log _{3} x_{3}\right)$, where $x_{1}, x_{2}, x_{3}$ are positive real numbers for which $x_{1}+x_{2}+x_{3}=9$. Then what is the value of $\log _{2}\left(m^{3}\right)+\log _{3}\left(M^{2}\right)$?",0.1,no,,,,,,,,,,,,,,,
114,JEE Adv 2020 Paper 1,Numeric,8,"Let $m$ be the minimum possible value of $\log _{3}\left(3^{y_{1}}+3^{y_{2}}+3^{y_{3}}\right)$, where $y_{1}, y_{2}, y_{3}$ are real numbers for which $y_{1}+y_{2}+y_{3}=9$. Let $M$ be the maximum possible value of $\left(\log _{3} x_{1}+\log _{3} x_{2}+\log _{3} x_{3}\right)$, where $x_{1}, x_{2}, x_{3}$ are positive real numbers for which $x_{1}+x_{2}+x_{3}=9$. Then what is the value of $\log _{2}\left(m^{3}\right)+\log _{3}\left(M^{2}\right)$?",0.2,no,,,,,,,,,,,,,,,
114,JEE Adv 2020 Paper 1,Numeric,8,"Let $m$ be the minimum possible value of $\log _{3}\left(3^{y_{1}}+3^{y_{2}}+3^{y_{3}}\right)$, where $y_{1}, y_{2}, y_{3}$ are real numbers for which $y_{1}+y_{2}+y_{3}=9$. Let $M$ be the maximum possible value of $\left(\log _{3} x_{1}+\log _{3} x_{2}+\log _{3} x_{3}\right)$, where $x_{1}, x_{2}, x_{3}$ are positive real numbers for which $x_{1}+x_{2}+x_{3}=9$. Then what is the value of $\log _{2}\left(m^{3}\right)+\log _{3}\left(M^{2}\right)$?",0.3,no,,,,,,,,,,,,,,,
114,JEE Adv 2020 Paper 1,Numeric,8,"Let $m$ be the minimum possible value of $\log _{3}\left(3^{y_{1}}+3^{y_{2}}+3^{y_{3}}\right)$, where $y_{1}, y_{2}, y_{3}$ are real numbers for which $y_{1}+y_{2}+y_{3}=9$. Let $M$ be the maximum possible value of $\left(\log _{3} x_{1}+\log _{3} x_{2}+\log _{3} x_{3}\right)$, where $x_{1}, x_{2}, x_{3}$ are positive real numbers for which $x_{1}+x_{2}+x_{3}=9$. Then what is the value of $\log _{2}\left(m^{3}\right)+\log _{3}\left(M^{2}\right)$?",0.4,no,,,,,,,,,,,,,,,
114,JEE Adv 2020 Paper 1,Numeric,8,"Let $m$ be the minimum possible value of $\log _{3}\left(3^{y_{1}}+3^{y_{2}}+3^{y_{3}}\right)$, where $y_{1}, y_{2}, y_{3}$ are real numbers for which $y_{1}+y_{2}+y_{3}=9$. Let $M$ be the maximum possible value of $\left(\log _{3} x_{1}+\log _{3} x_{2}+\log _{3} x_{3}\right)$, where $x_{1}, x_{2}, x_{3}$ are positive real numbers for which $x_{1}+x_{2}+x_{3}=9$. Then what is the value of $\log _{2}\left(m^{3}\right)+\log _{3}\left(M^{2}\right)$?",0.5,no,,,,,,,,,,,,,,,
115,JEE Adv 2020 Paper 1,Numeric,1,"Let $a_{1}, a_{2}, a_{3}, \ldots$ be a sequence of positive integers in arithmetic progression with common difference 2. Also, let $b_{1}, b_{2}, b_{3}, \ldots$ be a sequence of positive integers in geometric progression with common ratio 2. If $a_{1}=b_{1}=c$, then what is the number of all possible values of $c$, for which the equality

\[
2\left(a_{1}+a_{2}+\cdots+a_{n}\right)=b_{1}+b_{2}+\cdots+b_{n}
\]

holds for some positive integer $n$?",0.0,no,,,,,,,,,,,,,,,
115,JEE Adv 2020 Paper 1,Numeric,1,"Let $a_{1}, a_{2}, a_{3}, \ldots$ be a sequence of positive integers in arithmetic progression with common difference 2. Also, let $b_{1}, b_{2}, b_{3}, \ldots$ be a sequence of positive integers in geometric progression with common ratio 2. If $a_{1}=b_{1}=c$, then what is the number of all possible values of $c$, for which the equality

\[
2\left(a_{1}+a_{2}+\cdots+a_{n}\right)=b_{1}+b_{2}+\cdots+b_{n}
\]

holds for some positive integer $n$?",0.1,no,,,,,,,,,,,,,,,
115,JEE Adv 2020 Paper 1,Numeric,1,"Let $a_{1}, a_{2}, a_{3}, \ldots$ be a sequence of positive integers in arithmetic progression with common difference 2. Also, let $b_{1}, b_{2}, b_{3}, \ldots$ be a sequence of positive integers in geometric progression with common ratio 2. If $a_{1}=b_{1}=c$, then what is the number of all possible values of $c$, for which the equality

\[
2\left(a_{1}+a_{2}+\cdots+a_{n}\right)=b_{1}+b_{2}+\cdots+b_{n}
\]

holds for some positive integer $n$?",0.2,no,,,,,,,,,,,,,,,
115,JEE Adv 2020 Paper 1,Numeric,1,"Let $a_{1}, a_{2}, a_{3}, \ldots$ be a sequence of positive integers in arithmetic progression with common difference 2. Also, let $b_{1}, b_{2}, b_{3}, \ldots$ be a sequence of positive integers in geometric progression with common ratio 2. If $a_{1}=b_{1}=c$, then what is the number of all possible values of $c$, for which the equality

\[
2\left(a_{1}+a_{2}+\cdots+a_{n}\right)=b_{1}+b_{2}+\cdots+b_{n}
\]

holds for some positive integer $n$?",0.3,no,,,,,,,,,,,,,,,
115,JEE Adv 2020 Paper 1,Numeric,1,"Let $a_{1}, a_{2}, a_{3}, \ldots$ be a sequence of positive integers in arithmetic progression with common difference 2. Also, let $b_{1}, b_{2}, b_{3}, \ldots$ be a sequence of positive integers in geometric progression with common ratio 2. If $a_{1}=b_{1}=c$, then what is the number of all possible values of $c$, for which the equality

\[
2\left(a_{1}+a_{2}+\cdots+a_{n}\right)=b_{1}+b_{2}+\cdots+b_{n}
\]

holds for some positive integer $n$?",0.4,no,,,,,,,,,,,,,,,
115,JEE Adv 2020 Paper 1,Numeric,1,"Let $a_{1}, a_{2}, a_{3}, \ldots$ be a sequence of positive integers in arithmetic progression with common difference 2. Also, let $b_{1}, b_{2}, b_{3}, \ldots$ be a sequence of positive integers in geometric progression with common ratio 2. If $a_{1}=b_{1}=c$, then what is the number of all possible values of $c$, for which the equality

\[
2\left(a_{1}+a_{2}+\cdots+a_{n}\right)=b_{1}+b_{2}+\cdots+b_{n}
\]

holds for some positive integer $n$?",0.5,no,,,,,,,,,,,,,,,
116,JEE Adv 2020 Paper 1,Numeric,1,"Let $f:[0,2] \rightarrow \mathbb{R}$ be the function defined by

\[
f(x)=(3-\sin (2 \pi x)) \sin \left(\pi x-\frac{\pi}{4}\right)-\sin \left(3 \pi x+\frac{\pi}{4}\right)
\]

If $\alpha, \beta \in[0,2]$ are such that $\{x \in[0,2]: f(x) \geq 0\}=[\alpha, \beta]$, then what is the value of $\beta-\alpha$?",0.0,no,,,,,,,,,,,,,,,
116,JEE Adv 2020 Paper 1,Numeric,1,"Let $f:[0,2] \rightarrow \mathbb{R}$ be the function defined by

\[
f(x)=(3-\sin (2 \pi x)) \sin \left(\pi x-\frac{\pi}{4}\right)-\sin \left(3 \pi x+\frac{\pi}{4}\right)
\]

If $\alpha, \beta \in[0,2]$ are such that $\{x \in[0,2]: f(x) \geq 0\}=[\alpha, \beta]$, then what is the value of $\beta-\alpha$?",0.1,no,,,,,,,,,,,,,,,
116,JEE Adv 2020 Paper 1,Numeric,1,"Let $f:[0,2] \rightarrow \mathbb{R}$ be the function defined by

\[
f(x)=(3-\sin (2 \pi x)) \sin \left(\pi x-\frac{\pi}{4}\right)-\sin \left(3 \pi x+\frac{\pi}{4}\right)
\]

If $\alpha, \beta \in[0,2]$ are such that $\{x \in[0,2]: f(x) \geq 0\}=[\alpha, \beta]$, then what is the value of $\beta-\alpha$?",0.2,no,,,,,,,,,,,,,,,
116,JEE Adv 2020 Paper 1,Numeric,1,"Let $f:[0,2] \rightarrow \mathbb{R}$ be the function defined by

\[
f(x)=(3-\sin (2 \pi x)) \sin \left(\pi x-\frac{\pi}{4}\right)-\sin \left(3 \pi x+\frac{\pi}{4}\right)
\]

If $\alpha, \beta \in[0,2]$ are such that $\{x \in[0,2]: f(x) \geq 0\}=[\alpha, \beta]$, then what is the value of $\beta-\alpha$?",0.3,no,,,,,,,,,,,,,,,
116,JEE Adv 2020 Paper 1,Numeric,1,"Let $f:[0,2] \rightarrow \mathbb{R}$ be the function defined by

\[
f(x)=(3-\sin (2 \pi x)) \sin \left(\pi x-\frac{\pi}{4}\right)-\sin \left(3 \pi x+\frac{\pi}{4}\right)
\]

If $\alpha, \beta \in[0,2]$ are such that $\{x \in[0,2]: f(x) \geq 0\}=[\alpha, \beta]$, then what is the value of $\beta-\alpha$?",0.4,no,,,,,,,,,,,,,,,
116,JEE Adv 2020 Paper 1,Numeric,1,"Let $f:[0,2] \rightarrow \mathbb{R}$ be the function defined by

\[
f(x)=(3-\sin (2 \pi x)) \sin \left(\pi x-\frac{\pi}{4}\right)-\sin \left(3 \pi x+\frac{\pi}{4}\right)
\]

If $\alpha, \beta \in[0,2]$ are such that $\{x \in[0,2]: f(x) \geq 0\}=[\alpha, \beta]$, then what is the value of $\beta-\alpha$?",0.5,no,,,,,,,,,,,,,,,
117,JEE Adv 2020 Paper 1,Numeric,108,"In a triangle $P Q R$, let $\vec{a}=\overrightarrow{Q R}, \vec{b}=\overrightarrow{R P}$ and $\vec{c}=\overrightarrow{P Q}$. If

\[
|\vec{a}|=3, \quad|\vec{b}|=4 \quad \text { and } \quad \frac{\vec{a} \cdot(\vec{c}-\vec{b})}{\vec{c} \cdot(\vec{a}-\vec{b})}=\frac{|\vec{a}|}{|\vec{a}|+|\vec{b}|},
\]

then what is the value of $|\vec{a} \times \vec{b}|^{2}$?",0.0,no,,,,,,,,,,,,,,,
117,JEE Adv 2020 Paper 1,Numeric,108,"In a triangle $P Q R$, let $\vec{a}=\overrightarrow{Q R}, \vec{b}=\overrightarrow{R P}$ and $\vec{c}=\overrightarrow{P Q}$. If

\[
|\vec{a}|=3, \quad|\vec{b}|=4 \quad \text { and } \quad \frac{\vec{a} \cdot(\vec{c}-\vec{b})}{\vec{c} \cdot(\vec{a}-\vec{b})}=\frac{|\vec{a}|}{|\vec{a}|+|\vec{b}|},
\]

then what is the value of $|\vec{a} \times \vec{b}|^{2}$?",0.1,no,,,,,,,,,,,,,,,
117,JEE Adv 2020 Paper 1,Numeric,108,"In a triangle $P Q R$, let $\vec{a}=\overrightarrow{Q R}, \vec{b}=\overrightarrow{R P}$ and $\vec{c}=\overrightarrow{P Q}$. If

\[
|\vec{a}|=3, \quad|\vec{b}|=4 \quad \text { and } \quad \frac{\vec{a} \cdot(\vec{c}-\vec{b})}{\vec{c} \cdot(\vec{a}-\vec{b})}=\frac{|\vec{a}|}{|\vec{a}|+|\vec{b}|},
\]

then what is the value of $|\vec{a} \times \vec{b}|^{2}$?",0.2,no,,,,,,,,,,,,,,,
117,JEE Adv 2020 Paper 1,Numeric,108,"In a triangle $P Q R$, let $\vec{a}=\overrightarrow{Q R}, \vec{b}=\overrightarrow{R P}$ and $\vec{c}=\overrightarrow{P Q}$. If

\[
|\vec{a}|=3, \quad|\vec{b}|=4 \quad \text { and } \quad \frac{\vec{a} \cdot(\vec{c}-\vec{b})}{\vec{c} \cdot(\vec{a}-\vec{b})}=\frac{|\vec{a}|}{|\vec{a}|+|\vec{b}|},
\]

then what is the value of $|\vec{a} \times \vec{b}|^{2}$?",0.3,no,,,,,,,,,,,,,,,
117,JEE Adv 2020 Paper 1,Numeric,108,"In a triangle $P Q R$, let $\vec{a}=\overrightarrow{Q R}, \vec{b}=\overrightarrow{R P}$ and $\vec{c}=\overrightarrow{P Q}$. If

\[
|\vec{a}|=3, \quad|\vec{b}|=4 \quad \text { and } \quad \frac{\vec{a} \cdot(\vec{c}-\vec{b})}{\vec{c} \cdot(\vec{a}-\vec{b})}=\frac{|\vec{a}|}{|\vec{a}|+|\vec{b}|},
\]

then what is the value of $|\vec{a} \times \vec{b}|^{2}$?",0.4,no,,,,,,,,,,,,,,,
117,JEE Adv 2020 Paper 1,Numeric,108,"In a triangle $P Q R$, let $\vec{a}=\overrightarrow{Q R}, \vec{b}=\overrightarrow{R P}$ and $\vec{c}=\overrightarrow{P Q}$. If

\[
|\vec{a}|=3, \quad|\vec{b}|=4 \quad \text { and } \quad \frac{\vec{a} \cdot(\vec{c}-\vec{b})}{\vec{c} \cdot(\vec{a}-\vec{b})}=\frac{|\vec{a}|}{|\vec{a}|+|\vec{b}|},
\]

then what is the value of $|\vec{a} \times \vec{b}|^{2}$?",0.5,no,,,,,,,,,,,,,,,
118,JEE Adv 2020 Paper 1,Numeric,3,"For a polynomial $g(x)$ with real coefficients, let $m_{g}$ denote the number of distinct real roots of $g(x)$. Suppose $S$ is the set of polynomials with real coefficients defined by

\[
S=\left\{\left(x^{2}-1\right)^{2}\left(a_{0}+a_{1} x+a_{2} x^{2}+a_{3} x^{3}\right): a_{0}, a_{1}, a_{2}, a_{3} \in \mathbb{R}\right\}
\]

For a polynomial $f$, let $f^{\prime}$ and $f^{\prime \prime}$ denote its first and second order derivatives, respectively. Then what is the minimum possible value of $\left(m_{f^{\prime}}+m_{f^{\prime \prime}}\right)$, where $f \in S$?",0.0,no,,,,,,,,,,,,,,,
118,JEE Adv 2020 Paper 1,Numeric,3,"For a polynomial $g(x)$ with real coefficients, let $m_{g}$ denote the number of distinct real roots of $g(x)$. Suppose $S$ is the set of polynomials with real coefficients defined by

\[
S=\left\{\left(x^{2}-1\right)^{2}\left(a_{0}+a_{1} x+a_{2} x^{2}+a_{3} x^{3}\right): a_{0}, a_{1}, a_{2}, a_{3} \in \mathbb{R}\right\}
\]

For a polynomial $f$, let $f^{\prime}$ and $f^{\prime \prime}$ denote its first and second order derivatives, respectively. Then what is the minimum possible value of $\left(m_{f^{\prime}}+m_{f^{\prime \prime}}\right)$, where $f \in S$?",0.1,no,,,,,,,,,,,,,,,
118,JEE Adv 2020 Paper 1,Numeric,3,"For a polynomial $g(x)$ with real coefficients, let $m_{g}$ denote the number of distinct real roots of $g(x)$. Suppose $S$ is the set of polynomials with real coefficients defined by

\[
S=\left\{\left(x^{2}-1\right)^{2}\left(a_{0}+a_{1} x+a_{2} x^{2}+a_{3} x^{3}\right): a_{0}, a_{1}, a_{2}, a_{3} \in \mathbb{R}\right\}
\]

For a polynomial $f$, let $f^{\prime}$ and $f^{\prime \prime}$ denote its first and second order derivatives, respectively. Then what is the minimum possible value of $\left(m_{f^{\prime}}+m_{f^{\prime \prime}}\right)$, where $f \in S$?",0.2,no,,,,,,,,,,,,,,,
118,JEE Adv 2020 Paper 1,Numeric,3,"For a polynomial $g(x)$ with real coefficients, let $m_{g}$ denote the number of distinct real roots of $g(x)$. Suppose $S$ is the set of polynomials with real coefficients defined by

\[
S=\left\{\left(x^{2}-1\right)^{2}\left(a_{0}+a_{1} x+a_{2} x^{2}+a_{3} x^{3}\right): a_{0}, a_{1}, a_{2}, a_{3} \in \mathbb{R}\right\}
\]

For a polynomial $f$, let $f^{\prime}$ and $f^{\prime \prime}$ denote its first and second order derivatives, respectively. Then what is the minimum possible value of $\left(m_{f^{\prime}}+m_{f^{\prime \prime}}\right)$, where $f \in S$?",0.3,no,,,,,,,,,,,,,,,
118,JEE Adv 2020 Paper 1,Numeric,3,"For a polynomial $g(x)$ with real coefficients, let $m_{g}$ denote the number of distinct real roots of $g(x)$. Suppose $S$ is the set of polynomials with real coefficients defined by

\[
S=\left\{\left(x^{2}-1\right)^{2}\left(a_{0}+a_{1} x+a_{2} x^{2}+a_{3} x^{3}\right): a_{0}, a_{1}, a_{2}, a_{3} \in \mathbb{R}\right\}
\]

For a polynomial $f$, let $f^{\prime}$ and $f^{\prime \prime}$ denote its first and second order derivatives, respectively. Then what is the minimum possible value of $\left(m_{f^{\prime}}+m_{f^{\prime \prime}}\right)$, where $f \in S$?",0.4,no,,,,,,,,,,,,,,,
118,JEE Adv 2020 Paper 1,Numeric,3,"For a polynomial $g(x)$ with real coefficients, let $m_{g}$ denote the number of distinct real roots of $g(x)$. Suppose $S$ is the set of polynomials with real coefficients defined by

\[
S=\left\{\left(x^{2}-1\right)^{2}\left(a_{0}+a_{1} x+a_{2} x^{2}+a_{3} x^{3}\right): a_{0}, a_{1}, a_{2}, a_{3} \in \mathbb{R}\right\}
\]

For a polynomial $f$, let $f^{\prime}$ and $f^{\prime \prime}$ denote its first and second order derivatives, respectively. Then what is the minimum possible value of $\left(m_{f^{\prime}}+m_{f^{\prime \prime}}\right)$, where $f \in S$?",0.5,no,,,,,,,,,,,,,,,
119,JEE Adv 2020 Paper 1,Numeric,1,"Let $e$ denote the base of the natural logarithm. What is the value of the real number $a$ for which the right hand limit

\[
\lim _{x \rightarrow 0^{+}} \frac{(1-x)^{\frac{1}{x}}-e^{-1}}{x^{a}}
\]

is equal to a nonzero real number?",0.0,no,,,,,,,,,,,,,,,
119,JEE Adv 2020 Paper 1,Numeric,1,"Let $e$ denote the base of the natural logarithm. What is the value of the real number $a$ for which the right hand limit

\[
\lim _{x \rightarrow 0^{+}} \frac{(1-x)^{\frac{1}{x}}-e^{-1}}{x^{a}}
\]

is equal to a nonzero real number?",0.1,no,,,,,,,,,,,,,,,
119,JEE Adv 2020 Paper 1,Numeric,1,"Let $e$ denote the base of the natural logarithm. What is the value of the real number $a$ for which the right hand limit

\[
\lim _{x \rightarrow 0^{+}} \frac{(1-x)^{\frac{1}{x}}-e^{-1}}{x^{a}}
\]

is equal to a nonzero real number?",0.2,no,,,,,,,,,,,,,,,
119,JEE Adv 2020 Paper 1,Numeric,1,"Let $e$ denote the base of the natural logarithm. What is the value of the real number $a$ for which the right hand limit

\[
\lim _{x \rightarrow 0^{+}} \frac{(1-x)^{\frac{1}{x}}-e^{-1}}{x^{a}}
\]

is equal to a nonzero real number?",0.3,no,,,,,,,,,,,,,,,
119,JEE Adv 2020 Paper 1,Numeric,1,"Let $e$ denote the base of the natural logarithm. What is the value of the real number $a$ for which the right hand limit

\[
\lim _{x \rightarrow 0^{+}} \frac{(1-x)^{\frac{1}{x}}-e^{-1}}{x^{a}}
\]

is equal to a nonzero real number?",0.4,no,,,,,,,,,,,,,,,
119,JEE Adv 2020 Paper 1,Numeric,1,"Let $e$ denote the base of the natural logarithm. What is the value of the real number $a$ for which the right hand limit

\[
\lim _{x \rightarrow 0^{+}} \frac{(1-x)^{\frac{1}{x}}-e^{-1}}{x^{a}}
\]

is equal to a nonzero real number?",0.5,no,,,,,,,,,,,,,,,
120,JEE Adv 2020 Paper 2,Integer,8,"For a complex number $z$, let $\operatorname{Re}(z)$ denote the real part of $z$. Let $S$ be the set of all complex numbers $z$ satisfying $z^{4}-|z|^{4}=4 i z^{2}$, where $i=\sqrt{-1}$. Then what is the minimum possible value of $\left|z_{1}-z_{2}\right|^{2}$, where $z_{1}, z_{2} \in S$ with $\operatorname{Re}\left(z_{1}\right)>0$ and $\operatorname{Re}\left(z_{2}\right)<0$?",0.0,no,,,,,,,,,,,,,,,
120,JEE Adv 2020 Paper 2,Integer,8,"For a complex number $z$, let $\operatorname{Re}(z)$ denote the real part of $z$. Let $S$ be the set of all complex numbers $z$ satisfying $z^{4}-|z|^{4}=4 i z^{2}$, where $i=\sqrt{-1}$. Then what is the minimum possible value of $\left|z_{1}-z_{2}\right|^{2}$, where $z_{1}, z_{2} \in S$ with $\operatorname{Re}\left(z_{1}\right)>0$ and $\operatorname{Re}\left(z_{2}\right)<0$?",0.1,no,,,,,,,,,,,,,,,
120,JEE Adv 2020 Paper 2,Integer,8,"For a complex number $z$, let $\operatorname{Re}(z)$ denote the real part of $z$. Let $S$ be the set of all complex numbers $z$ satisfying $z^{4}-|z|^{4}=4 i z^{2}$, where $i=\sqrt{-1}$. Then what is the minimum possible value of $\left|z_{1}-z_{2}\right|^{2}$, where $z_{1}, z_{2} \in S$ with $\operatorname{Re}\left(z_{1}\right)>0$ and $\operatorname{Re}\left(z_{2}\right)<0$?",0.2,no,,,,,,,,,,,,,,,
120,JEE Adv 2020 Paper 2,Integer,8,"For a complex number $z$, let $\operatorname{Re}(z)$ denote the real part of $z$. Let $S$ be the set of all complex numbers $z$ satisfying $z^{4}-|z|^{4}=4 i z^{2}$, where $i=\sqrt{-1}$. Then what is the minimum possible value of $\left|z_{1}-z_{2}\right|^{2}$, where $z_{1}, z_{2} \in S$ with $\operatorname{Re}\left(z_{1}\right)>0$ and $\operatorname{Re}\left(z_{2}\right)<0$?",0.3,no,,,,,,,,,,,,,,,
120,JEE Adv 2020 Paper 2,Integer,8,"For a complex number $z$, let $\operatorname{Re}(z)$ denote the real part of $z$. Let $S$ be the set of all complex numbers $z$ satisfying $z^{4}-|z|^{4}=4 i z^{2}$, where $i=\sqrt{-1}$. Then what is the minimum possible value of $\left|z_{1}-z_{2}\right|^{2}$, where $z_{1}, z_{2} \in S$ with $\operatorname{Re}\left(z_{1}\right)>0$ and $\operatorname{Re}\left(z_{2}\right)<0$?",0.4,no,,,,,,,,,,,,,,,
120,JEE Adv 2020 Paper 2,Integer,8,"For a complex number $z$, let $\operatorname{Re}(z)$ denote the real part of $z$. Let $S$ be the set of all complex numbers $z$ satisfying $z^{4}-|z|^{4}=4 i z^{2}$, where $i=\sqrt{-1}$. Then what is the minimum possible value of $\left|z_{1}-z_{2}\right|^{2}$, where $z_{1}, z_{2} \in S$ with $\operatorname{Re}\left(z_{1}\right)>0$ and $\operatorname{Re}\left(z_{2}\right)<0$?",0.5,no,,,,,,,,,,,,,,,
121,JEE Adv 2020 Paper 2,Integer,6,"The probability that a missile hits a target successfully is 0.75 . In order to destroy the target completely, at least three successful hits are required. Then what is the minimum number of missiles that have to be fired so that the probability of completely destroying the target is NOT less than 0.95?",0.0,no,,,,,,,,,,,,,,,
121,JEE Adv 2020 Paper 2,Integer,6,"The probability that a missile hits a target successfully is 0.75 . In order to destroy the target completely, at least three successful hits are required. Then what is the minimum number of missiles that have to be fired so that the probability of completely destroying the target is NOT less than 0.95?",0.1,no,,,,,,,,,,,,,,,
121,JEE Adv 2020 Paper 2,Integer,6,"The probability that a missile hits a target successfully is 0.75 . In order to destroy the target completely, at least three successful hits are required. Then what is the minimum number of missiles that have to be fired so that the probability of completely destroying the target is NOT less than 0.95?",0.2,no,,,,,,,,,,,,,,,
121,JEE Adv 2020 Paper 2,Integer,6,"The probability that a missile hits a target successfully is 0.75 . In order to destroy the target completely, at least three successful hits are required. Then what is the minimum number of missiles that have to be fired so that the probability of completely destroying the target is NOT less than 0.95?",0.3,no,,,,,,,,,,,,,,,
121,JEE Adv 2020 Paper 2,Integer,6,"The probability that a missile hits a target successfully is 0.75 . In order to destroy the target completely, at least three successful hits are required. Then what is the minimum number of missiles that have to be fired so that the probability of completely destroying the target is NOT less than 0.95?",0.4,no,,,,,,,,,,,,,,,
121,JEE Adv 2020 Paper 2,Integer,6,"The probability that a missile hits a target successfully is 0.75 . In order to destroy the target completely, at least three successful hits are required. Then what is the minimum number of missiles that have to be fired so that the probability of completely destroying the target is NOT less than 0.95?",0.5,no,,,,,,,,,,,,,,,
122,JEE Adv 2020 Paper 2,Integer,2,"Let $O$ be the centre of the circle $x^{2}+y^{2}=r^{2}$, where $r>\frac{\sqrt{5}}{2}$. Suppose $P Q$ is a chord of this circle and the equation of the line passing through $P$ and $Q$ is $2 x+4 y=5$. If the centre of the circumcircle of the triangle $O P Q$ lies on the line $x+2 y=4$, then what is the value of $r$?",0.0,no,,,,,,,,,,,,,,,
122,JEE Adv 2020 Paper 2,Integer,2,"Let $O$ be the centre of the circle $x^{2}+y^{2}=r^{2}$, where $r>\frac{\sqrt{5}}{2}$. Suppose $P Q$ is a chord of this circle and the equation of the line passing through $P$ and $Q$ is $2 x+4 y=5$. If the centre of the circumcircle of the triangle $O P Q$ lies on the line $x+2 y=4$, then what is the value of $r$?",0.1,no,,,,,,,,,,,,,,,
122,JEE Adv 2020 Paper 2,Integer,2,"Let $O$ be the centre of the circle $x^{2}+y^{2}=r^{2}$, where $r>\frac{\sqrt{5}}{2}$. Suppose $P Q$ is a chord of this circle and the equation of the line passing through $P$ and $Q$ is $2 x+4 y=5$. If the centre of the circumcircle of the triangle $O P Q$ lies on the line $x+2 y=4$, then what is the value of $r$?",0.2,no,,,,,,,,,,,,,,,
122,JEE Adv 2020 Paper 2,Integer,2,"Let $O$ be the centre of the circle $x^{2}+y^{2}=r^{2}$, where $r>\frac{\sqrt{5}}{2}$. Suppose $P Q$ is a chord of this circle and the equation of the line passing through $P$ and $Q$ is $2 x+4 y=5$. If the centre of the circumcircle of the triangle $O P Q$ lies on the line $x+2 y=4$, then what is the value of $r$?",0.3,no,,,,,,,,,,,,,,,
122,JEE Adv 2020 Paper 2,Integer,2,"Let $O$ be the centre of the circle $x^{2}+y^{2}=r^{2}$, where $r>\frac{\sqrt{5}}{2}$. Suppose $P Q$ is a chord of this circle and the equation of the line passing through $P$ and $Q$ is $2 x+4 y=5$. If the centre of the circumcircle of the triangle $O P Q$ lies on the line $x+2 y=4$, then what is the value of $r$?",0.4,no,,,,,,,,,,,,,,,
122,JEE Adv 2020 Paper 2,Integer,2,"Let $O$ be the centre of the circle $x^{2}+y^{2}=r^{2}$, where $r>\frac{\sqrt{5}}{2}$. Suppose $P Q$ is a chord of this circle and the equation of the line passing through $P$ and $Q$ is $2 x+4 y=5$. If the centre of the circumcircle of the triangle $O P Q$ lies on the line $x+2 y=4$, then what is the value of $r$?",0.5,no,,,,,,,,,,,,,,,
123,JEE Adv 2020 Paper 2,Integer,5,"The trace of a square matrix is defined to be the sum of its diagonal entries. If $A$ is a $2 \times 2$ matrix such that the trace of $A$ is 3 and the trace of $A^{3}$ is -18 , then what is the value of the determinant of $A$?",0.0,no,,,,,,,,,,,,,,,
123,JEE Adv 2020 Paper 2,Integer,5,"The trace of a square matrix is defined to be the sum of its diagonal entries. If $A$ is a $2 \times 2$ matrix such that the trace of $A$ is 3 and the trace of $A^{3}$ is -18 , then what is the value of the determinant of $A$?",0.1,no,,,,,,,,,,,,,,,
123,JEE Adv 2020 Paper 2,Integer,5,"The trace of a square matrix is defined to be the sum of its diagonal entries. If $A$ is a $2 \times 2$ matrix such that the trace of $A$ is 3 and the trace of $A^{3}$ is -18 , then what is the value of the determinant of $A$?",0.2,no,,,,,,,,,,,,,,,
123,JEE Adv 2020 Paper 2,Integer,5,"The trace of a square matrix is defined to be the sum of its diagonal entries. If $A$ is a $2 \times 2$ matrix such that the trace of $A$ is 3 and the trace of $A^{3}$ is -18 , then what is the value of the determinant of $A$?",0.3,no,,,,,,,,,,,,,,,
123,JEE Adv 2020 Paper 2,Integer,5,"The trace of a square matrix is defined to be the sum of its diagonal entries. If $A$ is a $2 \times 2$ matrix such that the trace of $A$ is 3 and the trace of $A^{3}$ is -18 , then what is the value of the determinant of $A$?",0.4,no,,,,,,,,,,,,,,,
123,JEE Adv 2020 Paper 2,Integer,5,"The trace of a square matrix is defined to be the sum of its diagonal entries. If $A$ is a $2 \times 2$ matrix such that the trace of $A$ is 3 and the trace of $A^{3}$ is -18 , then what is the value of the determinant of $A$?",0.5,no,,,,,,,,,,,,,,,
124,JEE Adv 2020 Paper 2,Integer,4,"Let the functions $f:(-1,1) \rightarrow \mathbb{R}$ and $g:(-1,1) \rightarrow(-1,1)$ be defined by

\[
f(x)=|2 x-1|+|2 x+1| \text { and } g(x)=x-[x] .
\]

where $[x]$ denotes the greatest integer less than or equal to $x$. Let $f \circ g:(-1,1) \rightarrow \mathbb{R}$ be the composite function defined by $(f \circ g)(x)=f(g(x))$. Suppose $c$ is the number of points in the interval $(-1,1)$ at which $f \circ g$ is NOT continuous, and suppose $d$ is the number of points in the interval $(-1,1)$ at which $f \circ g$ is NOT differentiable. Then what is the value of $c+d$?",0.0,no,,,,,,,,,,,,,,,
124,JEE Adv 2020 Paper 2,Integer,4,"Let the functions $f:(-1,1) \rightarrow \mathbb{R}$ and $g:(-1,1) \rightarrow(-1,1)$ be defined by

\[
f(x)=|2 x-1|+|2 x+1| \text { and } g(x)=x-[x] .
\]

where $[x]$ denotes the greatest integer less than or equal to $x$. Let $f \circ g:(-1,1) \rightarrow \mathbb{R}$ be the composite function defined by $(f \circ g)(x)=f(g(x))$. Suppose $c$ is the number of points in the interval $(-1,1)$ at which $f \circ g$ is NOT continuous, and suppose $d$ is the number of points in the interval $(-1,1)$ at which $f \circ g$ is NOT differentiable. Then what is the value of $c+d$?",0.1,no,,,,,,,,,,,,,,,
124,JEE Adv 2020 Paper 2,Integer,4,"Let the functions $f:(-1,1) \rightarrow \mathbb{R}$ and $g:(-1,1) \rightarrow(-1,1)$ be defined by

\[
f(x)=|2 x-1|+|2 x+1| \text { and } g(x)=x-[x] .
\]

where $[x]$ denotes the greatest integer less than or equal to $x$. Let $f \circ g:(-1,1) \rightarrow \mathbb{R}$ be the composite function defined by $(f \circ g)(x)=f(g(x))$. Suppose $c$ is the number of points in the interval $(-1,1)$ at which $f \circ g$ is NOT continuous, and suppose $d$ is the number of points in the interval $(-1,1)$ at which $f \circ g$ is NOT differentiable. Then what is the value of $c+d$?",0.2,no,,,,,,,,,,,,,,,
124,JEE Adv 2020 Paper 2,Integer,4,"Let the functions $f:(-1,1) \rightarrow \mathbb{R}$ and $g:(-1,1) \rightarrow(-1,1)$ be defined by

\[
f(x)=|2 x-1|+|2 x+1| \text { and } g(x)=x-[x] .
\]

where $[x]$ denotes the greatest integer less than or equal to $x$. Let $f \circ g:(-1,1) \rightarrow \mathbb{R}$ be the composite function defined by $(f \circ g)(x)=f(g(x))$. Suppose $c$ is the number of points in the interval $(-1,1)$ at which $f \circ g$ is NOT continuous, and suppose $d$ is the number of points in the interval $(-1,1)$ at which $f \circ g$ is NOT differentiable. Then what is the value of $c+d$?",0.3,no,,,,,,,,,,,,,,,
124,JEE Adv 2020 Paper 2,Integer,4,"Let the functions $f:(-1,1) \rightarrow \mathbb{R}$ and $g:(-1,1) \rightarrow(-1,1)$ be defined by

\[
f(x)=|2 x-1|+|2 x+1| \text { and } g(x)=x-[x] .
\]

where $[x]$ denotes the greatest integer less than or equal to $x$. Let $f \circ g:(-1,1) \rightarrow \mathbb{R}$ be the composite function defined by $(f \circ g)(x)=f(g(x))$. Suppose $c$ is the number of points in the interval $(-1,1)$ at which $f \circ g$ is NOT continuous, and suppose $d$ is the number of points in the interval $(-1,1)$ at which $f \circ g$ is NOT differentiable. Then what is the value of $c+d$?",0.4,no,,,,,,,,,,,,,,,
124,JEE Adv 2020 Paper 2,Integer,4,"Let the functions $f:(-1,1) \rightarrow \mathbb{R}$ and $g:(-1,1) \rightarrow(-1,1)$ be defined by

\[
f(x)=|2 x-1|+|2 x+1| \text { and } g(x)=x-[x] .
\]

where $[x]$ denotes the greatest integer less than or equal to $x$. Let $f \circ g:(-1,1) \rightarrow \mathbb{R}$ be the composite function defined by $(f \circ g)(x)=f(g(x))$. Suppose $c$ is the number of points in the interval $(-1,1)$ at which $f \circ g$ is NOT continuous, and suppose $d$ is the number of points in the interval $(-1,1)$ at which $f \circ g$ is NOT differentiable. Then what is the value of $c+d$?",0.5,no,,,,,,,,,,,,,,,
125,JEE Adv 2020 Paper 2,Integer,8,"What is the value of the limit

\[
\lim _{x \rightarrow \frac{\pi}{2}} \frac{4 \sqrt{2}(\sin 3 x+\sin x)}{\left(2 \sin 2 x \sin \frac{3 x}{2}+\cos \frac{5 x}{2}\right)-\left(\sqrt{2}+\sqrt{2} \cos 2 x+\cos \frac{3 x}{2}\right)}
\]?",0.0,no,,,,,,,,,,,,,,,
125,JEE Adv 2020 Paper 2,Integer,8,"What is the value of the limit

\[
\lim _{x \rightarrow \frac{\pi}{2}} \frac{4 \sqrt{2}(\sin 3 x+\sin x)}{\left(2 \sin 2 x \sin \frac{3 x}{2}+\cos \frac{5 x}{2}\right)-\left(\sqrt{2}+\sqrt{2} \cos 2 x+\cos \frac{3 x}{2}\right)}
\]?",0.1,no,,,,,,,,,,,,,,,
125,JEE Adv 2020 Paper 2,Integer,8,"What is the value of the limit

\[
\lim _{x \rightarrow \frac{\pi}{2}} \frac{4 \sqrt{2}(\sin 3 x+\sin x)}{\left(2 \sin 2 x \sin \frac{3 x}{2}+\cos \frac{5 x}{2}\right)-\left(\sqrt{2}+\sqrt{2} \cos 2 x+\cos \frac{3 x}{2}\right)}
\]?",0.2,no,,,,,,,,,,,,,,,
125,JEE Adv 2020 Paper 2,Integer,8,"What is the value of the limit

\[
\lim _{x \rightarrow \frac{\pi}{2}} \frac{4 \sqrt{2}(\sin 3 x+\sin x)}{\left(2 \sin 2 x \sin \frac{3 x}{2}+\cos \frac{5 x}{2}\right)-\left(\sqrt{2}+\sqrt{2} \cos 2 x+\cos \frac{3 x}{2}\right)}
\]?",0.3,no,,,,,,,,,,,,,,,
125,JEE Adv 2020 Paper 2,Integer,8,"What is the value of the limit

\[
\lim _{x \rightarrow \frac{\pi}{2}} \frac{4 \sqrt{2}(\sin 3 x+\sin x)}{\left(2 \sin 2 x \sin \frac{3 x}{2}+\cos \frac{5 x}{2}\right)-\left(\sqrt{2}+\sqrt{2} \cos 2 x+\cos \frac{3 x}{2}\right)}
\]?",0.4,no,,,,,,,,,,,,,,,
125,JEE Adv 2020 Paper 2,Integer,8,"What is the value of the limit

\[
\lim _{x \rightarrow \frac{\pi}{2}} \frac{4 \sqrt{2}(\sin 3 x+\sin x)}{\left(2 \sin 2 x \sin \frac{3 x}{2}+\cos \frac{5 x}{2}\right)-\left(\sqrt{2}+\sqrt{2} \cos 2 x+\cos \frac{3 x}{2}\right)}
\]?",0.5,no,,,,,,,,,,,,,,,
126,JEE Adv 2020 Paper 2,MCQ(multiple),AC,"Let $b$ be a nonzero real number. Suppose $f: \mathbb{R} \rightarrow \mathbb{R}$ is a differentiable function such that $f(0)=1$. If the derivative $f^{\prime}$ of $f$ satisfies the equation

\[
f^{\prime}(x)=\frac{f(x)}{b^{2}+x^{2}}
\]

for all $x \in \mathbb{R}$, then which of the following statements is/are TRUE?",0.0,no,,,,,,,,,,,,,,,
126,JEE Adv 2020 Paper 2,MCQ(multiple),AC,"Let $b$ be a nonzero real number. Suppose $f: \mathbb{R} \rightarrow \mathbb{R}$ is a differentiable function such that $f(0)=1$. If the derivative $f^{\prime}$ of $f$ satisfies the equation

\[
f^{\prime}(x)=\frac{f(x)}{b^{2}+x^{2}}
\]

for all $x \in \mathbb{R}$, then which of the following statements is/are TRUE?",0.1,no,,,,,,,,,,,,,,,
126,JEE Adv 2020 Paper 2,MCQ(multiple),AC,"Let $b$ be a nonzero real number. Suppose $f: \mathbb{R} \rightarrow \mathbb{R}$ is a differentiable function such that $f(0)=1$. If the derivative $f^{\prime}$ of $f$ satisfies the equation

\[
f^{\prime}(x)=\frac{f(x)}{b^{2}+x^{2}}
\]

for all $x \in \mathbb{R}$, then which of the following statements is/are TRUE?",0.2,no,,,,,,,,,,,,,,,
126,JEE Adv 2020 Paper 2,MCQ(multiple),AC,"Let $b$ be a nonzero real number. Suppose $f: \mathbb{R} \rightarrow \mathbb{R}$ is a differentiable function such that $f(0)=1$. If the derivative $f^{\prime}$ of $f$ satisfies the equation

\[
f^{\prime}(x)=\frac{f(x)}{b^{2}+x^{2}}
\]

for all $x \in \mathbb{R}$, then which of the following statements is/are TRUE?",0.3,no,,,,,,,,,,,,,,,
126,JEE Adv 2020 Paper 2,MCQ(multiple),AC,"Let $b$ be a nonzero real number. Suppose $f: \mathbb{R} \rightarrow \mathbb{R}$ is a differentiable function such that $f(0)=1$. If the derivative $f^{\prime}$ of $f$ satisfies the equation

\[
f^{\prime}(x)=\frac{f(x)}{b^{2}+x^{2}}
\]

for all $x \in \mathbb{R}$, then which of the following statements is/are TRUE?",0.4,no,,,,,,,,,,,,,,,
126,JEE Adv 2020 Paper 2,MCQ(multiple),AC,"Let $b$ be a nonzero real number. Suppose $f: \mathbb{R} \rightarrow \mathbb{R}$ is a differentiable function such that $f(0)=1$. If the derivative $f^{\prime}$ of $f$ satisfies the equation

\[
f^{\prime}(x)=\frac{f(x)}{b^{2}+x^{2}}
\]

for all $x \in \mathbb{R}$, then which of the following statements is/are TRUE?",0.5,no,,,,,,,,,,,,,,,
127,JEE Adv 2020 Paper 2,MCQ(multiple),AD,"Let $a$ and $b$ be positive real numbers such that $a>1$ and $b<a$. Let $P$ be a point in the first quadrant that lies on the hyperbola $\frac{x^{2}}{a^{2}}-\frac{y^{2}}{b^{2}}=1$. Suppose the tangent to the hyperbola at $P$ passes through the point $(1,0)$, and suppose the normal to the hyperbola at $P$ cuts off equal intercepts on the coordinate axes. Let $\Delta$ denote the area of the triangle formed by the tangent at $P$, the normal at $P$ and the $x$-axis. If $e$ denotes the eccentricity of the hyperbola, then which of the following statements is/are TRUE?",0.0,no,,,,,,,,,,,,,,,
127,JEE Adv 2020 Paper 2,MCQ(multiple),AD,"Let $a$ and $b$ be positive real numbers such that $a>1$ and $b<a$. Let $P$ be a point in the first quadrant that lies on the hyperbola $\frac{x^{2}}{a^{2}}-\frac{y^{2}}{b^{2}}=1$. Suppose the tangent to the hyperbola at $P$ passes through the point $(1,0)$, and suppose the normal to the hyperbola at $P$ cuts off equal intercepts on the coordinate axes. Let $\Delta$ denote the area of the triangle formed by the tangent at $P$, the normal at $P$ and the $x$-axis. If $e$ denotes the eccentricity of the hyperbola, then which of the following statements is/are TRUE?",0.1,no,,,,,,,,,,,,,,,
127,JEE Adv 2020 Paper 2,MCQ(multiple),AD,"Let $a$ and $b$ be positive real numbers such that $a>1$ and $b<a$. Let $P$ be a point in the first quadrant that lies on the hyperbola $\frac{x^{2}}{a^{2}}-\frac{y^{2}}{b^{2}}=1$. Suppose the tangent to the hyperbola at $P$ passes through the point $(1,0)$, and suppose the normal to the hyperbola at $P$ cuts off equal intercepts on the coordinate axes. Let $\Delta$ denote the area of the triangle formed by the tangent at $P$, the normal at $P$ and the $x$-axis. If $e$ denotes the eccentricity of the hyperbola, then which of the following statements is/are TRUE?",0.2,no,,,,,,,,,,,,,,,
127,JEE Adv 2020 Paper 2,MCQ(multiple),AD,"Let $a$ and $b$ be positive real numbers such that $a>1$ and $b<a$. Let $P$ be a point in the first quadrant that lies on the hyperbola $\frac{x^{2}}{a^{2}}-\frac{y^{2}}{b^{2}}=1$. Suppose the tangent to the hyperbola at $P$ passes through the point $(1,0)$, and suppose the normal to the hyperbola at $P$ cuts off equal intercepts on the coordinate axes. Let $\Delta$ denote the area of the triangle formed by the tangent at $P$, the normal at $P$ and the $x$-axis. If $e$ denotes the eccentricity of the hyperbola, then which of the following statements is/are TRUE?",0.3,no,,,,,,,,,,,,,,,
127,JEE Adv 2020 Paper 2,MCQ(multiple),AD,"Let $a$ and $b$ be positive real numbers such that $a>1$ and $b<a$. Let $P$ be a point in the first quadrant that lies on the hyperbola $\frac{x^{2}}{a^{2}}-\frac{y^{2}}{b^{2}}=1$. Suppose the tangent to the hyperbola at $P$ passes through the point $(1,0)$, and suppose the normal to the hyperbola at $P$ cuts off equal intercepts on the coordinate axes. Let $\Delta$ denote the area of the triangle formed by the tangent at $P$, the normal at $P$ and the $x$-axis. If $e$ denotes the eccentricity of the hyperbola, then which of the following statements is/are TRUE?",0.4,no,,,,,,,,,,,,,,,
127,JEE Adv 2020 Paper 2,MCQ(multiple),AD,"Let $a$ and $b$ be positive real numbers such that $a>1$ and $b<a$. Let $P$ be a point in the first quadrant that lies on the hyperbola $\frac{x^{2}}{a^{2}}-\frac{y^{2}}{b^{2}}=1$. Suppose the tangent to the hyperbola at $P$ passes through the point $(1,0)$, and suppose the normal to the hyperbola at $P$ cuts off equal intercepts on the coordinate axes. Let $\Delta$ denote the area of the triangle formed by the tangent at $P$, the normal at $P$ and the $x$-axis. If $e$ denotes the eccentricity of the hyperbola, then which of the following statements is/are TRUE?",0.5,no,,,,,,,,,,,,,,,
128,JEE Adv 2020 Paper 2,MCQ(multiple),ABD,"Let $\boldsymbol{f}: \mathbb{R} \rightarrow \mathbb{R}$ and $\boldsymbol{g}: \mathbb{R} \rightarrow \mathbb{R}$ be functions satisfying

\[
f(x+y)=f(x)+f(y)+f(x) f(y) \text { and } f(x)=x g(x)
\]

for all $x, y \in \mathbb{R}$. If $\lim _{x \rightarrow 0} g(x)=1$, then which of the following statements is/are TRUE?",0.0,no,,,,,,,,,,,,,,,
128,JEE Adv 2020 Paper 2,MCQ(multiple),ABD,"Let $\boldsymbol{f}: \mathbb{R} \rightarrow \mathbb{R}$ and $\boldsymbol{g}: \mathbb{R} \rightarrow \mathbb{R}$ be functions satisfying

\[
f(x+y)=f(x)+f(y)+f(x) f(y) \text { and } f(x)=x g(x)
\]

for all $x, y \in \mathbb{R}$. If $\lim _{x \rightarrow 0} g(x)=1$, then which of the following statements is/are TRUE?",0.1,no,,,,,,,,,,,,,,,
128,JEE Adv 2020 Paper 2,MCQ(multiple),ABD,"Let $\boldsymbol{f}: \mathbb{R} \rightarrow \mathbb{R}$ and $\boldsymbol{g}: \mathbb{R} \rightarrow \mathbb{R}$ be functions satisfying

\[
f(x+y)=f(x)+f(y)+f(x) f(y) \text { and } f(x)=x g(x)
\]

for all $x, y \in \mathbb{R}$. If $\lim _{x \rightarrow 0} g(x)=1$, then which of the following statements is/are TRUE?",0.2,no,,,,,,,,,,,,,,,
128,JEE Adv 2020 Paper 2,MCQ(multiple),ABD,"Let $\boldsymbol{f}: \mathbb{R} \rightarrow \mathbb{R}$ and $\boldsymbol{g}: \mathbb{R} \rightarrow \mathbb{R}$ be functions satisfying

\[
f(x+y)=f(x)+f(y)+f(x) f(y) \text { and } f(x)=x g(x)
\]

for all $x, y \in \mathbb{R}$. If $\lim _{x \rightarrow 0} g(x)=1$, then which of the following statements is/are TRUE?",0.3,no,,,,,,,,,,,,,,,
128,JEE Adv 2020 Paper 2,MCQ(multiple),ABD,"Let $\boldsymbol{f}: \mathbb{R} \rightarrow \mathbb{R}$ and $\boldsymbol{g}: \mathbb{R} \rightarrow \mathbb{R}$ be functions satisfying

\[
f(x+y)=f(x)+f(y)+f(x) f(y) \text { and } f(x)=x g(x)
\]

for all $x, y \in \mathbb{R}$. If $\lim _{x \rightarrow 0} g(x)=1$, then which of the following statements is/are TRUE?",0.4,no,,,,,,,,,,,,,,,
128,JEE Adv 2020 Paper 2,MCQ(multiple),ABD,"Let $\boldsymbol{f}: \mathbb{R} \rightarrow \mathbb{R}$ and $\boldsymbol{g}: \mathbb{R} \rightarrow \mathbb{R}$ be functions satisfying

\[
f(x+y)=f(x)+f(y)+f(x) f(y) \text { and } f(x)=x g(x)
\]

for all $x, y \in \mathbb{R}$. If $\lim _{x \rightarrow 0} g(x)=1$, then which of the following statements is/are TRUE?",0.5,no,,,,,,,,,,,,,,,
129,JEE Adv 2020 Paper 2,MCQ(multiple),ABC,"Let $\alpha, \beta, \gamma, \delta$ be real numbers such that $\alpha^{2}+\beta^{2}+\gamma^{2} \neq 0$ and $\alpha+\gamma=1$. Suppose the point $(3,2,-1)$ is the mirror image of the point $(1,0,-1)$ with respect to the plane $\alpha x+\beta y+\gamma z=\delta$. Then which of the following statements is/are TRUE?",0.0,no,,,,,,,,,,,,,,,
129,JEE Adv 2020 Paper 2,MCQ(multiple),ABC,"Let $\alpha, \beta, \gamma, \delta$ be real numbers such that $\alpha^{2}+\beta^{2}+\gamma^{2} \neq 0$ and $\alpha+\gamma=1$. Suppose the point $(3,2,-1)$ is the mirror image of the point $(1,0,-1)$ with respect to the plane $\alpha x+\beta y+\gamma z=\delta$. Then which of the following statements is/are TRUE?",0.1,no,,,,,,,,,,,,,,,
129,JEE Adv 2020 Paper 2,MCQ(multiple),ABC,"Let $\alpha, \beta, \gamma, \delta$ be real numbers such that $\alpha^{2}+\beta^{2}+\gamma^{2} \neq 0$ and $\alpha+\gamma=1$. Suppose the point $(3,2,-1)$ is the mirror image of the point $(1,0,-1)$ with respect to the plane $\alpha x+\beta y+\gamma z=\delta$. Then which of the following statements is/are TRUE?",0.2,no,,,,,,,,,,,,,,,
129,JEE Adv 2020 Paper 2,MCQ(multiple),ABC,"Let $\alpha, \beta, \gamma, \delta$ be real numbers such that $\alpha^{2}+\beta^{2}+\gamma^{2} \neq 0$ and $\alpha+\gamma=1$. Suppose the point $(3,2,-1)$ is the mirror image of the point $(1,0,-1)$ with respect to the plane $\alpha x+\beta y+\gamma z=\delta$. Then which of the following statements is/are TRUE?",0.3,no,,,,,,,,,,,,,,,
129,JEE Adv 2020 Paper 2,MCQ(multiple),ABC,"Let $\alpha, \beta, \gamma, \delta$ be real numbers such that $\alpha^{2}+\beta^{2}+\gamma^{2} \neq 0$ and $\alpha+\gamma=1$. Suppose the point $(3,2,-1)$ is the mirror image of the point $(1,0,-1)$ with respect to the plane $\alpha x+\beta y+\gamma z=\delta$. Then which of the following statements is/are TRUE?",0.4,no,,,,,,,,,,,,,,,
129,JEE Adv 2020 Paper 2,MCQ(multiple),ABC,"Let $\alpha, \beta, \gamma, \delta$ be real numbers such that $\alpha^{2}+\beta^{2}+\gamma^{2} \neq 0$ and $\alpha+\gamma=1$. Suppose the point $(3,2,-1)$ is the mirror image of the point $(1,0,-1)$ with respect to the plane $\alpha x+\beta y+\gamma z=\delta$. Then which of the following statements is/are TRUE?",0.5,no,,,,,,,,,,,,,,,
130,JEE Adv 2020 Paper 2,MCQ(multiple),AC,"Let $a$ and $b$ be positive real numbers. Suppose $\overrightarrow{P Q}=a \hat{i}+b \hat{j}$ and $\overrightarrow{P S}=a \hat{i}-b \hat{j}$ are adjacent sides of a parallelogram $P Q R S$. Let $\vec{u}$ and $\vec{v}$ be the projection vectors of $\vec{w}=\hat{i}+\hat{j}$ along $\overrightarrow{P Q}$ and $\overrightarrow{P S}$, respectively. If $|\vec{u}|+|\vec{v}|=|\vec{w}|$ and if the area of the parallelogram $P Q R S$ is 8 , then which of the following statements is/are TRUE?",0.0,no,,,,,,,,,,,,,,,
130,JEE Adv 2020 Paper 2,MCQ(multiple),AC,"Let $a$ and $b$ be positive real numbers. Suppose $\overrightarrow{P Q}=a \hat{i}+b \hat{j}$ and $\overrightarrow{P S}=a \hat{i}-b \hat{j}$ are adjacent sides of a parallelogram $P Q R S$. Let $\vec{u}$ and $\vec{v}$ be the projection vectors of $\vec{w}=\hat{i}+\hat{j}$ along $\overrightarrow{P Q}$ and $\overrightarrow{P S}$, respectively. If $|\vec{u}|+|\vec{v}|=|\vec{w}|$ and if the area of the parallelogram $P Q R S$ is 8 , then which of the following statements is/are TRUE?",0.1,no,,,,,,,,,,,,,,,
130,JEE Adv 2020 Paper 2,MCQ(multiple),AC,"Let $a$ and $b$ be positive real numbers. Suppose $\overrightarrow{P Q}=a \hat{i}+b \hat{j}$ and $\overrightarrow{P S}=a \hat{i}-b \hat{j}$ are adjacent sides of a parallelogram $P Q R S$. Let $\vec{u}$ and $\vec{v}$ be the projection vectors of $\vec{w}=\hat{i}+\hat{j}$ along $\overrightarrow{P Q}$ and $\overrightarrow{P S}$, respectively. If $|\vec{u}|+|\vec{v}|=|\vec{w}|$ and if the area of the parallelogram $P Q R S$ is 8 , then which of the following statements is/are TRUE?",0.2,no,,,,,,,,,,,,,,,
130,JEE Adv 2020 Paper 2,MCQ(multiple),AC,"Let $a$ and $b$ be positive real numbers. Suppose $\overrightarrow{P Q}=a \hat{i}+b \hat{j}$ and $\overrightarrow{P S}=a \hat{i}-b \hat{j}$ are adjacent sides of a parallelogram $P Q R S$. Let $\vec{u}$ and $\vec{v}$ be the projection vectors of $\vec{w}=\hat{i}+\hat{j}$ along $\overrightarrow{P Q}$ and $\overrightarrow{P S}$, respectively. If $|\vec{u}|+|\vec{v}|=|\vec{w}|$ and if the area of the parallelogram $P Q R S$ is 8 , then which of the following statements is/are TRUE?",0.3,no,,,,,,,,,,,,,,,
130,JEE Adv 2020 Paper 2,MCQ(multiple),AC,"Let $a$ and $b$ be positive real numbers. Suppose $\overrightarrow{P Q}=a \hat{i}+b \hat{j}$ and $\overrightarrow{P S}=a \hat{i}-b \hat{j}$ are adjacent sides of a parallelogram $P Q R S$. Let $\vec{u}$ and $\vec{v}$ be the projection vectors of $\vec{w}=\hat{i}+\hat{j}$ along $\overrightarrow{P Q}$ and $\overrightarrow{P S}$, respectively. If $|\vec{u}|+|\vec{v}|=|\vec{w}|$ and if the area of the parallelogram $P Q R S$ is 8 , then which of the following statements is/are TRUE?",0.4,no,,,,,,,,,,,,,,,
130,JEE Adv 2020 Paper 2,MCQ(multiple),AC,"Let $a$ and $b$ be positive real numbers. Suppose $\overrightarrow{P Q}=a \hat{i}+b \hat{j}$ and $\overrightarrow{P S}=a \hat{i}-b \hat{j}$ are adjacent sides of a parallelogram $P Q R S$. Let $\vec{u}$ and $\vec{v}$ be the projection vectors of $\vec{w}=\hat{i}+\hat{j}$ along $\overrightarrow{P Q}$ and $\overrightarrow{P S}$, respectively. If $|\vec{u}|+|\vec{v}|=|\vec{w}|$ and if the area of the parallelogram $P Q R S$ is 8 , then which of the following statements is/are TRUE?",0.5,no,,,,,,,,,,,,,,,
131,JEE Adv 2020 Paper 2,MCQ(multiple),ABD,"For nonnegative integers $s$ and $r$, let

\[
\left(\begin{array}{ll}

s \\

r

\end{array}\right)= \begin{cases}\frac{s !}{r !(s-r) !} & \text { if } r \leq s \\

0 & \text { if } r>s .\end{cases}
\]

For positive integers $m$ and $n$, let

\[
g(m, n)=\sum_{p=0}^{m+n} \frac{f(m, n, p)}{\left(\begin{array}{c}

n+p \\

p

\end{array}\right)}
\]

where for any nonnegative integer $p$,

\[
f(m, n, p)=\sum_{i=0}^{p}\left(\begin{array}{c}

m \\

i

\end{array}\right)\left(\begin{array}{c}

n+i \\

p

\end{array}\right)\left(\begin{array}{c}

p+n \\

p-i

\end{array}\right) .
\]

Then which of the following statements is/are TRUE?",0.0,no,,,,,,,,,,,,,,,
131,JEE Adv 2020 Paper 2,MCQ(multiple),ABD,"For nonnegative integers $s$ and $r$, let

\[
\left(\begin{array}{ll}

s \\

r

\end{array}\right)= \begin{cases}\frac{s !}{r !(s-r) !} & \text { if } r \leq s \\

0 & \text { if } r>s .\end{cases}
\]

For positive integers $m$ and $n$, let

\[
g(m, n)=\sum_{p=0}^{m+n} \frac{f(m, n, p)}{\left(\begin{array}{c}

n+p \\

p

\end{array}\right)}
\]

where for any nonnegative integer $p$,

\[
f(m, n, p)=\sum_{i=0}^{p}\left(\begin{array}{c}

m \\

i

\end{array}\right)\left(\begin{array}{c}

n+i \\

p

\end{array}\right)\left(\begin{array}{c}

p+n \\

p-i

\end{array}\right) .
\]

Then which of the following statements is/are TRUE?",0.1,no,,,,,,,,,,,,,,,
131,JEE Adv 2020 Paper 2,MCQ(multiple),ABD,"For nonnegative integers $s$ and $r$, let

\[
\left(\begin{array}{ll}

s \\

r

\end{array}\right)= \begin{cases}\frac{s !}{r !(s-r) !} & \text { if } r \leq s \\

0 & \text { if } r>s .\end{cases}
\]

For positive integers $m$ and $n$, let

\[
g(m, n)=\sum_{p=0}^{m+n} \frac{f(m, n, p)}{\left(\begin{array}{c}

n+p \\

p

\end{array}\right)}
\]

where for any nonnegative integer $p$,

\[
f(m, n, p)=\sum_{i=0}^{p}\left(\begin{array}{c}

m \\

i

\end{array}\right)\left(\begin{array}{c}

n+i \\

p

\end{array}\right)\left(\begin{array}{c}

p+n \\

p-i

\end{array}\right) .
\]

Then which of the following statements is/are TRUE?",0.2,no,,,,,,,,,,,,,,,
131,JEE Adv 2020 Paper 2,MCQ(multiple),ABD,"For nonnegative integers $s$ and $r$, let

\[
\left(\begin{array}{ll}

s \\

r

\end{array}\right)= \begin{cases}\frac{s !}{r !(s-r) !} & \text { if } r \leq s \\

0 & \text { if } r>s .\end{cases}
\]

For positive integers $m$ and $n$, let

\[
g(m, n)=\sum_{p=0}^{m+n} \frac{f(m, n, p)}{\left(\begin{array}{c}

n+p \\

p

\end{array}\right)}
\]

where for any nonnegative integer $p$,

\[
f(m, n, p)=\sum_{i=0}^{p}\left(\begin{array}{c}

m \\

i

\end{array}\right)\left(\begin{array}{c}

n+i \\

p

\end{array}\right)\left(\begin{array}{c}

p+n \\

p-i

\end{array}\right) .
\]

Then which of the following statements is/are TRUE?",0.3,no,,,,,,,,,,,,,,,
131,JEE Adv 2020 Paper 2,MCQ(multiple),ABD,"For nonnegative integers $s$ and $r$, let

\[
\left(\begin{array}{ll}

s \\

r

\end{array}\right)= \begin{cases}\frac{s !}{r !(s-r) !} & \text { if } r \leq s \\

0 & \text { if } r>s .\end{cases}
\]

For positive integers $m$ and $n$, let

\[
g(m, n)=\sum_{p=0}^{m+n} \frac{f(m, n, p)}{\left(\begin{array}{c}

n+p \\

p

\end{array}\right)}
\]

where for any nonnegative integer $p$,

\[
f(m, n, p)=\sum_{i=0}^{p}\left(\begin{array}{c}

m \\

i

\end{array}\right)\left(\begin{array}{c}

n+i \\

p

\end{array}\right)\left(\begin{array}{c}

p+n \\

p-i

\end{array}\right) .
\]

Then which of the following statements is/are TRUE?",0.4,no,,,,,,,,,,,,,,,
131,JEE Adv 2020 Paper 2,MCQ(multiple),ABD,"For nonnegative integers $s$ and $r$, let

\[
\left(\begin{array}{ll}

s \\

r

\end{array}\right)= \begin{cases}\frac{s !}{r !(s-r) !} & \text { if } r \leq s \\

0 & \text { if } r>s .\end{cases}
\]

For positive integers $m$ and $n$, let

\[
g(m, n)=\sum_{p=0}^{m+n} \frac{f(m, n, p)}{\left(\begin{array}{c}

n+p \\

p

\end{array}\right)}
\]

where for any nonnegative integer $p$,

\[
f(m, n, p)=\sum_{i=0}^{p}\left(\begin{array}{c}

m \\

i

\end{array}\right)\left(\begin{array}{c}

n+i \\

p

\end{array}\right)\left(\begin{array}{c}

p+n \\

p-i

\end{array}\right) .
\]

Then which of the following statements is/are TRUE?",0.5,no,,,,,,,,,,,,,,,
132,JEE Adv 2020 Paper 2,Numeric,495,An engineer is required to visit a factory for exactly four days during the first 15 days of every month and it is mandatory that no two visits take place on consecutive days. Then what is the number of all possible ways in which such visits to the factory can be made by the engineer during 1-15 June 2021?,0.0,no,,,,,,,,,,,,,,,
132,JEE Adv 2020 Paper 2,Numeric,495,An engineer is required to visit a factory for exactly four days during the first 15 days of every month and it is mandatory that no two visits take place on consecutive days. Then what is the number of all possible ways in which such visits to the factory can be made by the engineer during 1-15 June 2021?,0.1,no,,,,,,,,,,,,,,,
132,JEE Adv 2020 Paper 2,Numeric,495,An engineer is required to visit a factory for exactly four days during the first 15 days of every month and it is mandatory that no two visits take place on consecutive days. Then what is the number of all possible ways in which such visits to the factory can be made by the engineer during 1-15 June 2021?,0.2,no,,,,,,,,,,,,,,,
132,JEE Adv 2020 Paper 2,Numeric,495,An engineer is required to visit a factory for exactly four days during the first 15 days of every month and it is mandatory that no two visits take place on consecutive days. Then what is the number of all possible ways in which such visits to the factory can be made by the engineer during 1-15 June 2021?,0.3,no,,,,,,,,,,,,,,,
132,JEE Adv 2020 Paper 2,Numeric,495,An engineer is required to visit a factory for exactly four days during the first 15 days of every month and it is mandatory that no two visits take place on consecutive days. Then what is the number of all possible ways in which such visits to the factory can be made by the engineer during 1-15 June 2021?,0.4,no,,,,,,,,,,,,,,,
132,JEE Adv 2020 Paper 2,Numeric,495,An engineer is required to visit a factory for exactly four days during the first 15 days of every month and it is mandatory that no two visits take place on consecutive days. Then what is the number of all possible ways in which such visits to the factory can be made by the engineer during 1-15 June 2021?,0.5,no,,,,,,,,,,,,,,,
133,JEE Adv 2020 Paper 2,Numeric,1080,"In a hotel, four rooms are available. Six persons are to be accommodated in these four rooms in such a way that each of these rooms contains at least one person and at most two persons. Then what is the number of all possible ways in which this can be done?",0.0,no,,,,,,,,,,,,,,,
133,JEE Adv 2020 Paper 2,Numeric,1080,"In a hotel, four rooms are available. Six persons are to be accommodated in these four rooms in such a way that each of these rooms contains at least one person and at most two persons. Then what is the number of all possible ways in which this can be done?",0.1,no,,,,,,,,,,,,,,,
133,JEE Adv 2020 Paper 2,Numeric,1080,"In a hotel, four rooms are available. Six persons are to be accommodated in these four rooms in such a way that each of these rooms contains at least one person and at most two persons. Then what is the number of all possible ways in which this can be done?",0.2,no,,,,,,,,,,,,,,,
133,JEE Adv 2020 Paper 2,Numeric,1080,"In a hotel, four rooms are available. Six persons are to be accommodated in these four rooms in such a way that each of these rooms contains at least one person and at most two persons. Then what is the number of all possible ways in which this can be done?",0.3,no,,,,,,,,,,,,,,,
133,JEE Adv 2020 Paper 2,Numeric,1080,"In a hotel, four rooms are available. Six persons are to be accommodated in these four rooms in such a way that each of these rooms contains at least one person and at most two persons. Then what is the number of all possible ways in which this can be done?",0.4,no,,,,,,,,,,,,,,,
133,JEE Adv 2020 Paper 2,Numeric,1080,"In a hotel, four rooms are available. Six persons are to be accommodated in these four rooms in such a way that each of these rooms contains at least one person and at most two persons. Then what is the number of all possible ways in which this can be done?",0.5,no,,,,,,,,,,,,,,,
134,JEE Adv 2020 Paper 2,Numeric,8,"Two fair dice, each with faces numbered 1,2,3,4,5 and 6, are rolled together and the sum of the numbers on the faces is observed. This process is repeated till the sum is either a prime number or a perfect square. Suppose the sum turns out to be a perfect square before it turns out to be a prime number. If $p$ is the probability that this perfect square is an odd number, then what is the value of $14 p$?",0.0,no,,,,,,,,,,,,,,,
134,JEE Adv 2020 Paper 2,Numeric,8,"Two fair dice, each with faces numbered 1,2,3,4,5 and 6, are rolled together and the sum of the numbers on the faces is observed. This process is repeated till the sum is either a prime number or a perfect square. Suppose the sum turns out to be a perfect square before it turns out to be a prime number. If $p$ is the probability that this perfect square is an odd number, then what is the value of $14 p$?",0.1,no,,,,,,,,,,,,,,,
134,JEE Adv 2020 Paper 2,Numeric,8,"Two fair dice, each with faces numbered 1,2,3,4,5 and 6, are rolled together and the sum of the numbers on the faces is observed. This process is repeated till the sum is either a prime number or a perfect square. Suppose the sum turns out to be a perfect square before it turns out to be a prime number. If $p$ is the probability that this perfect square is an odd number, then what is the value of $14 p$?",0.2,no,,,,,,,,,,,,,,,
134,JEE Adv 2020 Paper 2,Numeric,8,"Two fair dice, each with faces numbered 1,2,3,4,5 and 6, are rolled together and the sum of the numbers on the faces is observed. This process is repeated till the sum is either a prime number or a perfect square. Suppose the sum turns out to be a perfect square before it turns out to be a prime number. If $p$ is the probability that this perfect square is an odd number, then what is the value of $14 p$?",0.3,no,,,,,,,,,,,,,,,
134,JEE Adv 2020 Paper 2,Numeric,8,"Two fair dice, each with faces numbered 1,2,3,4,5 and 6, are rolled together and the sum of the numbers on the faces is observed. This process is repeated till the sum is either a prime number or a perfect square. Suppose the sum turns out to be a perfect square before it turns out to be a prime number. If $p$ is the probability that this perfect square is an odd number, then what is the value of $14 p$?",0.4,no,,,,,,,,,,,,,,,
134,JEE Adv 2020 Paper 2,Numeric,8,"Two fair dice, each with faces numbered 1,2,3,4,5 and 6, are rolled together and the sum of the numbers on the faces is observed. This process is repeated till the sum is either a prime number or a perfect square. Suppose the sum turns out to be a perfect square before it turns out to be a prime number. If $p$ is the probability that this perfect square is an odd number, then what is the value of $14 p$?",0.5,no,,,,,,,,,,,,,,,
135,JEE Adv 2020 Paper 2,Numeric,19,"Let the function $f:[0,1] \rightarrow \mathbb{R}$ be defined by

\[
f(x)=\frac{4^{x}}{4^{x}+2}
\]

Then what is the value of
\[
f\left(\frac{1}{40}\right)+f\left(\frac{2}{40}\right)+f\left(\frac{3}{40}\right)+\cdots+f\left(\frac{39}{40}\right)-f\left(\frac{1}{2}\right)
\]?",0.0,no,,,,,,,,,,,,,,,
135,JEE Adv 2020 Paper 2,Numeric,19,"Let the function $f:[0,1] \rightarrow \mathbb{R}$ be defined by

\[
f(x)=\frac{4^{x}}{4^{x}+2}
\]

Then what is the value of
\[
f\left(\frac{1}{40}\right)+f\left(\frac{2}{40}\right)+f\left(\frac{3}{40}\right)+\cdots+f\left(\frac{39}{40}\right)-f\left(\frac{1}{2}\right)
\]?",0.1,no,,,,,,,,,,,,,,,
135,JEE Adv 2020 Paper 2,Numeric,19,"Let the function $f:[0,1] \rightarrow \mathbb{R}$ be defined by

\[
f(x)=\frac{4^{x}}{4^{x}+2}
\]

Then what is the value of
\[
f\left(\frac{1}{40}\right)+f\left(\frac{2}{40}\right)+f\left(\frac{3}{40}\right)+\cdots+f\left(\frac{39}{40}\right)-f\left(\frac{1}{2}\right)
\]?",0.2,no,,,,,,,,,,,,,,,
135,JEE Adv 2020 Paper 2,Numeric,19,"Let the function $f:[0,1] \rightarrow \mathbb{R}$ be defined by

\[
f(x)=\frac{4^{x}}{4^{x}+2}
\]

Then what is the value of
\[
f\left(\frac{1}{40}\right)+f\left(\frac{2}{40}\right)+f\left(\frac{3}{40}\right)+\cdots+f\left(\frac{39}{40}\right)-f\left(\frac{1}{2}\right)
\]?",0.3,no,,,,,,,,,,,,,,,
135,JEE Adv 2020 Paper 2,Numeric,19,"Let the function $f:[0,1] \rightarrow \mathbb{R}$ be defined by

\[
f(x)=\frac{4^{x}}{4^{x}+2}
\]

Then what is the value of
\[
f\left(\frac{1}{40}\right)+f\left(\frac{2}{40}\right)+f\left(\frac{3}{40}\right)+\cdots+f\left(\frac{39}{40}\right)-f\left(\frac{1}{2}\right)
\]?",0.4,no,,,,,,,,,,,,,,,
135,JEE Adv 2020 Paper 2,Numeric,19,"Let the function $f:[0,1] \rightarrow \mathbb{R}$ be defined by

\[
f(x)=\frac{4^{x}}{4^{x}+2}
\]

Then what is the value of
\[
f\left(\frac{1}{40}\right)+f\left(\frac{2}{40}\right)+f\left(\frac{3}{40}\right)+\cdots+f\left(\frac{39}{40}\right)-f\left(\frac{1}{2}\right)
\]?",0.5,no,,,,,,,,,,,,,,,
136,JEE Adv 2020 Paper 2,Numeric,4,"Let $f: \mathbb{R} \rightarrow \mathbb{R}$ be a differentiable function such that its derivative $f^{\prime}$ is continuous and $f(\pi)=-6$. If $F:[0, \pi] \rightarrow \mathbb{R}$ is defined by $F(x)=\int_{0}^{x} f(t) d t$, and if

\[
\int_{0}^{\pi}\left(f^{\prime}(x)+F(x)\right) \cos x d x=2,
\]

then what is the value of $f(0)$?",0.0,no,,,,,,,,,,,,,,,
136,JEE Adv 2020 Paper 2,Numeric,4,"Let $f: \mathbb{R} \rightarrow \mathbb{R}$ be a differentiable function such that its derivative $f^{\prime}$ is continuous and $f(\pi)=-6$. If $F:[0, \pi] \rightarrow \mathbb{R}$ is defined by $F(x)=\int_{0}^{x} f(t) d t$, and if

\[
\int_{0}^{\pi}\left(f^{\prime}(x)+F(x)\right) \cos x d x=2,
\]

then what is the value of $f(0)$?",0.1,no,,,,,,,,,,,,,,,
136,JEE Adv 2020 Paper 2,Numeric,4,"Let $f: \mathbb{R} \rightarrow \mathbb{R}$ be a differentiable function such that its derivative $f^{\prime}$ is continuous and $f(\pi)=-6$. If $F:[0, \pi] \rightarrow \mathbb{R}$ is defined by $F(x)=\int_{0}^{x} f(t) d t$, and if

\[
\int_{0}^{\pi}\left(f^{\prime}(x)+F(x)\right) \cos x d x=2,
\]

then what is the value of $f(0)$?",0.2,no,,,,,,,,,,,,,,,
136,JEE Adv 2020 Paper 2,Numeric,4,"Let $f: \mathbb{R} \rightarrow \mathbb{R}$ be a differentiable function such that its derivative $f^{\prime}$ is continuous and $f(\pi)=-6$. If $F:[0, \pi] \rightarrow \mathbb{R}$ is defined by $F(x)=\int_{0}^{x} f(t) d t$, and if

\[
\int_{0}^{\pi}\left(f^{\prime}(x)+F(x)\right) \cos x d x=2,
\]

then what is the value of $f(0)$?",0.3,no,,,,,,,,,,,,,,,
136,JEE Adv 2020 Paper 2,Numeric,4,"Let $f: \mathbb{R} \rightarrow \mathbb{R}$ be a differentiable function such that its derivative $f^{\prime}$ is continuous and $f(\pi)=-6$. If $F:[0, \pi] \rightarrow \mathbb{R}$ is defined by $F(x)=\int_{0}^{x} f(t) d t$, and if

\[
\int_{0}^{\pi}\left(f^{\prime}(x)+F(x)\right) \cos x d x=2,
\]

then what is the value of $f(0)$?",0.4,no,,,,,,,,,,,,,,,
136,JEE Adv 2020 Paper 2,Numeric,4,"Let $f: \mathbb{R} \rightarrow \mathbb{R}$ be a differentiable function such that its derivative $f^{\prime}$ is continuous and $f(\pi)=-6$. If $F:[0, \pi] \rightarrow \mathbb{R}$ is defined by $F(x)=\int_{0}^{x} f(t) d t$, and if

\[
\int_{0}^{\pi}\left(f^{\prime}(x)+F(x)\right) \cos x d x=2,
\]

then what is the value of $f(0)$?",0.5,no,,,,,,,,,,,,,,,
137,JEE Adv 2020 Paper 2,Numeric,0.5,"Let the function $f:(0, \pi) \rightarrow \mathbb{R}$ be defined by

\[
f(\theta)=(\sin \theta+\cos \theta)^{2}+(\sin \theta-\cos \theta)^{4} .
\]

Suppose the function $f$ has a local minimum at $\theta$ precisely when $\theta \in\left\{\lambda_{1} \pi, \ldots, \lambda_{r} \pi\right\}$, where $0<$ $\lambda_{1}<\cdots<\lambda_{r}<1$. Then what is the value of $\lambda_{1}+\cdots+\lambda_{r}$?",0.0,no,,,,,,,,,,,,,,,
137,JEE Adv 2020 Paper 2,Numeric,0.5,"Let the function $f:(0, \pi) \rightarrow \mathbb{R}$ be defined by

\[
f(\theta)=(\sin \theta+\cos \theta)^{2}+(\sin \theta-\cos \theta)^{4} .
\]

Suppose the function $f$ has a local minimum at $\theta$ precisely when $\theta \in\left\{\lambda_{1} \pi, \ldots, \lambda_{r} \pi\right\}$, where $0<$ $\lambda_{1}<\cdots<\lambda_{r}<1$. Then what is the value of $\lambda_{1}+\cdots+\lambda_{r}$?",0.1,no,,,,,,,,,,,,,,,
137,JEE Adv 2020 Paper 2,Numeric,0.5,"Let the function $f:(0, \pi) \rightarrow \mathbb{R}$ be defined by

\[
f(\theta)=(\sin \theta+\cos \theta)^{2}+(\sin \theta-\cos \theta)^{4} .
\]

Suppose the function $f$ has a local minimum at $\theta$ precisely when $\theta \in\left\{\lambda_{1} \pi, \ldots, \lambda_{r} \pi\right\}$, where $0<$ $\lambda_{1}<\cdots<\lambda_{r}<1$. Then what is the value of $\lambda_{1}+\cdots+\lambda_{r}$?",0.2,no,,,,,,,,,,,,,,,
137,JEE Adv 2020 Paper 2,Numeric,0.5,"Let the function $f:(0, \pi) \rightarrow \mathbb{R}$ be defined by

\[
f(\theta)=(\sin \theta+\cos \theta)^{2}+(\sin \theta-\cos \theta)^{4} .
\]

Suppose the function $f$ has a local minimum at $\theta$ precisely when $\theta \in\left\{\lambda_{1} \pi, \ldots, \lambda_{r} \pi\right\}$, where $0<$ $\lambda_{1}<\cdots<\lambda_{r}<1$. Then what is the value of $\lambda_{1}+\cdots+\lambda_{r}$?",0.3,no,,,,,,,,,,,,,,,
137,JEE Adv 2020 Paper 2,Numeric,0.5,"Let the function $f:(0, \pi) \rightarrow \mathbb{R}$ be defined by

\[
f(\theta)=(\sin \theta+\cos \theta)^{2}+(\sin \theta-\cos \theta)^{4} .
\]

Suppose the function $f$ has a local minimum at $\theta$ precisely when $\theta \in\left\{\lambda_{1} \pi, \ldots, \lambda_{r} \pi\right\}$, where $0<$ $\lambda_{1}<\cdots<\lambda_{r}<1$. Then what is the value of $\lambda_{1}+\cdots+\lambda_{r}$?",0.4,no,,,,,,,,,,,,,,,
137,JEE Adv 2020 Paper 2,Numeric,0.5,"Let the function $f:(0, \pi) \rightarrow \mathbb{R}$ be defined by

\[
f(\theta)=(\sin \theta+\cos \theta)^{2}+(\sin \theta-\cos \theta)^{4} .
\]

Suppose the function $f$ has a local minimum at $\theta$ precisely when $\theta \in\left\{\lambda_{1} \pi, \ldots, \lambda_{r} \pi\right\}$, where $0<$ $\lambda_{1}<\cdots<\lambda_{r}<1$. Then what is the value of $\lambda_{1}+\cdots+\lambda_{r}$?",0.5,no,,,,,,,,,,,,,,,
138,JEE Adv 2021 Paper 1,MCQ,B,"Consider a triangle $\Delta$ whose two sides lie on the $x$-axis and the line $x+y+1=0$. If the orthocenter of $\Delta$ is $(1,1)$, then the equation of the circle passing through the vertices of the triangle $\Delta$ is",0.0,no,,,,,,,,,,,,,,,
138,JEE Adv 2021 Paper 1,MCQ,B,"Consider a triangle $\Delta$ whose two sides lie on the $x$-axis and the line $x+y+1=0$. If the orthocenter of $\Delta$ is $(1,1)$, then the equation of the circle passing through the vertices of the triangle $\Delta$ is",0.1,no,,,,,,,,,,,,,,,
138,JEE Adv 2021 Paper 1,MCQ,B,"Consider a triangle $\Delta$ whose two sides lie on the $x$-axis and the line $x+y+1=0$. If the orthocenter of $\Delta$ is $(1,1)$, then the equation of the circle passing through the vertices of the triangle $\Delta$ is",0.2,no,,,,,,,,,,,,,,,
138,JEE Adv 2021 Paper 1,MCQ,B,"Consider a triangle $\Delta$ whose two sides lie on the $x$-axis and the line $x+y+1=0$. If the orthocenter of $\Delta$ is $(1,1)$, then the equation of the circle passing through the vertices of the triangle $\Delta$ is",0.3,no,,,,,,,,,,,,,,,
138,JEE Adv 2021 Paper 1,MCQ,B,"Consider a triangle $\Delta$ whose two sides lie on the $x$-axis and the line $x+y+1=0$. If the orthocenter of $\Delta$ is $(1,1)$, then the equation of the circle passing through the vertices of the triangle $\Delta$ is",0.4,no,,,,,,,,,,,,,,,
138,JEE Adv 2021 Paper 1,MCQ,B,"Consider a triangle $\Delta$ whose two sides lie on the $x$-axis and the line $x+y+1=0$. If the orthocenter of $\Delta$ is $(1,1)$, then the equation of the circle passing through the vertices of the triangle $\Delta$ is",0.5,no,,,,,,,,,,,,,,,
139,JEE Adv 2021 Paper 1,MCQ,A,"The area of the region

\[
\left\{(x, y): 0 \leq x \leq \frac{9}{4}, \quad 0 \leq y \leq 1, \quad x \geq 3 y, \quad x+y \geq 2\right\}
\]

is",0.0,no,,,,,,,,,,,,,,,
139,JEE Adv 2021 Paper 1,MCQ,A,"The area of the region

\[
\left\{(x, y): 0 \leq x \leq \frac{9}{4}, \quad 0 \leq y \leq 1, \quad x \geq 3 y, \quad x+y \geq 2\right\}
\]

is",0.1,no,,,,,,,,,,,,,,,
139,JEE Adv 2021 Paper 1,MCQ,A,"The area of the region

\[
\left\{(x, y): 0 \leq x \leq \frac{9}{4}, \quad 0 \leq y \leq 1, \quad x \geq 3 y, \quad x+y \geq 2\right\}
\]

is",0.2,no,,,,,,,,,,,,,,,
139,JEE Adv 2021 Paper 1,MCQ,A,"The area of the region

\[
\left\{(x, y): 0 \leq x \leq \frac{9}{4}, \quad 0 \leq y \leq 1, \quad x \geq 3 y, \quad x+y \geq 2\right\}
\]

is",0.3,no,,,,,,,,,,,,,,,
139,JEE Adv 2021 Paper 1,MCQ,A,"The area of the region

\[
\left\{(x, y): 0 \leq x \leq \frac{9}{4}, \quad 0 \leq y \leq 1, \quad x \geq 3 y, \quad x+y \geq 2\right\}
\]

is",0.4,no,,,,,,,,,,,,,,,
139,JEE Adv 2021 Paper 1,MCQ,A,"The area of the region

\[
\left\{(x, y): 0 \leq x \leq \frac{9}{4}, \quad 0 \leq y \leq 1, \quad x \geq 3 y, \quad x+y \geq 2\right\}
\]

is",0.5,no,,,,,,,,,,,,,,,
140,JEE Adv 2021 Paper 1,MCQ,A,"Consider three sets $E_{1}=\{1,2,3\}, F_{1}=\{1,3,4\}$ and $G_{1}=\{2,3,4,5\}$. Two elements are chosen at random, without replacement, from the set $E_{1}$, and let $S_{1}$ denote the set of these chosen elements. Let $E_{2}=E_{1}-S_{1}$ and $F_{2}=F_{1} \cup S_{1}$. Now two elements are chosen at random, without replacement, from the set $F_{2}$ and let $S_{2}$ denote the set of these chosen elements.

Let $G_{2}=G_{1} \cup S_{2}$. Finally, two elements are chosen at random, without replacement, from the set $G_{2}$ and let $S_{3}$ denote the set of these chosen elements.

Let $E_{3}=E_{2} \cup S_{3}$. Given that $E_{1}=E_{3}$, let $p$ be the conditional probability of the event $S_{1}=\{1,2\}$. Then the value of $p$ is",0.0,no,,,,,,,,,,,,,,,
140,JEE Adv 2021 Paper 1,MCQ,A,"Consider three sets $E_{1}=\{1,2,3\}, F_{1}=\{1,3,4\}$ and $G_{1}=\{2,3,4,5\}$. Two elements are chosen at random, without replacement, from the set $E_{1}$, and let $S_{1}$ denote the set of these chosen elements. Let $E_{2}=E_{1}-S_{1}$ and $F_{2}=F_{1} \cup S_{1}$. Now two elements are chosen at random, without replacement, from the set $F_{2}$ and let $S_{2}$ denote the set of these chosen elements.

Let $G_{2}=G_{1} \cup S_{2}$. Finally, two elements are chosen at random, without replacement, from the set $G_{2}$ and let $S_{3}$ denote the set of these chosen elements.

Let $E_{3}=E_{2} \cup S_{3}$. Given that $E_{1}=E_{3}$, let $p$ be the conditional probability of the event $S_{1}=\{1,2\}$. Then the value of $p$ is",0.1,no,,,,,,,,,,,,,,,
140,JEE Adv 2021 Paper 1,MCQ,A,"Consider three sets $E_{1}=\{1,2,3\}, F_{1}=\{1,3,4\}$ and $G_{1}=\{2,3,4,5\}$. Two elements are chosen at random, without replacement, from the set $E_{1}$, and let $S_{1}$ denote the set of these chosen elements. Let $E_{2}=E_{1}-S_{1}$ and $F_{2}=F_{1} \cup S_{1}$. Now two elements are chosen at random, without replacement, from the set $F_{2}$ and let $S_{2}$ denote the set of these chosen elements.

Let $G_{2}=G_{1} \cup S_{2}$. Finally, two elements are chosen at random, without replacement, from the set $G_{2}$ and let $S_{3}$ denote the set of these chosen elements.

Let $E_{3}=E_{2} \cup S_{3}$. Given that $E_{1}=E_{3}$, let $p$ be the conditional probability of the event $S_{1}=\{1,2\}$. Then the value of $p$ is",0.2,no,,,,,,,,,,,,,,,
140,JEE Adv 2021 Paper 1,MCQ,A,"Consider three sets $E_{1}=\{1,2,3\}, F_{1}=\{1,3,4\}$ and $G_{1}=\{2,3,4,5\}$. Two elements are chosen at random, without replacement, from the set $E_{1}$, and let $S_{1}$ denote the set of these chosen elements. Let $E_{2}=E_{1}-S_{1}$ and $F_{2}=F_{1} \cup S_{1}$. Now two elements are chosen at random, without replacement, from the set $F_{2}$ and let $S_{2}$ denote the set of these chosen elements.

Let $G_{2}=G_{1} \cup S_{2}$. Finally, two elements are chosen at random, without replacement, from the set $G_{2}$ and let $S_{3}$ denote the set of these chosen elements.

Let $E_{3}=E_{2} \cup S_{3}$. Given that $E_{1}=E_{3}$, let $p$ be the conditional probability of the event $S_{1}=\{1,2\}$. Then the value of $p$ is",0.3,no,,,,,,,,,,,,,,,
140,JEE Adv 2021 Paper 1,MCQ,A,"Consider three sets $E_{1}=\{1,2,3\}, F_{1}=\{1,3,4\}$ and $G_{1}=\{2,3,4,5\}$. Two elements are chosen at random, without replacement, from the set $E_{1}$, and let $S_{1}$ denote the set of these chosen elements. Let $E_{2}=E_{1}-S_{1}$ and $F_{2}=F_{1} \cup S_{1}$. Now two elements are chosen at random, without replacement, from the set $F_{2}$ and let $S_{2}$ denote the set of these chosen elements.

Let $G_{2}=G_{1} \cup S_{2}$. Finally, two elements are chosen at random, without replacement, from the set $G_{2}$ and let $S_{3}$ denote the set of these chosen elements.

Let $E_{3}=E_{2} \cup S_{3}$. Given that $E_{1}=E_{3}$, let $p$ be the conditional probability of the event $S_{1}=\{1,2\}$. Then the value of $p$ is",0.4,no,,,,,,,,,,,,,,,
140,JEE Adv 2021 Paper 1,MCQ,A,"Consider three sets $E_{1}=\{1,2,3\}, F_{1}=\{1,3,4\}$ and $G_{1}=\{2,3,4,5\}$. Two elements are chosen at random, without replacement, from the set $E_{1}$, and let $S_{1}$ denote the set of these chosen elements. Let $E_{2}=E_{1}-S_{1}$ and $F_{2}=F_{1} \cup S_{1}$. Now two elements are chosen at random, without replacement, from the set $F_{2}$ and let $S_{2}$ denote the set of these chosen elements.

Let $G_{2}=G_{1} \cup S_{2}$. Finally, two elements are chosen at random, without replacement, from the set $G_{2}$ and let $S_{3}$ denote the set of these chosen elements.

Let $E_{3}=E_{2} \cup S_{3}$. Given that $E_{1}=E_{3}$, let $p$ be the conditional probability of the event $S_{1}=\{1,2\}$. Then the value of $p$ is",0.5,no,,,,,,,,,,,,,,,
141,JEE Adv 2021 Paper 1,MCQ,C,"Let $\theta_{1}, \theta_{2}, \ldots, \theta_{10}$ be positive valued angles (in radian) such that $\theta_{1}+\theta_{2}+\cdots+\theta_{10}=2 \pi$. Define the complex numbers $z_{1}=e^{i \theta_{1}}, z_{k}=z_{k-1} e^{i \theta_{k}}$ for $k=2,3, \ldots, 10$, where $i=\sqrt{-1}$. Consider the statements $P$ and $Q$ given below:

\[
\begin{aligned}

& P:\left|z_{2}-z_{1}\right|+\left|z_{3}-z_{2}\right|+\cdots+\left|z_{10}-z_{9}\right|+\left|z_{1}-z_{10}\right| \leq 2 \pi \\

& Q:\left|z_{2}^{2}-z_{1}^{2}\right|+\left|z_{3}^{2}-z_{2}^{2}\right|+\cdots+\left|z_{10}^{2}-z_{9}^{2}\right|+\left|z_{1}^{2}-z_{10}^{2}\right| \leq 4 \pi

\end{aligned}
\]

Then,",0.0,no,,,,,,,,,,,,,,,
141,JEE Adv 2021 Paper 1,MCQ,C,"Let $\theta_{1}, \theta_{2}, \ldots, \theta_{10}$ be positive valued angles (in radian) such that $\theta_{1}+\theta_{2}+\cdots+\theta_{10}=2 \pi$. Define the complex numbers $z_{1}=e^{i \theta_{1}}, z_{k}=z_{k-1} e^{i \theta_{k}}$ for $k=2,3, \ldots, 10$, where $i=\sqrt{-1}$. Consider the statements $P$ and $Q$ given below:

\[
\begin{aligned}

& P:\left|z_{2}-z_{1}\right|+\left|z_{3}-z_{2}\right|+\cdots+\left|z_{10}-z_{9}\right|+\left|z_{1}-z_{10}\right| \leq 2 \pi \\

& Q:\left|z_{2}^{2}-z_{1}^{2}\right|+\left|z_{3}^{2}-z_{2}^{2}\right|+\cdots+\left|z_{10}^{2}-z_{9}^{2}\right|+\left|z_{1}^{2}-z_{10}^{2}\right| \leq 4 \pi

\end{aligned}
\]

Then,",0.1,no,,,,,,,,,,,,,,,
141,JEE Adv 2021 Paper 1,MCQ,C,"Let $\theta_{1}, \theta_{2}, \ldots, \theta_{10}$ be positive valued angles (in radian) such that $\theta_{1}+\theta_{2}+\cdots+\theta_{10}=2 \pi$. Define the complex numbers $z_{1}=e^{i \theta_{1}}, z_{k}=z_{k-1} e^{i \theta_{k}}$ for $k=2,3, \ldots, 10$, where $i=\sqrt{-1}$. Consider the statements $P$ and $Q$ given below:

\[
\begin{aligned}

& P:\left|z_{2}-z_{1}\right|+\left|z_{3}-z_{2}\right|+\cdots+\left|z_{10}-z_{9}\right|+\left|z_{1}-z_{10}\right| \leq 2 \pi \\

& Q:\left|z_{2}^{2}-z_{1}^{2}\right|+\left|z_{3}^{2}-z_{2}^{2}\right|+\cdots+\left|z_{10}^{2}-z_{9}^{2}\right|+\left|z_{1}^{2}-z_{10}^{2}\right| \leq 4 \pi

\end{aligned}
\]

Then,",0.2,no,,,,,,,,,,,,,,,
141,JEE Adv 2021 Paper 1,MCQ,C,"Let $\theta_{1}, \theta_{2}, \ldots, \theta_{10}$ be positive valued angles (in radian) such that $\theta_{1}+\theta_{2}+\cdots+\theta_{10}=2 \pi$. Define the complex numbers $z_{1}=e^{i \theta_{1}}, z_{k}=z_{k-1} e^{i \theta_{k}}$ for $k=2,3, \ldots, 10$, where $i=\sqrt{-1}$. Consider the statements $P$ and $Q$ given below:

\[
\begin{aligned}

& P:\left|z_{2}-z_{1}\right|+\left|z_{3}-z_{2}\right|+\cdots+\left|z_{10}-z_{9}\right|+\left|z_{1}-z_{10}\right| \leq 2 \pi \\

& Q:\left|z_{2}^{2}-z_{1}^{2}\right|+\left|z_{3}^{2}-z_{2}^{2}\right|+\cdots+\left|z_{10}^{2}-z_{9}^{2}\right|+\left|z_{1}^{2}-z_{10}^{2}\right| \leq 4 \pi

\end{aligned}
\]

Then,",0.3,no,,,,,,,,,,,,,,,
141,JEE Adv 2021 Paper 1,MCQ,C,"Let $\theta_{1}, \theta_{2}, \ldots, \theta_{10}$ be positive valued angles (in radian) such that $\theta_{1}+\theta_{2}+\cdots+\theta_{10}=2 \pi$. Define the complex numbers $z_{1}=e^{i \theta_{1}}, z_{k}=z_{k-1} e^{i \theta_{k}}$ for $k=2,3, \ldots, 10$, where $i=\sqrt{-1}$. Consider the statements $P$ and $Q$ given below:

\[
\begin{aligned}

& P:\left|z_{2}-z_{1}\right|+\left|z_{3}-z_{2}\right|+\cdots+\left|z_{10}-z_{9}\right|+\left|z_{1}-z_{10}\right| \leq 2 \pi \\

& Q:\left|z_{2}^{2}-z_{1}^{2}\right|+\left|z_{3}^{2}-z_{2}^{2}\right|+\cdots+\left|z_{10}^{2}-z_{9}^{2}\right|+\left|z_{1}^{2}-z_{10}^{2}\right| \leq 4 \pi

\end{aligned}
\]

Then,",0.4,no,,,,,,,,,,,,,,,
141,JEE Adv 2021 Paper 1,MCQ,C,"Let $\theta_{1}, \theta_{2}, \ldots, \theta_{10}$ be positive valued angles (in radian) such that $\theta_{1}+\theta_{2}+\cdots+\theta_{10}=2 \pi$. Define the complex numbers $z_{1}=e^{i \theta_{1}}, z_{k}=z_{k-1} e^{i \theta_{k}}$ for $k=2,3, \ldots, 10$, where $i=\sqrt{-1}$. Consider the statements $P$ and $Q$ given below:

\[
\begin{aligned}

& P:\left|z_{2}-z_{1}\right|+\left|z_{3}-z_{2}\right|+\cdots+\left|z_{10}-z_{9}\right|+\left|z_{1}-z_{10}\right| \leq 2 \pi \\

& Q:\left|z_{2}^{2}-z_{1}^{2}\right|+\left|z_{3}^{2}-z_{2}^{2}\right|+\cdots+\left|z_{10}^{2}-z_{9}^{2}\right|+\left|z_{1}^{2}-z_{10}^{2}\right| \leq 4 \pi

\end{aligned}
\]

Then,",0.5,no,,,,,,,,,,,,,,,
142,JEE Adv 2021 Paper 1,Numeric,76.25,"Three numbers are chosen at random, one after another with replacement, from the set $S=\{1,2,3, \ldots, 100\}$. Let $p_1$ be the probability that the maximum of chosen numbers is at least 81 and $p_2$ be the probability that the minimum of chosen numbers is at most 40 . What is the value of $\frac{625}{4} p_{1}$?",0.0,no,,,,,,,,,,,,,,,
142,JEE Adv 2021 Paper 1,Numeric,76.25,"Three numbers are chosen at random, one after another with replacement, from the set $S=\{1,2,3, \ldots, 100\}$. Let $p_1$ be the probability that the maximum of chosen numbers is at least 81 and $p_2$ be the probability that the minimum of chosen numbers is at most 40 . What is the value of $\frac{625}{4} p_{1}$?",0.1,no,,,,,,,,,,,,,,,
142,JEE Adv 2021 Paper 1,Numeric,76.25,"Three numbers are chosen at random, one after another with replacement, from the set $S=\{1,2,3, \ldots, 100\}$. Let $p_1$ be the probability that the maximum of chosen numbers is at least 81 and $p_2$ be the probability that the minimum of chosen numbers is at most 40 . What is the value of $\frac{625}{4} p_{1}$?",0.2,no,,,,,,,,,,,,,,,
142,JEE Adv 2021 Paper 1,Numeric,76.25,"Three numbers are chosen at random, one after another with replacement, from the set $S=\{1,2,3, \ldots, 100\}$. Let $p_1$ be the probability that the maximum of chosen numbers is at least 81 and $p_2$ be the probability that the minimum of chosen numbers is at most 40 . What is the value of $\frac{625}{4} p_{1}$?",0.3,no,,,,,,,,,,,,,,,
142,JEE Adv 2021 Paper 1,Numeric,76.25,"Three numbers are chosen at random, one after another with replacement, from the set $S=\{1,2,3, \ldots, 100\}$. Let $p_1$ be the probability that the maximum of chosen numbers is at least 81 and $p_2$ be the probability that the minimum of chosen numbers is at most 40 . What is the value of $\frac{625}{4} p_{1}$?",0.4,no,,,,,,,,,,,,,,,
142,JEE Adv 2021 Paper 1,Numeric,76.25,"Three numbers are chosen at random, one after another with replacement, from the set $S=\{1,2,3, \ldots, 100\}$. Let $p_1$ be the probability that the maximum of chosen numbers is at least 81 and $p_2$ be the probability that the minimum of chosen numbers is at most 40 . What is the value of $\frac{625}{4} p_{1}$?",0.5,no,,,,,,,,,,,,,,,
143,JEE Adv 2021 Paper 1,Numeric,24.5,"Three numbers are chosen at random, one after another with replacement, from the set $S=\{1,2,3, \ldots, 100\}$. Let $p_1$ be the probability that the maximum of chosen numbers is at least 81 and $p_2$ be the probability that the minimum of chosen numbers is at most 40 . What is the value of $\frac{125}{4} p_{2}$?",0.0,no,,,,,,,,,,,,,,,
143,JEE Adv 2021 Paper 1,Numeric,24.5,"Three numbers are chosen at random, one after another with replacement, from the set $S=\{1,2,3, \ldots, 100\}$. Let $p_1$ be the probability that the maximum of chosen numbers is at least 81 and $p_2$ be the probability that the minimum of chosen numbers is at most 40 . What is the value of $\frac{125}{4} p_{2}$?",0.1,no,,,,,,,,,,,,,,,
143,JEE Adv 2021 Paper 1,Numeric,24.5,"Three numbers are chosen at random, one after another with replacement, from the set $S=\{1,2,3, \ldots, 100\}$. Let $p_1$ be the probability that the maximum of chosen numbers is at least 81 and $p_2$ be the probability that the minimum of chosen numbers is at most 40 . What is the value of $\frac{125}{4} p_{2}$?",0.2,no,,,,,,,,,,,,,,,
143,JEE Adv 2021 Paper 1,Numeric,24.5,"Three numbers are chosen at random, one after another with replacement, from the set $S=\{1,2,3, \ldots, 100\}$. Let $p_1$ be the probability that the maximum of chosen numbers is at least 81 and $p_2$ be the probability that the minimum of chosen numbers is at most 40 . What is the value of $\frac{125}{4} p_{2}$?",0.3,no,,,,,,,,,,,,,,,
143,JEE Adv 2021 Paper 1,Numeric,24.5,"Three numbers are chosen at random, one after another with replacement, from the set $S=\{1,2,3, \ldots, 100\}$. Let $p_1$ be the probability that the maximum of chosen numbers is at least 81 and $p_2$ be the probability that the minimum of chosen numbers is at most 40 . What is the value of $\frac{125}{4} p_{2}$?",0.4,no,,,,,,,,,,,,,,,
143,JEE Adv 2021 Paper 1,Numeric,24.5,"Three numbers are chosen at random, one after another with replacement, from the set $S=\{1,2,3, \ldots, 100\}$. Let $p_1$ be the probability that the maximum of chosen numbers is at least 81 and $p_2$ be the probability that the minimum of chosen numbers is at most 40 . What is the value of $\frac{125}{4} p_{2}$?",0.5,no,,,,,,,,,,,,,,,
144,JEE Adv 2021 Paper 1,Numeric,1.00,"Let $\alpha, \beta$ and $\gamma$ be real numbers such that the system of linear equations
\[\begin{gathered}
x+2 y+3 z=\alpha \\
4 x+5 y+6 z=\beta \\
7 x+8 y+9 z=\gamma-1
\end{gathered}\]
is consistent. Let $|M|$ represent the determinant of the matrix
\[M=\left[\begin{array}{ccc}
\alpha & 2 & \gamma \\
\beta & 1 & 0 \\
-1 & 0 & 1
\end{array}\right]\]
Let $P$ be the plane containing all those $(\alpha, \beta, \gamma)$ for which the above system of linear equations is consistent, and $D$ be the square of the distance of the point $(0,1,0)$ from the plane $P$. What is the value of $|\mathrm{M}|$?",0.0,no,,,,,,,,,,,,,,,
144,JEE Adv 2021 Paper 1,Numeric,1.00,"Let $\alpha, \beta$ and $\gamma$ be real numbers such that the system of linear equations
\[\begin{gathered}
x+2 y+3 z=\alpha \\
4 x+5 y+6 z=\beta \\
7 x+8 y+9 z=\gamma-1
\end{gathered}\]
is consistent. Let $|M|$ represent the determinant of the matrix
\[M=\left[\begin{array}{ccc}
\alpha & 2 & \gamma \\
\beta & 1 & 0 \\
-1 & 0 & 1
\end{array}\right]\]
Let $P$ be the plane containing all those $(\alpha, \beta, \gamma)$ for which the above system of linear equations is consistent, and $D$ be the square of the distance of the point $(0,1,0)$ from the plane $P$. What is the value of $|\mathrm{M}|$?",0.1,no,,,,,,,,,,,,,,,
144,JEE Adv 2021 Paper 1,Numeric,1.00,"Let $\alpha, \beta$ and $\gamma$ be real numbers such that the system of linear equations
\[\begin{gathered}
x+2 y+3 z=\alpha \\
4 x+5 y+6 z=\beta \\
7 x+8 y+9 z=\gamma-1
\end{gathered}\]
is consistent. Let $|M|$ represent the determinant of the matrix
\[M=\left[\begin{array}{ccc}
\alpha & 2 & \gamma \\
\beta & 1 & 0 \\
-1 & 0 & 1
\end{array}\right]\]
Let $P$ be the plane containing all those $(\alpha, \beta, \gamma)$ for which the above system of linear equations is consistent, and $D$ be the square of the distance of the point $(0,1,0)$ from the plane $P$. What is the value of $|\mathrm{M}|$?",0.2,no,,,,,,,,,,,,,,,
144,JEE Adv 2021 Paper 1,Numeric,1.00,"Let $\alpha, \beta$ and $\gamma$ be real numbers such that the system of linear equations
\[\begin{gathered}
x+2 y+3 z=\alpha \\
4 x+5 y+6 z=\beta \\
7 x+8 y+9 z=\gamma-1
\end{gathered}\]
is consistent. Let $|M|$ represent the determinant of the matrix
\[M=\left[\begin{array}{ccc}
\alpha & 2 & \gamma \\
\beta & 1 & 0 \\
-1 & 0 & 1
\end{array}\right]\]
Let $P$ be the plane containing all those $(\alpha, \beta, \gamma)$ for which the above system of linear equations is consistent, and $D$ be the square of the distance of the point $(0,1,0)$ from the plane $P$. What is the value of $|\mathrm{M}|$?",0.3,no,,,,,,,,,,,,,,,
144,JEE Adv 2021 Paper 1,Numeric,1.00,"Let $\alpha, \beta$ and $\gamma$ be real numbers such that the system of linear equations
\[\begin{gathered}
x+2 y+3 z=\alpha \\
4 x+5 y+6 z=\beta \\
7 x+8 y+9 z=\gamma-1
\end{gathered}\]
is consistent. Let $|M|$ represent the determinant of the matrix
\[M=\left[\begin{array}{ccc}
\alpha & 2 & \gamma \\
\beta & 1 & 0 \\
-1 & 0 & 1
\end{array}\right]\]
Let $P$ be the plane containing all those $(\alpha, \beta, \gamma)$ for which the above system of linear equations is consistent, and $D$ be the square of the distance of the point $(0,1,0)$ from the plane $P$. What is the value of $|\mathrm{M}|$?",0.4,no,,,,,,,,,,,,,,,
144,JEE Adv 2021 Paper 1,Numeric,1.00,"Let $\alpha, \beta$ and $\gamma$ be real numbers such that the system of linear equations
\[\begin{gathered}
x+2 y+3 z=\alpha \\
4 x+5 y+6 z=\beta \\
7 x+8 y+9 z=\gamma-1
\end{gathered}\]
is consistent. Let $|M|$ represent the determinant of the matrix
\[M=\left[\begin{array}{ccc}
\alpha & 2 & \gamma \\
\beta & 1 & 0 \\
-1 & 0 & 1
\end{array}\right]\]
Let $P$ be the plane containing all those $(\alpha, \beta, \gamma)$ for which the above system of linear equations is consistent, and $D$ be the square of the distance of the point $(0,1,0)$ from the plane $P$. What is the value of $|\mathrm{M}|$?",0.5,no,,,,,,,,,,,,,,,
145,JEE Adv 2021 Paper 1,Numeric,1.5,"Let $\alpha, \beta$ and $\gamma$ be real numbers such that the system of linear equations
\[\begin{gathered}
x+2 y+3 z=\alpha \\
4 x+5 y+6 z=\beta \\
7 x+8 y+9 z=\gamma-1
\end{gathered}\]
is consistent. Let $|M|$ represent the determinant of the matrix
\[M=\left[\begin{array}{ccc}
\alpha & 2 & \gamma \\
\beta & 1 & 0 \\
-1 & 0 & 1
\end{array}\right]\]
Let $P$ be the plane containing all those $(\alpha, \beta, \gamma)$ for which the above system of linear equations is consistent, and $D$ be the square of the distance of the point $(0,1,0)$ from the plane $P$. What is the value of $D$?",0.0,no,,,,,,,,,,,,,,,
145,JEE Adv 2021 Paper 1,Numeric,1.5,"Let $\alpha, \beta$ and $\gamma$ be real numbers such that the system of linear equations
\[\begin{gathered}
x+2 y+3 z=\alpha \\
4 x+5 y+6 z=\beta \\
7 x+8 y+9 z=\gamma-1
\end{gathered}\]
is consistent. Let $|M|$ represent the determinant of the matrix
\[M=\left[\begin{array}{ccc}
\alpha & 2 & \gamma \\
\beta & 1 & 0 \\
-1 & 0 & 1
\end{array}\right]\]
Let $P$ be the plane containing all those $(\alpha, \beta, \gamma)$ for which the above system of linear equations is consistent, and $D$ be the square of the distance of the point $(0,1,0)$ from the plane $P$. What is the value of $D$?",0.1,no,,,,,,,,,,,,,,,
145,JEE Adv 2021 Paper 1,Numeric,1.5,"Let $\alpha, \beta$ and $\gamma$ be real numbers such that the system of linear equations
\[\begin{gathered}
x+2 y+3 z=\alpha \\
4 x+5 y+6 z=\beta \\
7 x+8 y+9 z=\gamma-1
\end{gathered}\]
is consistent. Let $|M|$ represent the determinant of the matrix
\[M=\left[\begin{array}{ccc}
\alpha & 2 & \gamma \\
\beta & 1 & 0 \\
-1 & 0 & 1
\end{array}\right]\]
Let $P$ be the plane containing all those $(\alpha, \beta, \gamma)$ for which the above system of linear equations is consistent, and $D$ be the square of the distance of the point $(0,1,0)$ from the plane $P$. What is the value of $D$?",0.2,no,,,,,,,,,,,,,,,
145,JEE Adv 2021 Paper 1,Numeric,1.5,"Let $\alpha, \beta$ and $\gamma$ be real numbers such that the system of linear equations
\[\begin{gathered}
x+2 y+3 z=\alpha \\
4 x+5 y+6 z=\beta \\
7 x+8 y+9 z=\gamma-1
\end{gathered}\]
is consistent. Let $|M|$ represent the determinant of the matrix
\[M=\left[\begin{array}{ccc}
\alpha & 2 & \gamma \\
\beta & 1 & 0 \\
-1 & 0 & 1
\end{array}\right]\]
Let $P$ be the plane containing all those $(\alpha, \beta, \gamma)$ for which the above system of linear equations is consistent, and $D$ be the square of the distance of the point $(0,1,0)$ from the plane $P$. What is the value of $D$?",0.3,no,,,,,,,,,,,,,,,
145,JEE Adv 2021 Paper 1,Numeric,1.5,"Let $\alpha, \beta$ and $\gamma$ be real numbers such that the system of linear equations
\[\begin{gathered}
x+2 y+3 z=\alpha \\
4 x+5 y+6 z=\beta \\
7 x+8 y+9 z=\gamma-1
\end{gathered}\]
is consistent. Let $|M|$ represent the determinant of the matrix
\[M=\left[\begin{array}{ccc}
\alpha & 2 & \gamma \\
\beta & 1 & 0 \\
-1 & 0 & 1
\end{array}\right]\]
Let $P$ be the plane containing all those $(\alpha, \beta, \gamma)$ for which the above system of linear equations is consistent, and $D$ be the square of the distance of the point $(0,1,0)$ from the plane $P$. What is the value of $D$?",0.4,no,,,,,,,,,,,,,,,
145,JEE Adv 2021 Paper 1,Numeric,1.5,"Let $\alpha, \beta$ and $\gamma$ be real numbers such that the system of linear equations
\[\begin{gathered}
x+2 y+3 z=\alpha \\
4 x+5 y+6 z=\beta \\
7 x+8 y+9 z=\gamma-1
\end{gathered}\]
is consistent. Let $|M|$ represent the determinant of the matrix
\[M=\left[\begin{array}{ccc}
\alpha & 2 & \gamma \\
\beta & 1 & 0 \\
-1 & 0 & 1
\end{array}\right]\]
Let $P$ be the plane containing all those $(\alpha, \beta, \gamma)$ for which the above system of linear equations is consistent, and $D$ be the square of the distance of the point $(0,1,0)$ from the plane $P$. What is the value of $D$?",0.5,no,,,,,,,,,,,,,,,
146,JEE Adv 2021 Paper 1,Numeric,9.00,"Consider the lines $\mathrm{L}_1$ and $\mathrm{L}_2$ defined by
$\mathrm{L}_1: \mathrm{x} \sqrt{2}+\mathrm{y}-1=0$ and $\mathrm{L}_2: \mathrm{x} \sqrt{2}-\mathrm{y}+1=0$
For a fixed constant $\lambda$, let $\mathrm{C}$ be the locus of a point $\mathrm{P}$ such that the product of the distance of $\mathrm{P}$ from $\mathrm{L}_1$ and the distance of $\mathrm{P}$ from $\mathrm{L}_2$ is $\lambda^2$. The line $\mathrm{y}=2 \mathrm{x}+1$ meets $\mathrm{C}$ at two points $\mathrm{R}$ and $\mathrm{S}$, where the distance between $\mathrm{R}$ and $\mathrm{S}$ is $\sqrt{270}$.

Let the perpendicular bisector of RS meet $\mathrm{C}$ at two distinct points $\mathrm{R}^{\prime}$ and $\mathrm{S}^{\prime}$. Let $\mathrm{D}$ be the square of the distance between $\mathrm{R}^{\prime}$ and S'. What is the value of $\lambda^{2}$?",0.0,no,,,,,,,,,,,,,,,
146,JEE Adv 2021 Paper 1,Numeric,9.00,"Consider the lines $\mathrm{L}_1$ and $\mathrm{L}_2$ defined by
$\mathrm{L}_1: \mathrm{x} \sqrt{2}+\mathrm{y}-1=0$ and $\mathrm{L}_2: \mathrm{x} \sqrt{2}-\mathrm{y}+1=0$
For a fixed constant $\lambda$, let $\mathrm{C}$ be the locus of a point $\mathrm{P}$ such that the product of the distance of $\mathrm{P}$ from $\mathrm{L}_1$ and the distance of $\mathrm{P}$ from $\mathrm{L}_2$ is $\lambda^2$. The line $\mathrm{y}=2 \mathrm{x}+1$ meets $\mathrm{C}$ at two points $\mathrm{R}$ and $\mathrm{S}$, where the distance between $\mathrm{R}$ and $\mathrm{S}$ is $\sqrt{270}$.

Let the perpendicular bisector of RS meet $\mathrm{C}$ at two distinct points $\mathrm{R}^{\prime}$ and $\mathrm{S}^{\prime}$. Let $\mathrm{D}$ be the square of the distance between $\mathrm{R}^{\prime}$ and S'. What is the value of $\lambda^{2}$?",0.1,no,,,,,,,,,,,,,,,
146,JEE Adv 2021 Paper 1,Numeric,9.00,"Consider the lines $\mathrm{L}_1$ and $\mathrm{L}_2$ defined by
$\mathrm{L}_1: \mathrm{x} \sqrt{2}+\mathrm{y}-1=0$ and $\mathrm{L}_2: \mathrm{x} \sqrt{2}-\mathrm{y}+1=0$
For a fixed constant $\lambda$, let $\mathrm{C}$ be the locus of a point $\mathrm{P}$ such that the product of the distance of $\mathrm{P}$ from $\mathrm{L}_1$ and the distance of $\mathrm{P}$ from $\mathrm{L}_2$ is $\lambda^2$. The line $\mathrm{y}=2 \mathrm{x}+1$ meets $\mathrm{C}$ at two points $\mathrm{R}$ and $\mathrm{S}$, where the distance between $\mathrm{R}$ and $\mathrm{S}$ is $\sqrt{270}$.

Let the perpendicular bisector of RS meet $\mathrm{C}$ at two distinct points $\mathrm{R}^{\prime}$ and $\mathrm{S}^{\prime}$. Let $\mathrm{D}$ be the square of the distance between $\mathrm{R}^{\prime}$ and S'. What is the value of $\lambda^{2}$?",0.2,no,,,,,,,,,,,,,,,
146,JEE Adv 2021 Paper 1,Numeric,9.00,"Consider the lines $\mathrm{L}_1$ and $\mathrm{L}_2$ defined by
$\mathrm{L}_1: \mathrm{x} \sqrt{2}+\mathrm{y}-1=0$ and $\mathrm{L}_2: \mathrm{x} \sqrt{2}-\mathrm{y}+1=0$
For a fixed constant $\lambda$, let $\mathrm{C}$ be the locus of a point $\mathrm{P}$ such that the product of the distance of $\mathrm{P}$ from $\mathrm{L}_1$ and the distance of $\mathrm{P}$ from $\mathrm{L}_2$ is $\lambda^2$. The line $\mathrm{y}=2 \mathrm{x}+1$ meets $\mathrm{C}$ at two points $\mathrm{R}$ and $\mathrm{S}$, where the distance between $\mathrm{R}$ and $\mathrm{S}$ is $\sqrt{270}$.

Let the perpendicular bisector of RS meet $\mathrm{C}$ at two distinct points $\mathrm{R}^{\prime}$ and $\mathrm{S}^{\prime}$. Let $\mathrm{D}$ be the square of the distance between $\mathrm{R}^{\prime}$ and S'. What is the value of $\lambda^{2}$?",0.3,no,,,,,,,,,,,,,,,
146,JEE Adv 2021 Paper 1,Numeric,9.00,"Consider the lines $\mathrm{L}_1$ and $\mathrm{L}_2$ defined by
$\mathrm{L}_1: \mathrm{x} \sqrt{2}+\mathrm{y}-1=0$ and $\mathrm{L}_2: \mathrm{x} \sqrt{2}-\mathrm{y}+1=0$
For a fixed constant $\lambda$, let $\mathrm{C}$ be the locus of a point $\mathrm{P}$ such that the product of the distance of $\mathrm{P}$ from $\mathrm{L}_1$ and the distance of $\mathrm{P}$ from $\mathrm{L}_2$ is $\lambda^2$. The line $\mathrm{y}=2 \mathrm{x}+1$ meets $\mathrm{C}$ at two points $\mathrm{R}$ and $\mathrm{S}$, where the distance between $\mathrm{R}$ and $\mathrm{S}$ is $\sqrt{270}$.

Let the perpendicular bisector of RS meet $\mathrm{C}$ at two distinct points $\mathrm{R}^{\prime}$ and $\mathrm{S}^{\prime}$. Let $\mathrm{D}$ be the square of the distance between $\mathrm{R}^{\prime}$ and S'. What is the value of $\lambda^{2}$?",0.4,no,,,,,,,,,,,,,,,
146,JEE Adv 2021 Paper 1,Numeric,9.00,"Consider the lines $\mathrm{L}_1$ and $\mathrm{L}_2$ defined by
$\mathrm{L}_1: \mathrm{x} \sqrt{2}+\mathrm{y}-1=0$ and $\mathrm{L}_2: \mathrm{x} \sqrt{2}-\mathrm{y}+1=0$
For a fixed constant $\lambda$, let $\mathrm{C}$ be the locus of a point $\mathrm{P}$ such that the product of the distance of $\mathrm{P}$ from $\mathrm{L}_1$ and the distance of $\mathrm{P}$ from $\mathrm{L}_2$ is $\lambda^2$. The line $\mathrm{y}=2 \mathrm{x}+1$ meets $\mathrm{C}$ at two points $\mathrm{R}$ and $\mathrm{S}$, where the distance between $\mathrm{R}$ and $\mathrm{S}$ is $\sqrt{270}$.

Let the perpendicular bisector of RS meet $\mathrm{C}$ at two distinct points $\mathrm{R}^{\prime}$ and $\mathrm{S}^{\prime}$. Let $\mathrm{D}$ be the square of the distance between $\mathrm{R}^{\prime}$ and S'. What is the value of $\lambda^{2}$?",0.5,no,,,,,,,,,,,,,,,
147,JEE Adv 2021 Paper 1,Numeric,77.14,"Consider the lines $\mathrm{L}_1$ and $\mathrm{L}_2$ defined by
$\mathrm{L}_1: \mathrm{x} \sqrt{2}+\mathrm{y}-1=0$ and $\mathrm{L}_2: \mathrm{x} \sqrt{2}-\mathrm{y}+1=0$
For a fixed constant $\lambda$, let $\mathrm{C}$ be the locus of a point $\mathrm{P}$ such that the product of the distance of $\mathrm{P}$ from $\mathrm{L}_1$ and the distance of $\mathrm{P}$ from $\mathrm{L}_2$ is $\lambda^2$. The line $\mathrm{y}=2 \mathrm{x}+1$ meets $\mathrm{C}$ at two points $\mathrm{R}$ and $\mathrm{S}$, where the distance between $\mathrm{R}$ and $\mathrm{S}$ is $\sqrt{270}$.

Let the perpendicular bisector of RS meet $\mathrm{C}$ at two distinct points $\mathrm{R}^{\prime}$ and $\mathrm{S}^{\prime}$. Let $\mathrm{D}$ be the square of the distance between $\mathrm{R}^{\prime}$ and S'. What is the value of $D$?",0.0,no,,,,,,,,,,,,,,,
147,JEE Adv 2021 Paper 1,Numeric,77.14,"Consider the lines $\mathrm{L}_1$ and $\mathrm{L}_2$ defined by
$\mathrm{L}_1: \mathrm{x} \sqrt{2}+\mathrm{y}-1=0$ and $\mathrm{L}_2: \mathrm{x} \sqrt{2}-\mathrm{y}+1=0$
For a fixed constant $\lambda$, let $\mathrm{C}$ be the locus of a point $\mathrm{P}$ such that the product of the distance of $\mathrm{P}$ from $\mathrm{L}_1$ and the distance of $\mathrm{P}$ from $\mathrm{L}_2$ is $\lambda^2$. The line $\mathrm{y}=2 \mathrm{x}+1$ meets $\mathrm{C}$ at two points $\mathrm{R}$ and $\mathrm{S}$, where the distance between $\mathrm{R}$ and $\mathrm{S}$ is $\sqrt{270}$.

Let the perpendicular bisector of RS meet $\mathrm{C}$ at two distinct points $\mathrm{R}^{\prime}$ and $\mathrm{S}^{\prime}$. Let $\mathrm{D}$ be the square of the distance between $\mathrm{R}^{\prime}$ and S'. What is the value of $D$?",0.1,no,,,,,,,,,,,,,,,
147,JEE Adv 2021 Paper 1,Numeric,77.14,"Consider the lines $\mathrm{L}_1$ and $\mathrm{L}_2$ defined by
$\mathrm{L}_1: \mathrm{x} \sqrt{2}+\mathrm{y}-1=0$ and $\mathrm{L}_2: \mathrm{x} \sqrt{2}-\mathrm{y}+1=0$
For a fixed constant $\lambda$, let $\mathrm{C}$ be the locus of a point $\mathrm{P}$ such that the product of the distance of $\mathrm{P}$ from $\mathrm{L}_1$ and the distance of $\mathrm{P}$ from $\mathrm{L}_2$ is $\lambda^2$. The line $\mathrm{y}=2 \mathrm{x}+1$ meets $\mathrm{C}$ at two points $\mathrm{R}$ and $\mathrm{S}$, where the distance between $\mathrm{R}$ and $\mathrm{S}$ is $\sqrt{270}$.

Let the perpendicular bisector of RS meet $\mathrm{C}$ at two distinct points $\mathrm{R}^{\prime}$ and $\mathrm{S}^{\prime}$. Let $\mathrm{D}$ be the square of the distance between $\mathrm{R}^{\prime}$ and S'. What is the value of $D$?",0.2,no,,,,,,,,,,,,,,,
147,JEE Adv 2021 Paper 1,Numeric,77.14,"Consider the lines $\mathrm{L}_1$ and $\mathrm{L}_2$ defined by
$\mathrm{L}_1: \mathrm{x} \sqrt{2}+\mathrm{y}-1=0$ and $\mathrm{L}_2: \mathrm{x} \sqrt{2}-\mathrm{y}+1=0$
For a fixed constant $\lambda$, let $\mathrm{C}$ be the locus of a point $\mathrm{P}$ such that the product of the distance of $\mathrm{P}$ from $\mathrm{L}_1$ and the distance of $\mathrm{P}$ from $\mathrm{L}_2$ is $\lambda^2$. The line $\mathrm{y}=2 \mathrm{x}+1$ meets $\mathrm{C}$ at two points $\mathrm{R}$ and $\mathrm{S}$, where the distance between $\mathrm{R}$ and $\mathrm{S}$ is $\sqrt{270}$.

Let the perpendicular bisector of RS meet $\mathrm{C}$ at two distinct points $\mathrm{R}^{\prime}$ and $\mathrm{S}^{\prime}$. Let $\mathrm{D}$ be the square of the distance between $\mathrm{R}^{\prime}$ and S'. What is the value of $D$?",0.3,no,,,,,,,,,,,,,,,
147,JEE Adv 2021 Paper 1,Numeric,77.14,"Consider the lines $\mathrm{L}_1$ and $\mathrm{L}_2$ defined by
$\mathrm{L}_1: \mathrm{x} \sqrt{2}+\mathrm{y}-1=0$ and $\mathrm{L}_2: \mathrm{x} \sqrt{2}-\mathrm{y}+1=0$
For a fixed constant $\lambda$, let $\mathrm{C}$ be the locus of a point $\mathrm{P}$ such that the product of the distance of $\mathrm{P}$ from $\mathrm{L}_1$ and the distance of $\mathrm{P}$ from $\mathrm{L}_2$ is $\lambda^2$. The line $\mathrm{y}=2 \mathrm{x}+1$ meets $\mathrm{C}$ at two points $\mathrm{R}$ and $\mathrm{S}$, where the distance between $\mathrm{R}$ and $\mathrm{S}$ is $\sqrt{270}$.

Let the perpendicular bisector of RS meet $\mathrm{C}$ at two distinct points $\mathrm{R}^{\prime}$ and $\mathrm{S}^{\prime}$. Let $\mathrm{D}$ be the square of the distance between $\mathrm{R}^{\prime}$ and S'. What is the value of $D$?",0.4,no,,,,,,,,,,,,,,,
147,JEE Adv 2021 Paper 1,Numeric,77.14,"Consider the lines $\mathrm{L}_1$ and $\mathrm{L}_2$ defined by
$\mathrm{L}_1: \mathrm{x} \sqrt{2}+\mathrm{y}-1=0$ and $\mathrm{L}_2: \mathrm{x} \sqrt{2}-\mathrm{y}+1=0$
For a fixed constant $\lambda$, let $\mathrm{C}$ be the locus of a point $\mathrm{P}$ such that the product of the distance of $\mathrm{P}$ from $\mathrm{L}_1$ and the distance of $\mathrm{P}$ from $\mathrm{L}_2$ is $\lambda^2$. The line $\mathrm{y}=2 \mathrm{x}+1$ meets $\mathrm{C}$ at two points $\mathrm{R}$ and $\mathrm{S}$, where the distance between $\mathrm{R}$ and $\mathrm{S}$ is $\sqrt{270}$.

Let the perpendicular bisector of RS meet $\mathrm{C}$ at two distinct points $\mathrm{R}^{\prime}$ and $\mathrm{S}^{\prime}$. Let $\mathrm{D}$ be the square of the distance between $\mathrm{R}^{\prime}$ and S'. What is the value of $D$?",0.5,no,,,,,,,,,,,,,,,
148,JEE Adv 2021 Paper 1,MCQ(multiple),ABD,"For any $3 \times 3$ matrix $M$, let $|M|$ denote the determinant of $M$. Let

\[
E=\left[\begin{array}{ccc}

1 & 2 & 3 \\

2 & 3 & 4 \\

8 & 13 & 18

\end{array}\right], P=\left[\begin{array}{ccc}

1 & 0 & 0 \\

0 & 0 & 1 \\

0 & 1 & 0

\end{array}\right] \text { and } F=\left[\begin{array}{ccc}

1 & 3 & 2 \\

8 & 18 & 13 \\

2 & 4 & 3

\end{array}\right]
\]

If $Q$ is a nonsingular matrix of order $3 \times 3$, then which of the following statements is (are) TRUE?",0.0,no,,,,,,,,,,,,,,,
148,JEE Adv 2021 Paper 1,MCQ(multiple),ABD,"For any $3 \times 3$ matrix $M$, let $|M|$ denote the determinant of $M$. Let

\[
E=\left[\begin{array}{ccc}

1 & 2 & 3 \\

2 & 3 & 4 \\

8 & 13 & 18

\end{array}\right], P=\left[\begin{array}{ccc}

1 & 0 & 0 \\

0 & 0 & 1 \\

0 & 1 & 0

\end{array}\right] \text { and } F=\left[\begin{array}{ccc}

1 & 3 & 2 \\

8 & 18 & 13 \\

2 & 4 & 3

\end{array}\right]
\]

If $Q$ is a nonsingular matrix of order $3 \times 3$, then which of the following statements is (are) TRUE?",0.1,no,,,,,,,,,,,,,,,
148,JEE Adv 2021 Paper 1,MCQ(multiple),ABD,"For any $3 \times 3$ matrix $M$, let $|M|$ denote the determinant of $M$. Let

\[
E=\left[\begin{array}{ccc}

1 & 2 & 3 \\

2 & 3 & 4 \\

8 & 13 & 18

\end{array}\right], P=\left[\begin{array}{ccc}

1 & 0 & 0 \\

0 & 0 & 1 \\

0 & 1 & 0

\end{array}\right] \text { and } F=\left[\begin{array}{ccc}

1 & 3 & 2 \\

8 & 18 & 13 \\

2 & 4 & 3

\end{array}\right]
\]

If $Q$ is a nonsingular matrix of order $3 \times 3$, then which of the following statements is (are) TRUE?",0.2,no,,,,,,,,,,,,,,,
148,JEE Adv 2021 Paper 1,MCQ(multiple),ABD,"For any $3 \times 3$ matrix $M$, let $|M|$ denote the determinant of $M$. Let

\[
E=\left[\begin{array}{ccc}

1 & 2 & 3 \\

2 & 3 & 4 \\

8 & 13 & 18

\end{array}\right], P=\left[\begin{array}{ccc}

1 & 0 & 0 \\

0 & 0 & 1 \\

0 & 1 & 0

\end{array}\right] \text { and } F=\left[\begin{array}{ccc}

1 & 3 & 2 \\

8 & 18 & 13 \\

2 & 4 & 3

\end{array}\right]
\]

If $Q$ is a nonsingular matrix of order $3 \times 3$, then which of the following statements is (are) TRUE?",0.3,no,,,,,,,,,,,,,,,
148,JEE Adv 2021 Paper 1,MCQ(multiple),ABD,"For any $3 \times 3$ matrix $M$, let $|M|$ denote the determinant of $M$. Let

\[
E=\left[\begin{array}{ccc}

1 & 2 & 3 \\

2 & 3 & 4 \\

8 & 13 & 18

\end{array}\right], P=\left[\begin{array}{ccc}

1 & 0 & 0 \\

0 & 0 & 1 \\

0 & 1 & 0

\end{array}\right] \text { and } F=\left[\begin{array}{ccc}

1 & 3 & 2 \\

8 & 18 & 13 \\

2 & 4 & 3

\end{array}\right]
\]

If $Q$ is a nonsingular matrix of order $3 \times 3$, then which of the following statements is (are) TRUE?",0.4,no,,,,,,,,,,,,,,,
148,JEE Adv 2021 Paper 1,MCQ(multiple),ABD,"For any $3 \times 3$ matrix $M$, let $|M|$ denote the determinant of $M$. Let

\[
E=\left[\begin{array}{ccc}

1 & 2 & 3 \\

2 & 3 & 4 \\

8 & 13 & 18

\end{array}\right], P=\left[\begin{array}{ccc}

1 & 0 & 0 \\

0 & 0 & 1 \\

0 & 1 & 0

\end{array}\right] \text { and } F=\left[\begin{array}{ccc}

1 & 3 & 2 \\

8 & 18 & 13 \\

2 & 4 & 3

\end{array}\right]
\]

If $Q$ is a nonsingular matrix of order $3 \times 3$, then which of the following statements is (are) TRUE?",0.5,no,,,,,,,,,,,,,,,
149,JEE Adv 2021 Paper 1,MCQ(multiple),AB,"Let $f: \mathbb{R} \rightarrow \mathbb{R}$ be defined by

\[
f(x)=\frac{x^{2}-3 x-6}{x^{2}+2 x+4}
\]

Then which of the following statements is (are) TRUE ?",0.0,no,,,,,,,,,,,,,,,
149,JEE Adv 2021 Paper 1,MCQ(multiple),AB,"Let $f: \mathbb{R} \rightarrow \mathbb{R}$ be defined by

\[
f(x)=\frac{x^{2}-3 x-6}{x^{2}+2 x+4}
\]

Then which of the following statements is (are) TRUE ?",0.1,no,,,,,,,,,,,,,,,
149,JEE Adv 2021 Paper 1,MCQ(multiple),AB,"Let $f: \mathbb{R} \rightarrow \mathbb{R}$ be defined by

\[
f(x)=\frac{x^{2}-3 x-6}{x^{2}+2 x+4}
\]

Then which of the following statements is (are) TRUE ?",0.2,no,,,,,,,,,,,,,,,
149,JEE Adv 2021 Paper 1,MCQ(multiple),AB,"Let $f: \mathbb{R} \rightarrow \mathbb{R}$ be defined by

\[
f(x)=\frac{x^{2}-3 x-6}{x^{2}+2 x+4}
\]

Then which of the following statements is (are) TRUE ?",0.3,no,,,,,,,,,,,,,,,
149,JEE Adv 2021 Paper 1,MCQ(multiple),AB,"Let $f: \mathbb{R} \rightarrow \mathbb{R}$ be defined by

\[
f(x)=\frac{x^{2}-3 x-6}{x^{2}+2 x+4}
\]

Then which of the following statements is (are) TRUE ?",0.4,no,,,,,,,,,,,,,,,
149,JEE Adv 2021 Paper 1,MCQ(multiple),AB,"Let $f: \mathbb{R} \rightarrow \mathbb{R}$ be defined by

\[
f(x)=\frac{x^{2}-3 x-6}{x^{2}+2 x+4}
\]

Then which of the following statements is (are) TRUE ?",0.5,no,,,,,,,,,,,,,,,
150,JEE Adv 2021 Paper 1,MCQ(multiple),ABC,"Let $E, F$ and $G$ be three events having probabilities

\[
P(E)=\frac{1}{8}, P(F)=\frac{1}{6} \text { and } P(G)=\frac{1}{4} \text {, and let } P(E \cap F \cap G)=\frac{1}{10} \text {. }
\]

For any event $H$, if $H^{c}$ denotes its complement, then which of the following statements is (are) TRUE ?",0.0,no,,,,,,,,,,,,,,,
150,JEE Adv 2021 Paper 1,MCQ(multiple),ABC,"Let $E, F$ and $G$ be three events having probabilities

\[
P(E)=\frac{1}{8}, P(F)=\frac{1}{6} \text { and } P(G)=\frac{1}{4} \text {, and let } P(E \cap F \cap G)=\frac{1}{10} \text {. }
\]

For any event $H$, if $H^{c}$ denotes its complement, then which of the following statements is (are) TRUE ?",0.1,no,,,,,,,,,,,,,,,
150,JEE Adv 2021 Paper 1,MCQ(multiple),ABC,"Let $E, F$ and $G$ be three events having probabilities

\[
P(E)=\frac{1}{8}, P(F)=\frac{1}{6} \text { and } P(G)=\frac{1}{4} \text {, and let } P(E \cap F \cap G)=\frac{1}{10} \text {. }
\]

For any event $H$, if $H^{c}$ denotes its complement, then which of the following statements is (are) TRUE ?",0.2,no,,,,,,,,,,,,,,,
150,JEE Adv 2021 Paper 1,MCQ(multiple),ABC,"Let $E, F$ and $G$ be three events having probabilities

\[
P(E)=\frac{1}{8}, P(F)=\frac{1}{6} \text { and } P(G)=\frac{1}{4} \text {, and let } P(E \cap F \cap G)=\frac{1}{10} \text {. }
\]

For any event $H$, if $H^{c}$ denotes its complement, then which of the following statements is (are) TRUE ?",0.3,no,,,,,,,,,,,,,,,
150,JEE Adv 2021 Paper 1,MCQ(multiple),ABC,"Let $E, F$ and $G$ be three events having probabilities

\[
P(E)=\frac{1}{8}, P(F)=\frac{1}{6} \text { and } P(G)=\frac{1}{4} \text {, and let } P(E \cap F \cap G)=\frac{1}{10} \text {. }
\]

For any event $H$, if $H^{c}$ denotes its complement, then which of the following statements is (are) TRUE ?",0.4,no,,,,,,,,,,,,,,,
150,JEE Adv 2021 Paper 1,MCQ(multiple),ABC,"Let $E, F$ and $G$ be three events having probabilities

\[
P(E)=\frac{1}{8}, P(F)=\frac{1}{6} \text { and } P(G)=\frac{1}{4} \text {, and let } P(E \cap F \cap G)=\frac{1}{10} \text {. }
\]

For any event $H$, if $H^{c}$ denotes its complement, then which of the following statements is (are) TRUE ?",0.5,no,,,,,,,,,,,,,,,
151,JEE Adv 2021 Paper 1,MCQ(multiple),ABC,"For any $3 \times 3$ matrix $M$, let $|M|$ denote the determinant of $M$. Let $I$ be the $3 \times 3$ identity matrix. Let $E$ and $F$ be two $3 \times 3$ matrices such that $(I-E F)$ is invertible. If $G=(I-E F)^{-1}$, then which of the following statements is (are) TRUE ?",0.0,no,,,,,,,,,,,,,,,
151,JEE Adv 2021 Paper 1,MCQ(multiple),ABC,"For any $3 \times 3$ matrix $M$, let $|M|$ denote the determinant of $M$. Let $I$ be the $3 \times 3$ identity matrix. Let $E$ and $F$ be two $3 \times 3$ matrices such that $(I-E F)$ is invertible. If $G=(I-E F)^{-1}$, then which of the following statements is (are) TRUE ?",0.1,no,,,,,,,,,,,,,,,
151,JEE Adv 2021 Paper 1,MCQ(multiple),ABC,"For any $3 \times 3$ matrix $M$, let $|M|$ denote the determinant of $M$. Let $I$ be the $3 \times 3$ identity matrix. Let $E$ and $F$ be two $3 \times 3$ matrices such that $(I-E F)$ is invertible. If $G=(I-E F)^{-1}$, then which of the following statements is (are) TRUE ?",0.2,no,,,,,,,,,,,,,,,
151,JEE Adv 2021 Paper 1,MCQ(multiple),ABC,"For any $3 \times 3$ matrix $M$, let $|M|$ denote the determinant of $M$. Let $I$ be the $3 \times 3$ identity matrix. Let $E$ and $F$ be two $3 \times 3$ matrices such that $(I-E F)$ is invertible. If $G=(I-E F)^{-1}$, then which of the following statements is (are) TRUE ?",0.3,no,,,,,,,,,,,,,,,
151,JEE Adv 2021 Paper 1,MCQ(multiple),ABC,"For any $3 \times 3$ matrix $M$, let $|M|$ denote the determinant of $M$. Let $I$ be the $3 \times 3$ identity matrix. Let $E$ and $F$ be two $3 \times 3$ matrices such that $(I-E F)$ is invertible. If $G=(I-E F)^{-1}$, then which of the following statements is (are) TRUE ?",0.4,no,,,,,,,,,,,,,,,
151,JEE Adv 2021 Paper 1,MCQ(multiple),ABC,"For any $3 \times 3$ matrix $M$, let $|M|$ denote the determinant of $M$. Let $I$ be the $3 \times 3$ identity matrix. Let $E$ and $F$ be two $3 \times 3$ matrices such that $(I-E F)$ is invertible. If $G=(I-E F)^{-1}$, then which of the following statements is (are) TRUE ?",0.5,no,,,,,,,,,,,,,,,
152,JEE Adv 2021 Paper 1,MCQ(multiple),AB,"For any positive integer $n$, let $S_{n}:(0, \infty) \rightarrow \mathbb{R}$ be defined by

\[
S_{n}(x)=\sum_{k=1}^{n} \cot ^{-1}\left(\frac{1+k(k+1) x^{2}}{x}\right)
\]

where for any $x \in \mathbb{R}, \cot ^{-1}(x) \in(0, \pi)$ and $\tan ^{-1}(x) \in\left(-\frac{\pi}{2}, \frac{\pi}{2}\right)$. Then which of the following statements is (are) TRUE ?",0.0,no,,,,,,,,,,,,,,,
152,JEE Adv 2021 Paper 1,MCQ(multiple),AB,"For any positive integer $n$, let $S_{n}:(0, \infty) \rightarrow \mathbb{R}$ be defined by

\[
S_{n}(x)=\sum_{k=1}^{n} \cot ^{-1}\left(\frac{1+k(k+1) x^{2}}{x}\right)
\]

where for any $x \in \mathbb{R}, \cot ^{-1}(x) \in(0, \pi)$ and $\tan ^{-1}(x) \in\left(-\frac{\pi}{2}, \frac{\pi}{2}\right)$. Then which of the following statements is (are) TRUE ?",0.1,no,,,,,,,,,,,,,,,
152,JEE Adv 2021 Paper 1,MCQ(multiple),AB,"For any positive integer $n$, let $S_{n}:(0, \infty) \rightarrow \mathbb{R}$ be defined by

\[
S_{n}(x)=\sum_{k=1}^{n} \cot ^{-1}\left(\frac{1+k(k+1) x^{2}}{x}\right)
\]

where for any $x \in \mathbb{R}, \cot ^{-1}(x) \in(0, \pi)$ and $\tan ^{-1}(x) \in\left(-\frac{\pi}{2}, \frac{\pi}{2}\right)$. Then which of the following statements is (are) TRUE ?",0.2,no,,,,,,,,,,,,,,,
152,JEE Adv 2021 Paper 1,MCQ(multiple),AB,"For any positive integer $n$, let $S_{n}:(0, \infty) \rightarrow \mathbb{R}$ be defined by

\[
S_{n}(x)=\sum_{k=1}^{n} \cot ^{-1}\left(\frac{1+k(k+1) x^{2}}{x}\right)
\]

where for any $x \in \mathbb{R}, \cot ^{-1}(x) \in(0, \pi)$ and $\tan ^{-1}(x) \in\left(-\frac{\pi}{2}, \frac{\pi}{2}\right)$. Then which of the following statements is (are) TRUE ?",0.3,no,,,,,,,,,,,,,,,
152,JEE Adv 2021 Paper 1,MCQ(multiple),AB,"For any positive integer $n$, let $S_{n}:(0, \infty) \rightarrow \mathbb{R}$ be defined by

\[
S_{n}(x)=\sum_{k=1}^{n} \cot ^{-1}\left(\frac{1+k(k+1) x^{2}}{x}\right)
\]

where for any $x \in \mathbb{R}, \cot ^{-1}(x) \in(0, \pi)$ and $\tan ^{-1}(x) \in\left(-\frac{\pi}{2}, \frac{\pi}{2}\right)$. Then which of the following statements is (are) TRUE ?",0.4,no,,,,,,,,,,,,,,,
152,JEE Adv 2021 Paper 1,MCQ(multiple),AB,"For any positive integer $n$, let $S_{n}:(0, \infty) \rightarrow \mathbb{R}$ be defined by

\[
S_{n}(x)=\sum_{k=1}^{n} \cot ^{-1}\left(\frac{1+k(k+1) x^{2}}{x}\right)
\]

where for any $x \in \mathbb{R}, \cot ^{-1}(x) \in(0, \pi)$ and $\tan ^{-1}(x) \in\left(-\frac{\pi}{2}, \frac{\pi}{2}\right)$. Then which of the following statements is (are) TRUE ?",0.5,no,,,,,,,,,,,,,,,
153,JEE Adv 2021 Paper 1,MCQ(multiple),BD,"For any complex number $w=c+i d$, let $\arg (\mathrm{w}) \in(-\pi, \pi]$, where $i=\sqrt{-1}$. Let $\alpha$ and $\beta$ be real numbers such that for all complex numbers $z=x+i y$ satisfying $\arg \left(\frac{z+\alpha}{z+\beta}\right)=\frac{\pi}{4}$, the ordered pair $(x, y)$ lies on the circle

\[
x^{2}+y^{2}+5 x-3 y+4=0
\]

Then which of the following statements is (are) TRUE ?",0.0,no,,,,,,,,,,,,,,,
153,JEE Adv 2021 Paper 1,MCQ(multiple),BD,"For any complex number $w=c+i d$, let $\arg (\mathrm{w}) \in(-\pi, \pi]$, where $i=\sqrt{-1}$. Let $\alpha$ and $\beta$ be real numbers such that for all complex numbers $z=x+i y$ satisfying $\arg \left(\frac{z+\alpha}{z+\beta}\right)=\frac{\pi}{4}$, the ordered pair $(x, y)$ lies on the circle

\[
x^{2}+y^{2}+5 x-3 y+4=0
\]

Then which of the following statements is (are) TRUE ?",0.1,no,,,,,,,,,,,,,,,
153,JEE Adv 2021 Paper 1,MCQ(multiple),BD,"For any complex number $w=c+i d$, let $\arg (\mathrm{w}) \in(-\pi, \pi]$, where $i=\sqrt{-1}$. Let $\alpha$ and $\beta$ be real numbers such that for all complex numbers $z=x+i y$ satisfying $\arg \left(\frac{z+\alpha}{z+\beta}\right)=\frac{\pi}{4}$, the ordered pair $(x, y)$ lies on the circle

\[
x^{2}+y^{2}+5 x-3 y+4=0
\]

Then which of the following statements is (are) TRUE ?",0.2,no,,,,,,,,,,,,,,,
153,JEE Adv 2021 Paper 1,MCQ(multiple),BD,"For any complex number $w=c+i d$, let $\arg (\mathrm{w}) \in(-\pi, \pi]$, where $i=\sqrt{-1}$. Let $\alpha$ and $\beta$ be real numbers such that for all complex numbers $z=x+i y$ satisfying $\arg \left(\frac{z+\alpha}{z+\beta}\right)=\frac{\pi}{4}$, the ordered pair $(x, y)$ lies on the circle

\[
x^{2}+y^{2}+5 x-3 y+4=0
\]

Then which of the following statements is (are) TRUE ?",0.3,no,,,,,,,,,,,,,,,
153,JEE Adv 2021 Paper 1,MCQ(multiple),BD,"For any complex number $w=c+i d$, let $\arg (\mathrm{w}) \in(-\pi, \pi]$, where $i=\sqrt{-1}$. Let $\alpha$ and $\beta$ be real numbers such that for all complex numbers $z=x+i y$ satisfying $\arg \left(\frac{z+\alpha}{z+\beta}\right)=\frac{\pi}{4}$, the ordered pair $(x, y)$ lies on the circle

\[
x^{2}+y^{2}+5 x-3 y+4=0
\]

Then which of the following statements is (are) TRUE ?",0.4,no,,,,,,,,,,,,,,,
153,JEE Adv 2021 Paper 1,MCQ(multiple),BD,"For any complex number $w=c+i d$, let $\arg (\mathrm{w}) \in(-\pi, \pi]$, where $i=\sqrt{-1}$. Let $\alpha$ and $\beta$ be real numbers such that for all complex numbers $z=x+i y$ satisfying $\arg \left(\frac{z+\alpha}{z+\beta}\right)=\frac{\pi}{4}$, the ordered pair $(x, y)$ lies on the circle

\[
x^{2}+y^{2}+5 x-3 y+4=0
\]

Then which of the following statements is (are) TRUE ?",0.5,no,,,,,,,,,,,,,,,
154,JEE Adv 2021 Paper 1,Integer,4,"For $x \in \mathbb{R}$, what is the number of real roots of the equation

\[
3 x^{2}-4\left|x^{2}-1\right|+x-1=0
\]?",0.0,no,,,,,,,,,,,,,,,
154,JEE Adv 2021 Paper 1,Integer,4,"For $x \in \mathbb{R}$, what is the number of real roots of the equation

\[
3 x^{2}-4\left|x^{2}-1\right|+x-1=0
\]?",0.1,no,,,,,,,,,,,,,,,
154,JEE Adv 2021 Paper 1,Integer,4,"For $x \in \mathbb{R}$, what is the number of real roots of the equation

\[
3 x^{2}-4\left|x^{2}-1\right|+x-1=0
\]?",0.2,no,,,,,,,,,,,,,,,
154,JEE Adv 2021 Paper 1,Integer,4,"For $x \in \mathbb{R}$, what is the number of real roots of the equation

\[
3 x^{2}-4\left|x^{2}-1\right|+x-1=0
\]?",0.3,no,,,,,,,,,,,,,,,
154,JEE Adv 2021 Paper 1,Integer,4,"For $x \in \mathbb{R}$, what is the number of real roots of the equation

\[
3 x^{2}-4\left|x^{2}-1\right|+x-1=0
\]?",0.4,no,,,,,,,,,,,,,,,
154,JEE Adv 2021 Paper 1,Integer,4,"For $x \in \mathbb{R}$, what is the number of real roots of the equation

\[
3 x^{2}-4\left|x^{2}-1\right|+x-1=0
\]?",0.5,no,,,,,,,,,,,,,,,
155,JEE Adv 2021 Paper 1,Integer,2,"In a triangle $A B C$, let $A B=\sqrt{23}, B C=3$ and $C A=4$. Then what is the value of

\[
\frac{\cot A+\cot C}{\cot B}
\]?",0.0,no,,,,,,,,,,,,,,,
155,JEE Adv 2021 Paper 1,Integer,2,"In a triangle $A B C$, let $A B=\sqrt{23}, B C=3$ and $C A=4$. Then what is the value of

\[
\frac{\cot A+\cot C}{\cot B}
\]?",0.1,no,,,,,,,,,,,,,,,
155,JEE Adv 2021 Paper 1,Integer,2,"In a triangle $A B C$, let $A B=\sqrt{23}, B C=3$ and $C A=4$. Then what is the value of

\[
\frac{\cot A+\cot C}{\cot B}
\]?",0.2,no,,,,,,,,,,,,,,,
155,JEE Adv 2021 Paper 1,Integer,2,"In a triangle $A B C$, let $A B=\sqrt{23}, B C=3$ and $C A=4$. Then what is the value of

\[
\frac{\cot A+\cot C}{\cot B}
\]?",0.3,no,,,,,,,,,,,,,,,
155,JEE Adv 2021 Paper 1,Integer,2,"In a triangle $A B C$, let $A B=\sqrt{23}, B C=3$ and $C A=4$. Then what is the value of

\[
\frac{\cot A+\cot C}{\cot B}
\]?",0.4,no,,,,,,,,,,,,,,,
155,JEE Adv 2021 Paper 1,Integer,2,"In a triangle $A B C$, let $A B=\sqrt{23}, B C=3$ and $C A=4$. Then what is the value of

\[
\frac{\cot A+\cot C}{\cot B}
\]?",0.5,no,,,,,,,,,,,,,,,
156,JEE Adv 2021 Paper 2,MCQ(multiple),ABD,"Let

\[
\begin{gathered}

S_{1}=\{(i, j, k): i, j, k \in\{1,2, \ldots, 10\}\}, \\

S_{2}=\{(i, j): 1 \leq i<j+2 \leq 10, i, j \in\{1,2, \ldots, 10\}\} \\

S_{3}=\{(i, j, k, l): 1 \leq i<j<k<l, i, j, k, l \in\{1,2, \ldots, 10\}\}

\end{gathered}
\]

and

\[
S_{4}=\{(i, j, k, l): i, j, k \text { and } l \text { are distinct elements in }\{1,2, \ldots, 10\}\}
\]

If the total number of elements in the set $S_{r}$ is $n_{r}, r=1,2,3,4$, then which of the following statements is (are) TRUE ?",0.0,no,,,,,,,,,,,,,,,
156,JEE Adv 2021 Paper 2,MCQ(multiple),ABD,"Let

\[
\begin{gathered}

S_{1}=\{(i, j, k): i, j, k \in\{1,2, \ldots, 10\}\}, \\

S_{2}=\{(i, j): 1 \leq i<j+2 \leq 10, i, j \in\{1,2, \ldots, 10\}\} \\

S_{3}=\{(i, j, k, l): 1 \leq i<j<k<l, i, j, k, l \in\{1,2, \ldots, 10\}\}

\end{gathered}
\]

and

\[
S_{4}=\{(i, j, k, l): i, j, k \text { and } l \text { are distinct elements in }\{1,2, \ldots, 10\}\}
\]

If the total number of elements in the set $S_{r}$ is $n_{r}, r=1,2,3,4$, then which of the following statements is (are) TRUE ?",0.1,no,,,,,,,,,,,,,,,
156,JEE Adv 2021 Paper 2,MCQ(multiple),ABD,"Let

\[
\begin{gathered}

S_{1}=\{(i, j, k): i, j, k \in\{1,2, \ldots, 10\}\}, \\

S_{2}=\{(i, j): 1 \leq i<j+2 \leq 10, i, j \in\{1,2, \ldots, 10\}\} \\

S_{3}=\{(i, j, k, l): 1 \leq i<j<k<l, i, j, k, l \in\{1,2, \ldots, 10\}\}

\end{gathered}
\]

and

\[
S_{4}=\{(i, j, k, l): i, j, k \text { and } l \text { are distinct elements in }\{1,2, \ldots, 10\}\}
\]

If the total number of elements in the set $S_{r}$ is $n_{r}, r=1,2,3,4$, then which of the following statements is (are) TRUE ?",0.2,no,,,,,,,,,,,,,,,
156,JEE Adv 2021 Paper 2,MCQ(multiple),ABD,"Let

\[
\begin{gathered}

S_{1}=\{(i, j, k): i, j, k \in\{1,2, \ldots, 10\}\}, \\

S_{2}=\{(i, j): 1 \leq i<j+2 \leq 10, i, j \in\{1,2, \ldots, 10\}\} \\

S_{3}=\{(i, j, k, l): 1 \leq i<j<k<l, i, j, k, l \in\{1,2, \ldots, 10\}\}

\end{gathered}
\]

and

\[
S_{4}=\{(i, j, k, l): i, j, k \text { and } l \text { are distinct elements in }\{1,2, \ldots, 10\}\}
\]

If the total number of elements in the set $S_{r}$ is $n_{r}, r=1,2,3,4$, then which of the following statements is (are) TRUE ?",0.3,no,,,,,,,,,,,,,,,
156,JEE Adv 2021 Paper 2,MCQ(multiple),ABD,"Let

\[
\begin{gathered}

S_{1}=\{(i, j, k): i, j, k \in\{1,2, \ldots, 10\}\}, \\

S_{2}=\{(i, j): 1 \leq i<j+2 \leq 10, i, j \in\{1,2, \ldots, 10\}\} \\

S_{3}=\{(i, j, k, l): 1 \leq i<j<k<l, i, j, k, l \in\{1,2, \ldots, 10\}\}

\end{gathered}
\]

and

\[
S_{4}=\{(i, j, k, l): i, j, k \text { and } l \text { are distinct elements in }\{1,2, \ldots, 10\}\}
\]

If the total number of elements in the set $S_{r}$ is $n_{r}, r=1,2,3,4$, then which of the following statements is (are) TRUE ?",0.4,no,,,,,,,,,,,,,,,
156,JEE Adv 2021 Paper 2,MCQ(multiple),ABD,"Let

\[
\begin{gathered}

S_{1}=\{(i, j, k): i, j, k \in\{1,2, \ldots, 10\}\}, \\

S_{2}=\{(i, j): 1 \leq i<j+2 \leq 10, i, j \in\{1,2, \ldots, 10\}\} \\

S_{3}=\{(i, j, k, l): 1 \leq i<j<k<l, i, j, k, l \in\{1,2, \ldots, 10\}\}

\end{gathered}
\]

and

\[
S_{4}=\{(i, j, k, l): i, j, k \text { and } l \text { are distinct elements in }\{1,2, \ldots, 10\}\}
\]

If the total number of elements in the set $S_{r}$ is $n_{r}, r=1,2,3,4$, then which of the following statements is (are) TRUE ?",0.5,no,,,,,,,,,,,,,,,
157,JEE Adv 2021 Paper 2,MCQ(multiple),AB,"Consider a triangle $P Q R$ having sides of lengths $p, q$ and $r$ opposite to the angles $P, Q$ and $R$, respectively. Then which of the following statements is (are) TRUE ?",0.0,no,,,,,,,,,,,,,,,
157,JEE Adv 2021 Paper 2,MCQ(multiple),AB,"Consider a triangle $P Q R$ having sides of lengths $p, q$ and $r$ opposite to the angles $P, Q$ and $R$, respectively. Then which of the following statements is (are) TRUE ?",0.1,no,,,,,,,,,,,,,,,
157,JEE Adv 2021 Paper 2,MCQ(multiple),AB,"Consider a triangle $P Q R$ having sides of lengths $p, q$ and $r$ opposite to the angles $P, Q$ and $R$, respectively. Then which of the following statements is (are) TRUE ?",0.2,no,,,,,,,,,,,,,,,
157,JEE Adv 2021 Paper 2,MCQ(multiple),AB,"Consider a triangle $P Q R$ having sides of lengths $p, q$ and $r$ opposite to the angles $P, Q$ and $R$, respectively. Then which of the following statements is (are) TRUE ?",0.3,no,,,,,,,,,,,,,,,
157,JEE Adv 2021 Paper 2,MCQ(multiple),AB,"Consider a triangle $P Q R$ having sides of lengths $p, q$ and $r$ opposite to the angles $P, Q$ and $R$, respectively. Then which of the following statements is (are) TRUE ?",0.4,no,,,,,,,,,,,,,,,
157,JEE Adv 2021 Paper 2,MCQ(multiple),AB,"Consider a triangle $P Q R$ having sides of lengths $p, q$ and $r$ opposite to the angles $P, Q$ and $R$, respectively. Then which of the following statements is (are) TRUE ?",0.5,no,,,,,,,,,,,,,,,
158,JEE Adv 2021 Paper 2,MCQ(multiple),ABC,"Let $f:\left[-\frac{\pi}{2}, \frac{\pi}{2}\right] \rightarrow \mathbb{R}$ be a continuous function such that

\[
f(0)=1 \text { and } \int_{0}^{\frac{\pi}{3}} f(t) d t=0
\]

Then which of the following statements is (are) TRUE ?",0.0,no,,,,,,,,,,,,,,,
158,JEE Adv 2021 Paper 2,MCQ(multiple),ABC,"Let $f:\left[-\frac{\pi}{2}, \frac{\pi}{2}\right] \rightarrow \mathbb{R}$ be a continuous function such that

\[
f(0)=1 \text { and } \int_{0}^{\frac{\pi}{3}} f(t) d t=0
\]

Then which of the following statements is (are) TRUE ?",0.1,no,,,,,,,,,,,,,,,
158,JEE Adv 2021 Paper 2,MCQ(multiple),ABC,"Let $f:\left[-\frac{\pi}{2}, \frac{\pi}{2}\right] \rightarrow \mathbb{R}$ be a continuous function such that

\[
f(0)=1 \text { and } \int_{0}^{\frac{\pi}{3}} f(t) d t=0
\]

Then which of the following statements is (are) TRUE ?",0.2,no,,,,,,,,,,,,,,,
158,JEE Adv 2021 Paper 2,MCQ(multiple),ABC,"Let $f:\left[-\frac{\pi}{2}, \frac{\pi}{2}\right] \rightarrow \mathbb{R}$ be a continuous function such that

\[
f(0)=1 \text { and } \int_{0}^{\frac{\pi}{3}} f(t) d t=0
\]

Then which of the following statements is (are) TRUE ?",0.3,no,,,,,,,,,,,,,,,
158,JEE Adv 2021 Paper 2,MCQ(multiple),ABC,"Let $f:\left[-\frac{\pi}{2}, \frac{\pi}{2}\right] \rightarrow \mathbb{R}$ be a continuous function such that

\[
f(0)=1 \text { and } \int_{0}^{\frac{\pi}{3}} f(t) d t=0
\]

Then which of the following statements is (are) TRUE ?",0.4,no,,,,,,,,,,,,,,,
158,JEE Adv 2021 Paper 2,MCQ(multiple),ABC,"Let $f:\left[-\frac{\pi}{2}, \frac{\pi}{2}\right] \rightarrow \mathbb{R}$ be a continuous function such that

\[
f(0)=1 \text { and } \int_{0}^{\frac{\pi}{3}} f(t) d t=0
\]

Then which of the following statements is (are) TRUE ?",0.5,no,,,,,,,,,,,,,,,
159,JEE Adv 2021 Paper 2,MCQ(multiple),AC,"For any real numbers $\alpha$ and $\beta$, let $y_{\alpha, \beta}(x), x \in \mathbb{R}$, be the solution of the differential equation

\[
\frac{d y}{d x}+\alpha y=x e^{\beta x}, \quad y(1)=1
\]

Let $S=\left\{y_{\alpha, \beta}(x): \alpha, \beta \in \mathbb{R}\right\}$. Then which of the following functions belong(s) to the set $S$ ?",0.0,no,,,,,,,,,,,,,,,
159,JEE Adv 2021 Paper 2,MCQ(multiple),AC,"For any real numbers $\alpha$ and $\beta$, let $y_{\alpha, \beta}(x), x \in \mathbb{R}$, be the solution of the differential equation

\[
\frac{d y}{d x}+\alpha y=x e^{\beta x}, \quad y(1)=1
\]

Let $S=\left\{y_{\alpha, \beta}(x): \alpha, \beta \in \mathbb{R}\right\}$. Then which of the following functions belong(s) to the set $S$ ?",0.1,no,,,,,,,,,,,,,,,
159,JEE Adv 2021 Paper 2,MCQ(multiple),AC,"For any real numbers $\alpha$ and $\beta$, let $y_{\alpha, \beta}(x), x \in \mathbb{R}$, be the solution of the differential equation

\[
\frac{d y}{d x}+\alpha y=x e^{\beta x}, \quad y(1)=1
\]

Let $S=\left\{y_{\alpha, \beta}(x): \alpha, \beta \in \mathbb{R}\right\}$. Then which of the following functions belong(s) to the set $S$ ?",0.2,no,,,,,,,,,,,,,,,
159,JEE Adv 2021 Paper 2,MCQ(multiple),AC,"For any real numbers $\alpha$ and $\beta$, let $y_{\alpha, \beta}(x), x \in \mathbb{R}$, be the solution of the differential equation

\[
\frac{d y}{d x}+\alpha y=x e^{\beta x}, \quad y(1)=1
\]

Let $S=\left\{y_{\alpha, \beta}(x): \alpha, \beta \in \mathbb{R}\right\}$. Then which of the following functions belong(s) to the set $S$ ?",0.3,no,,,,,,,,,,,,,,,
159,JEE Adv 2021 Paper 2,MCQ(multiple),AC,"For any real numbers $\alpha$ and $\beta$, let $y_{\alpha, \beta}(x), x \in \mathbb{R}$, be the solution of the differential equation

\[
\frac{d y}{d x}+\alpha y=x e^{\beta x}, \quad y(1)=1
\]

Let $S=\left\{y_{\alpha, \beta}(x): \alpha, \beta \in \mathbb{R}\right\}$. Then which of the following functions belong(s) to the set $S$ ?",0.4,no,,,,,,,,,,,,,,,
159,JEE Adv 2021 Paper 2,MCQ(multiple),AC,"For any real numbers $\alpha$ and $\beta$, let $y_{\alpha, \beta}(x), x \in \mathbb{R}$, be the solution of the differential equation

\[
\frac{d y}{d x}+\alpha y=x e^{\beta x}, \quad y(1)=1
\]

Let $S=\left\{y_{\alpha, \beta}(x): \alpha, \beta \in \mathbb{R}\right\}$. Then which of the following functions belong(s) to the set $S$ ?",0.5,no,,,,,,,,,,,,,,,
160,JEE Adv 2021 Paper 2,MCQ(multiple),ABD,"Let $E$ denote the parabola $y^{2}=8 x$. Let $P=(-2,4)$, and let $Q$ and $Q^{\prime}$ be two distinct points on $E$ such that the lines $P Q$ and $P Q^{\prime}$ are tangents to $E$. Let $F$ be the focus of $E$. Then which of the following statements is (are) TRUE?",0.0,no,,,,,,,,,,,,,,,
160,JEE Adv 2021 Paper 2,MCQ(multiple),ABD,"Let $E$ denote the parabola $y^{2}=8 x$. Let $P=(-2,4)$, and let $Q$ and $Q^{\prime}$ be two distinct points on $E$ such that the lines $P Q$ and $P Q^{\prime}$ are tangents to $E$. Let $F$ be the focus of $E$. Then which of the following statements is (are) TRUE?",0.1,no,,,,,,,,,,,,,,,
160,JEE Adv 2021 Paper 2,MCQ(multiple),ABD,"Let $E$ denote the parabola $y^{2}=8 x$. Let $P=(-2,4)$, and let $Q$ and $Q^{\prime}$ be two distinct points on $E$ such that the lines $P Q$ and $P Q^{\prime}$ are tangents to $E$. Let $F$ be the focus of $E$. Then which of the following statements is (are) TRUE?",0.2,no,,,,,,,,,,,,,,,
160,JEE Adv 2021 Paper 2,MCQ(multiple),ABD,"Let $E$ denote the parabola $y^{2}=8 x$. Let $P=(-2,4)$, and let $Q$ and $Q^{\prime}$ be two distinct points on $E$ such that the lines $P Q$ and $P Q^{\prime}$ are tangents to $E$. Let $F$ be the focus of $E$. Then which of the following statements is (are) TRUE?",0.3,no,,,,,,,,,,,,,,,
160,JEE Adv 2021 Paper 2,MCQ(multiple),ABD,"Let $E$ denote the parabola $y^{2}=8 x$. Let $P=(-2,4)$, and let $Q$ and $Q^{\prime}$ be two distinct points on $E$ such that the lines $P Q$ and $P Q^{\prime}$ are tangents to $E$. Let $F$ be the focus of $E$. Then which of the following statements is (are) TRUE?",0.4,no,,,,,,,,,,,,,,,
160,JEE Adv 2021 Paper 2,MCQ(multiple),ABD,"Let $E$ denote the parabola $y^{2}=8 x$. Let $P=(-2,4)$, and let $Q$ and $Q^{\prime}$ be two distinct points on $E$ such that the lines $P Q$ and $P Q^{\prime}$ are tangents to $E$. Let $F$ be the focus of $E$. Then which of the following statements is (are) TRUE?",0.5,no,,,,,,,,,,,,,,,
161,JEE Adv 2021 Paper 2,Numeric,1.5,"Consider the region $R=\left\{(x, y) \in \mathbb{R} \times \mathbb{R}: x \geq 0\right.$ and $\left.y^2 \leq 4-x\right\}$. Let $\mathcal{F}$ be the family of all circles that are contained in $R$ and have centers on the $x$-axis. Let $C$ be the circle that has largest radius among the circles in $\mathcal{F}$. Let $(\alpha, \beta)$ be a point where the circle $C$ meets the curve $y^2=4-x$. What is the radius of the circle $C$?",0.0,no,,,,,,,,,,,,,,,
161,JEE Adv 2021 Paper 2,Numeric,1.5,"Consider the region $R=\left\{(x, y) \in \mathbb{R} \times \mathbb{R}: x \geq 0\right.$ and $\left.y^2 \leq 4-x\right\}$. Let $\mathcal{F}$ be the family of all circles that are contained in $R$ and have centers on the $x$-axis. Let $C$ be the circle that has largest radius among the circles in $\mathcal{F}$. Let $(\alpha, \beta)$ be a point where the circle $C$ meets the curve $y^2=4-x$. What is the radius of the circle $C$?",0.1,no,,,,,,,,,,,,,,,
161,JEE Adv 2021 Paper 2,Numeric,1.5,"Consider the region $R=\left\{(x, y) \in \mathbb{R} \times \mathbb{R}: x \geq 0\right.$ and $\left.y^2 \leq 4-x\right\}$. Let $\mathcal{F}$ be the family of all circles that are contained in $R$ and have centers on the $x$-axis. Let $C$ be the circle that has largest radius among the circles in $\mathcal{F}$. Let $(\alpha, \beta)$ be a point where the circle $C$ meets the curve $y^2=4-x$. What is the radius of the circle $C$?",0.2,no,,,,,,,,,,,,,,,
161,JEE Adv 2021 Paper 2,Numeric,1.5,"Consider the region $R=\left\{(x, y) \in \mathbb{R} \times \mathbb{R}: x \geq 0\right.$ and $\left.y^2 \leq 4-x\right\}$. Let $\mathcal{F}$ be the family of all circles that are contained in $R$ and have centers on the $x$-axis. Let $C$ be the circle that has largest radius among the circles in $\mathcal{F}$. Let $(\alpha, \beta)$ be a point where the circle $C$ meets the curve $y^2=4-x$. What is the radius of the circle $C$?",0.3,no,,,,,,,,,,,,,,,
161,JEE Adv 2021 Paper 2,Numeric,1.5,"Consider the region $R=\left\{(x, y) \in \mathbb{R} \times \mathbb{R}: x \geq 0\right.$ and $\left.y^2 \leq 4-x\right\}$. Let $\mathcal{F}$ be the family of all circles that are contained in $R$ and have centers on the $x$-axis. Let $C$ be the circle that has largest radius among the circles in $\mathcal{F}$. Let $(\alpha, \beta)$ be a point where the circle $C$ meets the curve $y^2=4-x$. What is the radius of the circle $C$?",0.4,no,,,,,,,,,,,,,,,
161,JEE Adv 2021 Paper 2,Numeric,1.5,"Consider the region $R=\left\{(x, y) \in \mathbb{R} \times \mathbb{R}: x \geq 0\right.$ and $\left.y^2 \leq 4-x\right\}$. Let $\mathcal{F}$ be the family of all circles that are contained in $R$ and have centers on the $x$-axis. Let $C$ be the circle that has largest radius among the circles in $\mathcal{F}$. Let $(\alpha, \beta)$ be a point where the circle $C$ meets the curve $y^2=4-x$. What is the radius of the circle $C$?",0.5,no,,,,,,,,,,,,,,,
162,JEE Adv 2021 Paper 2,Numeric,2.00,"Consider the region $R=\left\{(x, y) \in \mathbb{R} \times \mathbb{R}: x \geq 0\right.$ and $\left.y^2 \leq 4-x\right\}$. Let $\mathcal{F}$ be the family of all circles that are contained in $R$ and have centers on the $x$-axis. Let $C$ be the circle that has largest radius among the circles in $\mathcal{F}$. Let $(\alpha, \beta)$ be a point where the circle $C$ meets the curve $y^2=4-x$. What is the value of $\alpha$?",0.0,no,,,,,,,,,,,,,,,
162,JEE Adv 2021 Paper 2,Numeric,2.00,"Consider the region $R=\left\{(x, y) \in \mathbb{R} \times \mathbb{R}: x \geq 0\right.$ and $\left.y^2 \leq 4-x\right\}$. Let $\mathcal{F}$ be the family of all circles that are contained in $R$ and have centers on the $x$-axis. Let $C$ be the circle that has largest radius among the circles in $\mathcal{F}$. Let $(\alpha, \beta)$ be a point where the circle $C$ meets the curve $y^2=4-x$. What is the value of $\alpha$?",0.1,no,,,,,,,,,,,,,,,
162,JEE Adv 2021 Paper 2,Numeric,2.00,"Consider the region $R=\left\{(x, y) \in \mathbb{R} \times \mathbb{R}: x \geq 0\right.$ and $\left.y^2 \leq 4-x\right\}$. Let $\mathcal{F}$ be the family of all circles that are contained in $R$ and have centers on the $x$-axis. Let $C$ be the circle that has largest radius among the circles in $\mathcal{F}$. Let $(\alpha, \beta)$ be a point where the circle $C$ meets the curve $y^2=4-x$. What is the value of $\alpha$?",0.2,no,,,,,,,,,,,,,,,
162,JEE Adv 2021 Paper 2,Numeric,2.00,"Consider the region $R=\left\{(x, y) \in \mathbb{R} \times \mathbb{R}: x \geq 0\right.$ and $\left.y^2 \leq 4-x\right\}$. Let $\mathcal{F}$ be the family of all circles that are contained in $R$ and have centers on the $x$-axis. Let $C$ be the circle that has largest radius among the circles in $\mathcal{F}$. Let $(\alpha, \beta)$ be a point where the circle $C$ meets the curve $y^2=4-x$. What is the value of $\alpha$?",0.3,no,,,,,,,,,,,,,,,
162,JEE Adv 2021 Paper 2,Numeric,2.00,"Consider the region $R=\left\{(x, y) \in \mathbb{R} \times \mathbb{R}: x \geq 0\right.$ and $\left.y^2 \leq 4-x\right\}$. Let $\mathcal{F}$ be the family of all circles that are contained in $R$ and have centers on the $x$-axis. Let $C$ be the circle that has largest radius among the circles in $\mathcal{F}$. Let $(\alpha, \beta)$ be a point where the circle $C$ meets the curve $y^2=4-x$. What is the value of $\alpha$?",0.4,no,,,,,,,,,,,,,,,
162,JEE Adv 2021 Paper 2,Numeric,2.00,"Consider the region $R=\left\{(x, y) \in \mathbb{R} \times \mathbb{R}: x \geq 0\right.$ and $\left.y^2 \leq 4-x\right\}$. Let $\mathcal{F}$ be the family of all circles that are contained in $R$ and have centers on the $x$-axis. Let $C$ be the circle that has largest radius among the circles in $\mathcal{F}$. Let $(\alpha, \beta)$ be a point where the circle $C$ meets the curve $y^2=4-x$. What is the value of $\alpha$?",0.5,no,,,,,,,,,,,,,,,
163,JEE Adv 2021 Paper 2,Numeric,57,"Let $f_1:(0, \infty) \rightarrow \mathbb{R}$ and $f_2:(0, \infty) \rightarrow \mathbb{R}$ be defined by
\[f_1(x)=\int_0^x \prod_{j=1}^{21}(t-j)^j d t, x>0\]
and
\[f_2(x)=98(x-1)^{50}-600(x-1)^{49}+2450, x>0\]
where, for any positive integer $\mathrm{n}$ and real numbers $\mathrm{a}_1, \mathrm{a}_2, \ldots, \mathrm{a}_{\mathrm{n}}, \prod_{i=1}^{\mathrm{n}} \mathrm{a}_i$ denotes the product of $\mathrm{a}_1, \mathrm{a}_2, \ldots, \mathrm{a}_{\mathrm{n}}$. Let $\mathrm{m}_i$ and $\mathrm{n}_i$, respectively, denote the number of points of local minima and the number of points of local maxima of function $f_i, i=1,2$, in the interval $(0, \infty)$. What is the value of $2 m_{1}+3 n_{1}+m_{1} n_{1}$?",0.0,no,,,,,,,,,,,,,,,
163,JEE Adv 2021 Paper 2,Numeric,57,"Let $f_1:(0, \infty) \rightarrow \mathbb{R}$ and $f_2:(0, \infty) \rightarrow \mathbb{R}$ be defined by
\[f_1(x)=\int_0^x \prod_{j=1}^{21}(t-j)^j d t, x>0\]
and
\[f_2(x)=98(x-1)^{50}-600(x-1)^{49}+2450, x>0\]
where, for any positive integer $\mathrm{n}$ and real numbers $\mathrm{a}_1, \mathrm{a}_2, \ldots, \mathrm{a}_{\mathrm{n}}, \prod_{i=1}^{\mathrm{n}} \mathrm{a}_i$ denotes the product of $\mathrm{a}_1, \mathrm{a}_2, \ldots, \mathrm{a}_{\mathrm{n}}$. Let $\mathrm{m}_i$ and $\mathrm{n}_i$, respectively, denote the number of points of local minima and the number of points of local maxima of function $f_i, i=1,2$, in the interval $(0, \infty)$. What is the value of $2 m_{1}+3 n_{1}+m_{1} n_{1}$?",0.1,no,,,,,,,,,,,,,,,
163,JEE Adv 2021 Paper 2,Numeric,57,"Let $f_1:(0, \infty) \rightarrow \mathbb{R}$ and $f_2:(0, \infty) \rightarrow \mathbb{R}$ be defined by
\[f_1(x)=\int_0^x \prod_{j=1}^{21}(t-j)^j d t, x>0\]
and
\[f_2(x)=98(x-1)^{50}-600(x-1)^{49}+2450, x>0\]
where, for any positive integer $\mathrm{n}$ and real numbers $\mathrm{a}_1, \mathrm{a}_2, \ldots, \mathrm{a}_{\mathrm{n}}, \prod_{i=1}^{\mathrm{n}} \mathrm{a}_i$ denotes the product of $\mathrm{a}_1, \mathrm{a}_2, \ldots, \mathrm{a}_{\mathrm{n}}$. Let $\mathrm{m}_i$ and $\mathrm{n}_i$, respectively, denote the number of points of local minima and the number of points of local maxima of function $f_i, i=1,2$, in the interval $(0, \infty)$. What is the value of $2 m_{1}+3 n_{1}+m_{1} n_{1}$?",0.2,no,,,,,,,,,,,,,,,
163,JEE Adv 2021 Paper 2,Numeric,57,"Let $f_1:(0, \infty) \rightarrow \mathbb{R}$ and $f_2:(0, \infty) \rightarrow \mathbb{R}$ be defined by
\[f_1(x)=\int_0^x \prod_{j=1}^{21}(t-j)^j d t, x>0\]
and
\[f_2(x)=98(x-1)^{50}-600(x-1)^{49}+2450, x>0\]
where, for any positive integer $\mathrm{n}$ and real numbers $\mathrm{a}_1, \mathrm{a}_2, \ldots, \mathrm{a}_{\mathrm{n}}, \prod_{i=1}^{\mathrm{n}} \mathrm{a}_i$ denotes the product of $\mathrm{a}_1, \mathrm{a}_2, \ldots, \mathrm{a}_{\mathrm{n}}$. Let $\mathrm{m}_i$ and $\mathrm{n}_i$, respectively, denote the number of points of local minima and the number of points of local maxima of function $f_i, i=1,2$, in the interval $(0, \infty)$. What is the value of $2 m_{1}+3 n_{1}+m_{1} n_{1}$?",0.3,no,,,,,,,,,,,,,,,
163,JEE Adv 2021 Paper 2,Numeric,57,"Let $f_1:(0, \infty) \rightarrow \mathbb{R}$ and $f_2:(0, \infty) \rightarrow \mathbb{R}$ be defined by
\[f_1(x)=\int_0^x \prod_{j=1}^{21}(t-j)^j d t, x>0\]
and
\[f_2(x)=98(x-1)^{50}-600(x-1)^{49}+2450, x>0\]
where, for any positive integer $\mathrm{n}$ and real numbers $\mathrm{a}_1, \mathrm{a}_2, \ldots, \mathrm{a}_{\mathrm{n}}, \prod_{i=1}^{\mathrm{n}} \mathrm{a}_i$ denotes the product of $\mathrm{a}_1, \mathrm{a}_2, \ldots, \mathrm{a}_{\mathrm{n}}$. Let $\mathrm{m}_i$ and $\mathrm{n}_i$, respectively, denote the number of points of local minima and the number of points of local maxima of function $f_i, i=1,2$, in the interval $(0, \infty)$. What is the value of $2 m_{1}+3 n_{1}+m_{1} n_{1}$?",0.4,no,,,,,,,,,,,,,,,
163,JEE Adv 2021 Paper 2,Numeric,57,"Let $f_1:(0, \infty) \rightarrow \mathbb{R}$ and $f_2:(0, \infty) \rightarrow \mathbb{R}$ be defined by
\[f_1(x)=\int_0^x \prod_{j=1}^{21}(t-j)^j d t, x>0\]
and
\[f_2(x)=98(x-1)^{50}-600(x-1)^{49}+2450, x>0\]
where, for any positive integer $\mathrm{n}$ and real numbers $\mathrm{a}_1, \mathrm{a}_2, \ldots, \mathrm{a}_{\mathrm{n}}, \prod_{i=1}^{\mathrm{n}} \mathrm{a}_i$ denotes the product of $\mathrm{a}_1, \mathrm{a}_2, \ldots, \mathrm{a}_{\mathrm{n}}$. Let $\mathrm{m}_i$ and $\mathrm{n}_i$, respectively, denote the number of points of local minima and the number of points of local maxima of function $f_i, i=1,2$, in the interval $(0, \infty)$. What is the value of $2 m_{1}+3 n_{1}+m_{1} n_{1}$?",0.5,no,,,,,,,,,,,,,,,
164,JEE Adv 2021 Paper 2,Numeric,6,"Let $f_1:(0, \infty) \rightarrow \mathbb{R}$ and $f_2:(0, \infty) \rightarrow \mathbb{R}$ be defined by
\[f_1(x)=\int_0^x \prod_{j=1}^{21}(t-j)^j d t, x>0\]
and
\[f_2(x)=98(x-1)^{50}-600(x-1)^{49}+2450, x>0\]
where, for any positive integer $\mathrm{n}$ and real numbers $\mathrm{a}_1, \mathrm{a}_2, \ldots, \mathrm{a}_{\mathrm{n}}, \prod_{i=1}^{\mathrm{n}} \mathrm{a}_i$ denotes the product of $\mathrm{a}_1, \mathrm{a}_2, \ldots, \mathrm{a}_{\mathrm{n}}$. Let $\mathrm{m}_i$ and $\mathrm{n}_i$, respectively, denote the number of points of local minima and the number of points of local maxima of function $f_i, i=1,2$, in the interval $(0, \infty)$. What is the value of $6 m_{2}+4 n_{2}+8 m_{2} n_{2}$?",0.0,no,,,,,,,,,,,,,,,
164,JEE Adv 2021 Paper 2,Numeric,6,"Let $f_1:(0, \infty) \rightarrow \mathbb{R}$ and $f_2:(0, \infty) \rightarrow \mathbb{R}$ be defined by
\[f_1(x)=\int_0^x \prod_{j=1}^{21}(t-j)^j d t, x>0\]
and
\[f_2(x)=98(x-1)^{50}-600(x-1)^{49}+2450, x>0\]
where, for any positive integer $\mathrm{n}$ and real numbers $\mathrm{a}_1, \mathrm{a}_2, \ldots, \mathrm{a}_{\mathrm{n}}, \prod_{i=1}^{\mathrm{n}} \mathrm{a}_i$ denotes the product of $\mathrm{a}_1, \mathrm{a}_2, \ldots, \mathrm{a}_{\mathrm{n}}$. Let $\mathrm{m}_i$ and $\mathrm{n}_i$, respectively, denote the number of points of local minima and the number of points of local maxima of function $f_i, i=1,2$, in the interval $(0, \infty)$. What is the value of $6 m_{2}+4 n_{2}+8 m_{2} n_{2}$?",0.1,no,,,,,,,,,,,,,,,
164,JEE Adv 2021 Paper 2,Numeric,6,"Let $f_1:(0, \infty) \rightarrow \mathbb{R}$ and $f_2:(0, \infty) \rightarrow \mathbb{R}$ be defined by
\[f_1(x)=\int_0^x \prod_{j=1}^{21}(t-j)^j d t, x>0\]
and
\[f_2(x)=98(x-1)^{50}-600(x-1)^{49}+2450, x>0\]
where, for any positive integer $\mathrm{n}$ and real numbers $\mathrm{a}_1, \mathrm{a}_2, \ldots, \mathrm{a}_{\mathrm{n}}, \prod_{i=1}^{\mathrm{n}} \mathrm{a}_i$ denotes the product of $\mathrm{a}_1, \mathrm{a}_2, \ldots, \mathrm{a}_{\mathrm{n}}$. Let $\mathrm{m}_i$ and $\mathrm{n}_i$, respectively, denote the number of points of local minima and the number of points of local maxima of function $f_i, i=1,2$, in the interval $(0, \infty)$. What is the value of $6 m_{2}+4 n_{2}+8 m_{2} n_{2}$?",0.2,no,,,,,,,,,,,,,,,
164,JEE Adv 2021 Paper 2,Numeric,6,"Let $f_1:(0, \infty) \rightarrow \mathbb{R}$ and $f_2:(0, \infty) \rightarrow \mathbb{R}$ be defined by
\[f_1(x)=\int_0^x \prod_{j=1}^{21}(t-j)^j d t, x>0\]
and
\[f_2(x)=98(x-1)^{50}-600(x-1)^{49}+2450, x>0\]
where, for any positive integer $\mathrm{n}$ and real numbers $\mathrm{a}_1, \mathrm{a}_2, \ldots, \mathrm{a}_{\mathrm{n}}, \prod_{i=1}^{\mathrm{n}} \mathrm{a}_i$ denotes the product of $\mathrm{a}_1, \mathrm{a}_2, \ldots, \mathrm{a}_{\mathrm{n}}$. Let $\mathrm{m}_i$ and $\mathrm{n}_i$, respectively, denote the number of points of local minima and the number of points of local maxima of function $f_i, i=1,2$, in the interval $(0, \infty)$. What is the value of $6 m_{2}+4 n_{2}+8 m_{2} n_{2}$?",0.3,no,,,,,,,,,,,,,,,
164,JEE Adv 2021 Paper 2,Numeric,6,"Let $f_1:(0, \infty) \rightarrow \mathbb{R}$ and $f_2:(0, \infty) \rightarrow \mathbb{R}$ be defined by
\[f_1(x)=\int_0^x \prod_{j=1}^{21}(t-j)^j d t, x>0\]
and
\[f_2(x)=98(x-1)^{50}-600(x-1)^{49}+2450, x>0\]
where, for any positive integer $\mathrm{n}$ and real numbers $\mathrm{a}_1, \mathrm{a}_2, \ldots, \mathrm{a}_{\mathrm{n}}, \prod_{i=1}^{\mathrm{n}} \mathrm{a}_i$ denotes the product of $\mathrm{a}_1, \mathrm{a}_2, \ldots, \mathrm{a}_{\mathrm{n}}$. Let $\mathrm{m}_i$ and $\mathrm{n}_i$, respectively, denote the number of points of local minima and the number of points of local maxima of function $f_i, i=1,2$, in the interval $(0, \infty)$. What is the value of $6 m_{2}+4 n_{2}+8 m_{2} n_{2}$?",0.4,no,,,,,,,,,,,,,,,
164,JEE Adv 2021 Paper 2,Numeric,6,"Let $f_1:(0, \infty) \rightarrow \mathbb{R}$ and $f_2:(0, \infty) \rightarrow \mathbb{R}$ be defined by
\[f_1(x)=\int_0^x \prod_{j=1}^{21}(t-j)^j d t, x>0\]
and
\[f_2(x)=98(x-1)^{50}-600(x-1)^{49}+2450, x>0\]
where, for any positive integer $\mathrm{n}$ and real numbers $\mathrm{a}_1, \mathrm{a}_2, \ldots, \mathrm{a}_{\mathrm{n}}, \prod_{i=1}^{\mathrm{n}} \mathrm{a}_i$ denotes the product of $\mathrm{a}_1, \mathrm{a}_2, \ldots, \mathrm{a}_{\mathrm{n}}$. Let $\mathrm{m}_i$ and $\mathrm{n}_i$, respectively, denote the number of points of local minima and the number of points of local maxima of function $f_i, i=1,2$, in the interval $(0, \infty)$. What is the value of $6 m_{2}+4 n_{2}+8 m_{2} n_{2}$?",0.5,no,,,,,,,,,,,,,,,
165,JEE Adv 2021 Paper 2,Numeric,2,"Let $\mathrm{g}_i:\left[\frac{\pi}{8}, \frac{3 \pi}{8}\right] \rightarrow \mathbb{R}, \mathrm{i}=1,2$, and $f:\left[\frac{\pi}{8}, \frac{3 \pi}{8}\right] \rightarrow \mathbb{R}$ be functions such that $\mathrm{g}_1(\mathrm{x})=1, \mathrm{~g}_2(\mathrm{x})=|4 \mathrm{x}-\pi|$ and $f(\mathrm{x})=\sin ^2 \mathrm{x}$, for all $\mathrm{x} \in\left[\frac{\pi}{8}, \frac{3 \pi}{8}\right]$
Define $\mathrm{S}_i=\int_{\frac{\pi}{8}}^{\frac{3 \pi}{8}} f(\mathrm{x}) \cdot \mathrm{g}_i(\mathrm{x}) \mathrm{dx}, i=1,2$. What is the value of $\frac{16 S_{1}}{\pi}$?",0.0,no,,,,,,,,,,,,,,,
165,JEE Adv 2021 Paper 2,Numeric,2,"Let $\mathrm{g}_i:\left[\frac{\pi}{8}, \frac{3 \pi}{8}\right] \rightarrow \mathbb{R}, \mathrm{i}=1,2$, and $f:\left[\frac{\pi}{8}, \frac{3 \pi}{8}\right] \rightarrow \mathbb{R}$ be functions such that $\mathrm{g}_1(\mathrm{x})=1, \mathrm{~g}_2(\mathrm{x})=|4 \mathrm{x}-\pi|$ and $f(\mathrm{x})=\sin ^2 \mathrm{x}$, for all $\mathrm{x} \in\left[\frac{\pi}{8}, \frac{3 \pi}{8}\right]$
Define $\mathrm{S}_i=\int_{\frac{\pi}{8}}^{\frac{3 \pi}{8}} f(\mathrm{x}) \cdot \mathrm{g}_i(\mathrm{x}) \mathrm{dx}, i=1,2$. What is the value of $\frac{16 S_{1}}{\pi}$?",0.1,no,,,,,,,,,,,,,,,
165,JEE Adv 2021 Paper 2,Numeric,2,"Let $\mathrm{g}_i:\left[\frac{\pi}{8}, \frac{3 \pi}{8}\right] \rightarrow \mathbb{R}, \mathrm{i}=1,2$, and $f:\left[\frac{\pi}{8}, \frac{3 \pi}{8}\right] \rightarrow \mathbb{R}$ be functions such that $\mathrm{g}_1(\mathrm{x})=1, \mathrm{~g}_2(\mathrm{x})=|4 \mathrm{x}-\pi|$ and $f(\mathrm{x})=\sin ^2 \mathrm{x}$, for all $\mathrm{x} \in\left[\frac{\pi}{8}, \frac{3 \pi}{8}\right]$
Define $\mathrm{S}_i=\int_{\frac{\pi}{8}}^{\frac{3 \pi}{8}} f(\mathrm{x}) \cdot \mathrm{g}_i(\mathrm{x}) \mathrm{dx}, i=1,2$. What is the value of $\frac{16 S_{1}}{\pi}$?",0.2,no,,,,,,,,,,,,,,,
165,JEE Adv 2021 Paper 2,Numeric,2,"Let $\mathrm{g}_i:\left[\frac{\pi}{8}, \frac{3 \pi}{8}\right] \rightarrow \mathbb{R}, \mathrm{i}=1,2$, and $f:\left[\frac{\pi}{8}, \frac{3 \pi}{8}\right] \rightarrow \mathbb{R}$ be functions such that $\mathrm{g}_1(\mathrm{x})=1, \mathrm{~g}_2(\mathrm{x})=|4 \mathrm{x}-\pi|$ and $f(\mathrm{x})=\sin ^2 \mathrm{x}$, for all $\mathrm{x} \in\left[\frac{\pi}{8}, \frac{3 \pi}{8}\right]$
Define $\mathrm{S}_i=\int_{\frac{\pi}{8}}^{\frac{3 \pi}{8}} f(\mathrm{x}) \cdot \mathrm{g}_i(\mathrm{x}) \mathrm{dx}, i=1,2$. What is the value of $\frac{16 S_{1}}{\pi}$?",0.3,no,,,,,,,,,,,,,,,
165,JEE Adv 2021 Paper 2,Numeric,2,"Let $\mathrm{g}_i:\left[\frac{\pi}{8}, \frac{3 \pi}{8}\right] \rightarrow \mathbb{R}, \mathrm{i}=1,2$, and $f:\left[\frac{\pi}{8}, \frac{3 \pi}{8}\right] \rightarrow \mathbb{R}$ be functions such that $\mathrm{g}_1(\mathrm{x})=1, \mathrm{~g}_2(\mathrm{x})=|4 \mathrm{x}-\pi|$ and $f(\mathrm{x})=\sin ^2 \mathrm{x}$, for all $\mathrm{x} \in\left[\frac{\pi}{8}, \frac{3 \pi}{8}\right]$
Define $\mathrm{S}_i=\int_{\frac{\pi}{8}}^{\frac{3 \pi}{8}} f(\mathrm{x}) \cdot \mathrm{g}_i(\mathrm{x}) \mathrm{dx}, i=1,2$. What is the value of $\frac{16 S_{1}}{\pi}$?",0.4,no,,,,,,,,,,,,,,,
165,JEE Adv 2021 Paper 2,Numeric,2,"Let $\mathrm{g}_i:\left[\frac{\pi}{8}, \frac{3 \pi}{8}\right] \rightarrow \mathbb{R}, \mathrm{i}=1,2$, and $f:\left[\frac{\pi}{8}, \frac{3 \pi}{8}\right] \rightarrow \mathbb{R}$ be functions such that $\mathrm{g}_1(\mathrm{x})=1, \mathrm{~g}_2(\mathrm{x})=|4 \mathrm{x}-\pi|$ and $f(\mathrm{x})=\sin ^2 \mathrm{x}$, for all $\mathrm{x} \in\left[\frac{\pi}{8}, \frac{3 \pi}{8}\right]$
Define $\mathrm{S}_i=\int_{\frac{\pi}{8}}^{\frac{3 \pi}{8}} f(\mathrm{x}) \cdot \mathrm{g}_i(\mathrm{x}) \mathrm{dx}, i=1,2$. What is the value of $\frac{16 S_{1}}{\pi}$?",0.5,no,,,,,,,,,,,,,,,
166,JEE Adv 2021 Paper 2,MCQ,D,"Let
\[\mathrm{M}=\left\{(\mathrm{x}, \mathrm{y}) \in \mathbb{R} \times \mathbb{R}: \mathrm{x}^2+\mathrm{y}^2 \leq \mathrm{r}^2\right\}\]
where $\mathrm{r}>0$. Consider the geometric progression $a_n=\frac{1}{2^{n-1}}, n=1,2,3, \ldots$. Let $S_0=0$ and, for $n \geq 1$, let $S_n$ denote the sum of the first $n$ terms of this progression. For $n \geq 1$, let $C_n$ denote the circle with center $\left(S_{n-1}, 0\right)$ and radius $a_n$, and $D_n$ denote the circle with center $\left(S_{n-1}, S_{n-1}\right)$ and radius $a_n$. Consider $M$ with $r=\frac{1025}{513}$. Let $k$ be the number of all those circles $C_{n}$ that are inside $M$. Let $l$ be the maximum possible number of circles among these $k$ circles such that no two circles intersect. Then",0.0,no,,,,,,,,,,,,,,,
166,JEE Adv 2021 Paper 2,MCQ,D,"Let
\[\mathrm{M}=\left\{(\mathrm{x}, \mathrm{y}) \in \mathbb{R} \times \mathbb{R}: \mathrm{x}^2+\mathrm{y}^2 \leq \mathrm{r}^2\right\}\]
where $\mathrm{r}>0$. Consider the geometric progression $a_n=\frac{1}{2^{n-1}}, n=1,2,3, \ldots$. Let $S_0=0$ and, for $n \geq 1$, let $S_n$ denote the sum of the first $n$ terms of this progression. For $n \geq 1$, let $C_n$ denote the circle with center $\left(S_{n-1}, 0\right)$ and radius $a_n$, and $D_n$ denote the circle with center $\left(S_{n-1}, S_{n-1}\right)$ and radius $a_n$. Consider $M$ with $r=\frac{1025}{513}$. Let $k$ be the number of all those circles $C_{n}$ that are inside $M$. Let $l$ be the maximum possible number of circles among these $k$ circles such that no two circles intersect. Then",0.1,no,,,,,,,,,,,,,,,
166,JEE Adv 2021 Paper 2,MCQ,D,"Let
\[\mathrm{M}=\left\{(\mathrm{x}, \mathrm{y}) \in \mathbb{R} \times \mathbb{R}: \mathrm{x}^2+\mathrm{y}^2 \leq \mathrm{r}^2\right\}\]
where $\mathrm{r}>0$. Consider the geometric progression $a_n=\frac{1}{2^{n-1}}, n=1,2,3, \ldots$. Let $S_0=0$ and, for $n \geq 1$, let $S_n$ denote the sum of the first $n$ terms of this progression. For $n \geq 1$, let $C_n$ denote the circle with center $\left(S_{n-1}, 0\right)$ and radius $a_n$, and $D_n$ denote the circle with center $\left(S_{n-1}, S_{n-1}\right)$ and radius $a_n$. Consider $M$ with $r=\frac{1025}{513}$. Let $k$ be the number of all those circles $C_{n}$ that are inside $M$. Let $l$ be the maximum possible number of circles among these $k$ circles such that no two circles intersect. Then",0.2,no,,,,,,,,,,,,,,,
166,JEE Adv 2021 Paper 2,MCQ,D,"Let
\[\mathrm{M}=\left\{(\mathrm{x}, \mathrm{y}) \in \mathbb{R} \times \mathbb{R}: \mathrm{x}^2+\mathrm{y}^2 \leq \mathrm{r}^2\right\}\]
where $\mathrm{r}>0$. Consider the geometric progression $a_n=\frac{1}{2^{n-1}}, n=1,2,3, \ldots$. Let $S_0=0$ and, for $n \geq 1$, let $S_n$ denote the sum of the first $n$ terms of this progression. For $n \geq 1$, let $C_n$ denote the circle with center $\left(S_{n-1}, 0\right)$ and radius $a_n$, and $D_n$ denote the circle with center $\left(S_{n-1}, S_{n-1}\right)$ and radius $a_n$. Consider $M$ with $r=\frac{1025}{513}$. Let $k$ be the number of all those circles $C_{n}$ that are inside $M$. Let $l$ be the maximum possible number of circles among these $k$ circles such that no two circles intersect. Then",0.3,no,,,,,,,,,,,,,,,
166,JEE Adv 2021 Paper 2,MCQ,D,"Let
\[\mathrm{M}=\left\{(\mathrm{x}, \mathrm{y}) \in \mathbb{R} \times \mathbb{R}: \mathrm{x}^2+\mathrm{y}^2 \leq \mathrm{r}^2\right\}\]
where $\mathrm{r}>0$. Consider the geometric progression $a_n=\frac{1}{2^{n-1}}, n=1,2,3, \ldots$. Let $S_0=0$ and, for $n \geq 1$, let $S_n$ denote the sum of the first $n$ terms of this progression. For $n \geq 1$, let $C_n$ denote the circle with center $\left(S_{n-1}, 0\right)$ and radius $a_n$, and $D_n$ denote the circle with center $\left(S_{n-1}, S_{n-1}\right)$ and radius $a_n$. Consider $M$ with $r=\frac{1025}{513}$. Let $k$ be the number of all those circles $C_{n}$ that are inside $M$. Let $l$ be the maximum possible number of circles among these $k$ circles such that no two circles intersect. Then",0.4,no,,,,,,,,,,,,,,,
166,JEE Adv 2021 Paper 2,MCQ,D,"Let
\[\mathrm{M}=\left\{(\mathrm{x}, \mathrm{y}) \in \mathbb{R} \times \mathbb{R}: \mathrm{x}^2+\mathrm{y}^2 \leq \mathrm{r}^2\right\}\]
where $\mathrm{r}>0$. Consider the geometric progression $a_n=\frac{1}{2^{n-1}}, n=1,2,3, \ldots$. Let $S_0=0$ and, for $n \geq 1$, let $S_n$ denote the sum of the first $n$ terms of this progression. For $n \geq 1$, let $C_n$ denote the circle with center $\left(S_{n-1}, 0\right)$ and radius $a_n$, and $D_n$ denote the circle with center $\left(S_{n-1}, S_{n-1}\right)$ and radius $a_n$. Consider $M$ with $r=\frac{1025}{513}$. Let $k$ be the number of all those circles $C_{n}$ that are inside $M$. Let $l$ be the maximum possible number of circles among these $k$ circles such that no two circles intersect. Then",0.5,no,,,,,,,,,,,,,,,
167,JEE Adv 2021 Paper 2,MCQ,B,"Let
\[\mathrm{M}=\left\{(\mathrm{x}, \mathrm{y}) \in \mathbb{R} \times \mathbb{R}: \mathrm{x}^2+\mathrm{y}^2 \leq \mathrm{r}^2\right\}\]
where $\mathrm{r}>0$. Consider the geometric progression $a_n=\frac{1}{2^{n-1}}, n=1,2,3, \ldots$. Let $S_0=0$ and, for $n \geq 1$, let $S_n$ denote the sum of the first $n$ terms of this progression. For $n \geq 1$, let $C_n$ denote the circle with center $\left(S_{n-1}, 0\right)$ and radius $a_n$, and $D_n$ denote the circle with center $\left(S_{n-1}, S_{n-1}\right)$ and radius $a_n$. Consider $M$ with $r=\frac{\left(2^{199}-1\right) \sqrt{2}}{2^{198}}$. The number of all those circles $D_{n}$ that are inside $M$ is",0.0,no,,,,,,,,,,,,,,,
167,JEE Adv 2021 Paper 2,MCQ,B,"Let
\[\mathrm{M}=\left\{(\mathrm{x}, \mathrm{y}) \in \mathbb{R} \times \mathbb{R}: \mathrm{x}^2+\mathrm{y}^2 \leq \mathrm{r}^2\right\}\]
where $\mathrm{r}>0$. Consider the geometric progression $a_n=\frac{1}{2^{n-1}}, n=1,2,3, \ldots$. Let $S_0=0$ and, for $n \geq 1$, let $S_n$ denote the sum of the first $n$ terms of this progression. For $n \geq 1$, let $C_n$ denote the circle with center $\left(S_{n-1}, 0\right)$ and radius $a_n$, and $D_n$ denote the circle with center $\left(S_{n-1}, S_{n-1}\right)$ and radius $a_n$. Consider $M$ with $r=\frac{\left(2^{199}-1\right) \sqrt{2}}{2^{198}}$. The number of all those circles $D_{n}$ that are inside $M$ is",0.1,no,,,,,,,,,,,,,,,
167,JEE Adv 2021 Paper 2,MCQ,B,"Let
\[\mathrm{M}=\left\{(\mathrm{x}, \mathrm{y}) \in \mathbb{R} \times \mathbb{R}: \mathrm{x}^2+\mathrm{y}^2 \leq \mathrm{r}^2\right\}\]
where $\mathrm{r}>0$. Consider the geometric progression $a_n=\frac{1}{2^{n-1}}, n=1,2,3, \ldots$. Let $S_0=0$ and, for $n \geq 1$, let $S_n$ denote the sum of the first $n$ terms of this progression. For $n \geq 1$, let $C_n$ denote the circle with center $\left(S_{n-1}, 0\right)$ and radius $a_n$, and $D_n$ denote the circle with center $\left(S_{n-1}, S_{n-1}\right)$ and radius $a_n$. Consider $M$ with $r=\frac{\left(2^{199}-1\right) \sqrt{2}}{2^{198}}$. The number of all those circles $D_{n}$ that are inside $M$ is",0.2,no,,,,,,,,,,,,,,,
167,JEE Adv 2021 Paper 2,MCQ,B,"Let
\[\mathrm{M}=\left\{(\mathrm{x}, \mathrm{y}) \in \mathbb{R} \times \mathbb{R}: \mathrm{x}^2+\mathrm{y}^2 \leq \mathrm{r}^2\right\}\]
where $\mathrm{r}>0$. Consider the geometric progression $a_n=\frac{1}{2^{n-1}}, n=1,2,3, \ldots$. Let $S_0=0$ and, for $n \geq 1$, let $S_n$ denote the sum of the first $n$ terms of this progression. For $n \geq 1$, let $C_n$ denote the circle with center $\left(S_{n-1}, 0\right)$ and radius $a_n$, and $D_n$ denote the circle with center $\left(S_{n-1}, S_{n-1}\right)$ and radius $a_n$. Consider $M$ with $r=\frac{\left(2^{199}-1\right) \sqrt{2}}{2^{198}}$. The number of all those circles $D_{n}$ that are inside $M$ is",0.3,no,,,,,,,,,,,,,,,
167,JEE Adv 2021 Paper 2,MCQ,B,"Let
\[\mathrm{M}=\left\{(\mathrm{x}, \mathrm{y}) \in \mathbb{R} \times \mathbb{R}: \mathrm{x}^2+\mathrm{y}^2 \leq \mathrm{r}^2\right\}\]
where $\mathrm{r}>0$. Consider the geometric progression $a_n=\frac{1}{2^{n-1}}, n=1,2,3, \ldots$. Let $S_0=0$ and, for $n \geq 1$, let $S_n$ denote the sum of the first $n$ terms of this progression. For $n \geq 1$, let $C_n$ denote the circle with center $\left(S_{n-1}, 0\right)$ and radius $a_n$, and $D_n$ denote the circle with center $\left(S_{n-1}, S_{n-1}\right)$ and radius $a_n$. Consider $M$ with $r=\frac{\left(2^{199}-1\right) \sqrt{2}}{2^{198}}$. The number of all those circles $D_{n}$ that are inside $M$ is",0.4,no,,,,,,,,,,,,,,,
167,JEE Adv 2021 Paper 2,MCQ,B,"Let
\[\mathrm{M}=\left\{(\mathrm{x}, \mathrm{y}) \in \mathbb{R} \times \mathbb{R}: \mathrm{x}^2+\mathrm{y}^2 \leq \mathrm{r}^2\right\}\]
where $\mathrm{r}>0$. Consider the geometric progression $a_n=\frac{1}{2^{n-1}}, n=1,2,3, \ldots$. Let $S_0=0$ and, for $n \geq 1$, let $S_n$ denote the sum of the first $n$ terms of this progression. For $n \geq 1$, let $C_n$ denote the circle with center $\left(S_{n-1}, 0\right)$ and radius $a_n$, and $D_n$ denote the circle with center $\left(S_{n-1}, S_{n-1}\right)$ and radius $a_n$. Consider $M$ with $r=\frac{\left(2^{199}-1\right) \sqrt{2}}{2^{198}}$. The number of all those circles $D_{n}$ that are inside $M$ is",0.5,no,,,,,,,,,,,,,,,
168,JEE Adv 2021 Paper 2,MCQ,C,"Let $\psi_1:[0, \infty) \rightarrow \mathbb{R}, \psi_2:[0, \infty) \rightarrow \mathbb{R}, f:[0, \infty) \rightarrow \mathbb{R}$ and $g:[0, \infty) \rightarrow \mathbb{R}$ be functions such that
\[\begin{aligned}
& f(0)=\mathrm{g}(0)=0, \\
& \psi_1(\mathrm{x})=\mathrm{e}^{-\mathrm{x}}+\mathrm{x}, \quad \mathrm{x} \geq 0, \\
& \psi_2(\mathrm{x})=\mathrm{x}^2-2 \mathrm{x}-2 \mathrm{e}^{-\mathrm{x}}+2, \mathrm{x} \geq 0, \\
& f(\mathrm{x})=\int_{-\mathrm{x}}^{\mathrm{x}}\left(|\mathrm{t}|-\mathrm{t}^2\right) \mathrm{e}^{-\mathrm{t}^2} \mathrm{dt}, \mathrm{x}>0
\end{aligned}\]
and
\[g(x)=\int_0^{x^2} \sqrt{t} e^{-t} d t, x>0\]. Which of the following statements is TRUE?",0.0,no,,,,,,,,,,,,,,,
168,JEE Adv 2021 Paper 2,MCQ,C,"Let $\psi_1:[0, \infty) \rightarrow \mathbb{R}, \psi_2:[0, \infty) \rightarrow \mathbb{R}, f:[0, \infty) \rightarrow \mathbb{R}$ and $g:[0, \infty) \rightarrow \mathbb{R}$ be functions such that
\[\begin{aligned}
& f(0)=\mathrm{g}(0)=0, \\
& \psi_1(\mathrm{x})=\mathrm{e}^{-\mathrm{x}}+\mathrm{x}, \quad \mathrm{x} \geq 0, \\
& \psi_2(\mathrm{x})=\mathrm{x}^2-2 \mathrm{x}-2 \mathrm{e}^{-\mathrm{x}}+2, \mathrm{x} \geq 0, \\
& f(\mathrm{x})=\int_{-\mathrm{x}}^{\mathrm{x}}\left(|\mathrm{t}|-\mathrm{t}^2\right) \mathrm{e}^{-\mathrm{t}^2} \mathrm{dt}, \mathrm{x}>0
\end{aligned}\]
and
\[g(x)=\int_0^{x^2} \sqrt{t} e^{-t} d t, x>0\]. Which of the following statements is TRUE?",0.1,no,,,,,,,,,,,,,,,
168,JEE Adv 2021 Paper 2,MCQ,C,"Let $\psi_1:[0, \infty) \rightarrow \mathbb{R}, \psi_2:[0, \infty) \rightarrow \mathbb{R}, f:[0, \infty) \rightarrow \mathbb{R}$ and $g:[0, \infty) \rightarrow \mathbb{R}$ be functions such that
\[\begin{aligned}
& f(0)=\mathrm{g}(0)=0, \\
& \psi_1(\mathrm{x})=\mathrm{e}^{-\mathrm{x}}+\mathrm{x}, \quad \mathrm{x} \geq 0, \\
& \psi_2(\mathrm{x})=\mathrm{x}^2-2 \mathrm{x}-2 \mathrm{e}^{-\mathrm{x}}+2, \mathrm{x} \geq 0, \\
& f(\mathrm{x})=\int_{-\mathrm{x}}^{\mathrm{x}}\left(|\mathrm{t}|-\mathrm{t}^2\right) \mathrm{e}^{-\mathrm{t}^2} \mathrm{dt}, \mathrm{x}>0
\end{aligned}\]
and
\[g(x)=\int_0^{x^2} \sqrt{t} e^{-t} d t, x>0\]. Which of the following statements is TRUE?",0.2,no,,,,,,,,,,,,,,,
168,JEE Adv 2021 Paper 2,MCQ,C,"Let $\psi_1:[0, \infty) \rightarrow \mathbb{R}, \psi_2:[0, \infty) \rightarrow \mathbb{R}, f:[0, \infty) \rightarrow \mathbb{R}$ and $g:[0, \infty) \rightarrow \mathbb{R}$ be functions such that
\[\begin{aligned}
& f(0)=\mathrm{g}(0)=0, \\
& \psi_1(\mathrm{x})=\mathrm{e}^{-\mathrm{x}}+\mathrm{x}, \quad \mathrm{x} \geq 0, \\
& \psi_2(\mathrm{x})=\mathrm{x}^2-2 \mathrm{x}-2 \mathrm{e}^{-\mathrm{x}}+2, \mathrm{x} \geq 0, \\
& f(\mathrm{x})=\int_{-\mathrm{x}}^{\mathrm{x}}\left(|\mathrm{t}|-\mathrm{t}^2\right) \mathrm{e}^{-\mathrm{t}^2} \mathrm{dt}, \mathrm{x}>0
\end{aligned}\]
and
\[g(x)=\int_0^{x^2} \sqrt{t} e^{-t} d t, x>0\]. Which of the following statements is TRUE?",0.3,no,,,,,,,,,,,,,,,
168,JEE Adv 2021 Paper 2,MCQ,C,"Let $\psi_1:[0, \infty) \rightarrow \mathbb{R}, \psi_2:[0, \infty) \rightarrow \mathbb{R}, f:[0, \infty) \rightarrow \mathbb{R}$ and $g:[0, \infty) \rightarrow \mathbb{R}$ be functions such that
\[\begin{aligned}
& f(0)=\mathrm{g}(0)=0, \\
& \psi_1(\mathrm{x})=\mathrm{e}^{-\mathrm{x}}+\mathrm{x}, \quad \mathrm{x} \geq 0, \\
& \psi_2(\mathrm{x})=\mathrm{x}^2-2 \mathrm{x}-2 \mathrm{e}^{-\mathrm{x}}+2, \mathrm{x} \geq 0, \\
& f(\mathrm{x})=\int_{-\mathrm{x}}^{\mathrm{x}}\left(|\mathrm{t}|-\mathrm{t}^2\right) \mathrm{e}^{-\mathrm{t}^2} \mathrm{dt}, \mathrm{x}>0
\end{aligned}\]
and
\[g(x)=\int_0^{x^2} \sqrt{t} e^{-t} d t, x>0\]. Which of the following statements is TRUE?",0.4,no,,,,,,,,,,,,,,,
168,JEE Adv 2021 Paper 2,MCQ,C,"Let $\psi_1:[0, \infty) \rightarrow \mathbb{R}, \psi_2:[0, \infty) \rightarrow \mathbb{R}, f:[0, \infty) \rightarrow \mathbb{R}$ and $g:[0, \infty) \rightarrow \mathbb{R}$ be functions such that
\[\begin{aligned}
& f(0)=\mathrm{g}(0)=0, \\
& \psi_1(\mathrm{x})=\mathrm{e}^{-\mathrm{x}}+\mathrm{x}, \quad \mathrm{x} \geq 0, \\
& \psi_2(\mathrm{x})=\mathrm{x}^2-2 \mathrm{x}-2 \mathrm{e}^{-\mathrm{x}}+2, \mathrm{x} \geq 0, \\
& f(\mathrm{x})=\int_{-\mathrm{x}}^{\mathrm{x}}\left(|\mathrm{t}|-\mathrm{t}^2\right) \mathrm{e}^{-\mathrm{t}^2} \mathrm{dt}, \mathrm{x}>0
\end{aligned}\]
and
\[g(x)=\int_0^{x^2} \sqrt{t} e^{-t} d t, x>0\]. Which of the following statements is TRUE?",0.5,no,,,,,,,,,,,,,,,
169,JEE Adv 2022 Paper 1,Numeric,2.35,"Considering only the principal values of the inverse trigonometric functions, what is the value of

\[
\frac{3}{2} \cos ^{-1} \sqrt{\frac{2}{2+\pi^{2}}}+\frac{1}{4} \sin ^{-1} \frac{2 \sqrt{2} \pi}{2+\pi^{2}}+\tan ^{-1} \frac{\sqrt{2}}{\pi}
\]?",0.0,no,,,,,,,,,,,,,,,
169,JEE Adv 2022 Paper 1,Numeric,2.35,"Considering only the principal values of the inverse trigonometric functions, what is the value of

\[
\frac{3}{2} \cos ^{-1} \sqrt{\frac{2}{2+\pi^{2}}}+\frac{1}{4} \sin ^{-1} \frac{2 \sqrt{2} \pi}{2+\pi^{2}}+\tan ^{-1} \frac{\sqrt{2}}{\pi}
\]?",0.1,no,,,,,,,,,,,,,,,
169,JEE Adv 2022 Paper 1,Numeric,2.35,"Considering only the principal values of the inverse trigonometric functions, what is the value of

\[
\frac{3}{2} \cos ^{-1} \sqrt{\frac{2}{2+\pi^{2}}}+\frac{1}{4} \sin ^{-1} \frac{2 \sqrt{2} \pi}{2+\pi^{2}}+\tan ^{-1} \frac{\sqrt{2}}{\pi}
\]?",0.2,no,,,,,,,,,,,,,,,
169,JEE Adv 2022 Paper 1,Numeric,2.35,"Considering only the principal values of the inverse trigonometric functions, what is the value of

\[
\frac{3}{2} \cos ^{-1} \sqrt{\frac{2}{2+\pi^{2}}}+\frac{1}{4} \sin ^{-1} \frac{2 \sqrt{2} \pi}{2+\pi^{2}}+\tan ^{-1} \frac{\sqrt{2}}{\pi}
\]?",0.3,no,,,,,,,,,,,,,,,
169,JEE Adv 2022 Paper 1,Numeric,2.35,"Considering only the principal values of the inverse trigonometric functions, what is the value of

\[
\frac{3}{2} \cos ^{-1} \sqrt{\frac{2}{2+\pi^{2}}}+\frac{1}{4} \sin ^{-1} \frac{2 \sqrt{2} \pi}{2+\pi^{2}}+\tan ^{-1} \frac{\sqrt{2}}{\pi}
\]?",0.4,no,,,,,,,,,,,,,,,
169,JEE Adv 2022 Paper 1,Numeric,2.35,"Considering only the principal values of the inverse trigonometric functions, what is the value of

\[
\frac{3}{2} \cos ^{-1} \sqrt{\frac{2}{2+\pi^{2}}}+\frac{1}{4} \sin ^{-1} \frac{2 \sqrt{2} \pi}{2+\pi^{2}}+\tan ^{-1} \frac{\sqrt{2}}{\pi}
\]?",0.5,no,,,,,,,,,,,,,,,
170,JEE Adv 2022 Paper 1,Numeric,0.5,"Let $\alpha$ be a positive real number. Let $f: \mathbb{R} \rightarrow \mathbb{R}$ and $g:(\alpha, \infty) \rightarrow \mathbb{R}$ be the functions defined by

\[
f(x)=\sin \left(\frac{\pi x}{12}\right) \quad \text { and } \quad g(x)=\frac{2 \log _{\mathrm{e}}(\sqrt{x}-\sqrt{\alpha})}{\log _{\mathrm{e}}\left(e^{\sqrt{x}}-e^{\sqrt{\alpha}}\right)}
\]

Then what is the value of $\lim _{x \rightarrow \alpha^{+}} f(g(x))$?",0.0,no,,,,,,,,,,,,,,,
170,JEE Adv 2022 Paper 1,Numeric,0.5,"Let $\alpha$ be a positive real number. Let $f: \mathbb{R} \rightarrow \mathbb{R}$ and $g:(\alpha, \infty) \rightarrow \mathbb{R}$ be the functions defined by

\[
f(x)=\sin \left(\frac{\pi x}{12}\right) \quad \text { and } \quad g(x)=\frac{2 \log _{\mathrm{e}}(\sqrt{x}-\sqrt{\alpha})}{\log _{\mathrm{e}}\left(e^{\sqrt{x}}-e^{\sqrt{\alpha}}\right)}
\]

Then what is the value of $\lim _{x \rightarrow \alpha^{+}} f(g(x))$?",0.1,no,,,,,,,,,,,,,,,
170,JEE Adv 2022 Paper 1,Numeric,0.5,"Let $\alpha$ be a positive real number. Let $f: \mathbb{R} \rightarrow \mathbb{R}$ and $g:(\alpha, \infty) \rightarrow \mathbb{R}$ be the functions defined by

\[
f(x)=\sin \left(\frac{\pi x}{12}\right) \quad \text { and } \quad g(x)=\frac{2 \log _{\mathrm{e}}(\sqrt{x}-\sqrt{\alpha})}{\log _{\mathrm{e}}\left(e^{\sqrt{x}}-e^{\sqrt{\alpha}}\right)}
\]

Then what is the value of $\lim _{x \rightarrow \alpha^{+}} f(g(x))$?",0.2,no,,,,,,,,,,,,,,,
170,JEE Adv 2022 Paper 1,Numeric,0.5,"Let $\alpha$ be a positive real number. Let $f: \mathbb{R} \rightarrow \mathbb{R}$ and $g:(\alpha, \infty) \rightarrow \mathbb{R}$ be the functions defined by

\[
f(x)=\sin \left(\frac{\pi x}{12}\right) \quad \text { and } \quad g(x)=\frac{2 \log _{\mathrm{e}}(\sqrt{x}-\sqrt{\alpha})}{\log _{\mathrm{e}}\left(e^{\sqrt{x}}-e^{\sqrt{\alpha}}\right)}
\]

Then what is the value of $\lim _{x \rightarrow \alpha^{+}} f(g(x))$?",0.3,no,,,,,,,,,,,,,,,
170,JEE Adv 2022 Paper 1,Numeric,0.5,"Let $\alpha$ be a positive real number. Let $f: \mathbb{R} \rightarrow \mathbb{R}$ and $g:(\alpha, \infty) \rightarrow \mathbb{R}$ be the functions defined by

\[
f(x)=\sin \left(\frac{\pi x}{12}\right) \quad \text { and } \quad g(x)=\frac{2 \log _{\mathrm{e}}(\sqrt{x}-\sqrt{\alpha})}{\log _{\mathrm{e}}\left(e^{\sqrt{x}}-e^{\sqrt{\alpha}}\right)}
\]

Then what is the value of $\lim _{x \rightarrow \alpha^{+}} f(g(x))$?",0.4,no,,,,,,,,,,,,,,,
170,JEE Adv 2022 Paper 1,Numeric,0.5,"Let $\alpha$ be a positive real number. Let $f: \mathbb{R} \rightarrow \mathbb{R}$ and $g:(\alpha, \infty) \rightarrow \mathbb{R}$ be the functions defined by

\[
f(x)=\sin \left(\frac{\pi x}{12}\right) \quad \text { and } \quad g(x)=\frac{2 \log _{\mathrm{e}}(\sqrt{x}-\sqrt{\alpha})}{\log _{\mathrm{e}}\left(e^{\sqrt{x}}-e^{\sqrt{\alpha}}\right)}
\]

Then what is the value of $\lim _{x \rightarrow \alpha^{+}} f(g(x))$?",0.5,no,,,,,,,,,,,,,,,
171,JEE Adv 2022 Paper 1,Numeric,0.8,"In a study about a pandemic, data of 900 persons was collected. It was found that

190 persons had symptom of fever,

220 persons had symptom of cough,

220 persons had symptom of breathing problem,

330 persons had symptom of fever or cough or both,

350 persons had symptom of cough or breathing problem or both,

340 persons had symptom of fever or breathing problem or both,

30 persons had all three symptoms (fever, cough and breathing problem).

If a person is chosen randomly from these 900 persons, then what the probability that the person has at most one symptom?",0.0,no,,,,,,,,,,,,,,,
171,JEE Adv 2022 Paper 1,Numeric,0.8,"In a study about a pandemic, data of 900 persons was collected. It was found that

190 persons had symptom of fever,

220 persons had symptom of cough,

220 persons had symptom of breathing problem,

330 persons had symptom of fever or cough or both,

350 persons had symptom of cough or breathing problem or both,

340 persons had symptom of fever or breathing problem or both,

30 persons had all three symptoms (fever, cough and breathing problem).

If a person is chosen randomly from these 900 persons, then what the probability that the person has at most one symptom?",0.1,no,,,,,,,,,,,,,,,
171,JEE Adv 2022 Paper 1,Numeric,0.8,"In a study about a pandemic, data of 900 persons was collected. It was found that

190 persons had symptom of fever,

220 persons had symptom of cough,

220 persons had symptom of breathing problem,

330 persons had symptom of fever or cough or both,

350 persons had symptom of cough or breathing problem or both,

340 persons had symptom of fever or breathing problem or both,

30 persons had all three symptoms (fever, cough and breathing problem).

If a person is chosen randomly from these 900 persons, then what the probability that the person has at most one symptom?",0.2,no,,,,,,,,,,,,,,,
171,JEE Adv 2022 Paper 1,Numeric,0.8,"In a study about a pandemic, data of 900 persons was collected. It was found that

190 persons had symptom of fever,

220 persons had symptom of cough,

220 persons had symptom of breathing problem,

330 persons had symptom of fever or cough or both,

350 persons had symptom of cough or breathing problem or both,

340 persons had symptom of fever or breathing problem or both,

30 persons had all three symptoms (fever, cough and breathing problem).

If a person is chosen randomly from these 900 persons, then what the probability that the person has at most one symptom?",0.3,no,,,,,,,,,,,,,,,
171,JEE Adv 2022 Paper 1,Numeric,0.8,"In a study about a pandemic, data of 900 persons was collected. It was found that

190 persons had symptom of fever,

220 persons had symptom of cough,

220 persons had symptom of breathing problem,

330 persons had symptom of fever or cough or both,

350 persons had symptom of cough or breathing problem or both,

340 persons had symptom of fever or breathing problem or both,

30 persons had all three symptoms (fever, cough and breathing problem).

If a person is chosen randomly from these 900 persons, then what the probability that the person has at most one symptom?",0.4,no,,,,,,,,,,,,,,,
171,JEE Adv 2022 Paper 1,Numeric,0.8,"In a study about a pandemic, data of 900 persons was collected. It was found that

190 persons had symptom of fever,

220 persons had symptom of cough,

220 persons had symptom of breathing problem,

330 persons had symptom of fever or cough or both,

350 persons had symptom of cough or breathing problem or both,

340 persons had symptom of fever or breathing problem or both,

30 persons had all three symptoms (fever, cough and breathing problem).

If a person is chosen randomly from these 900 persons, then what the probability that the person has at most one symptom?",0.5,no,,,,,,,,,,,,,,,
172,JEE Adv 2022 Paper 1,Numeric,0.5,"Let $z$ be a complex number with non-zero imaginary part. If

\[
\frac{2+3 z+4 z^{2}}{2-3 z+4 z^{2}}
\]

is a real number, then the value of $|z|^{2}$ is",0.0,no,,,,,,,,,,,,,,,
172,JEE Adv 2022 Paper 1,Numeric,0.5,"Let $z$ be a complex number with non-zero imaginary part. If

\[
\frac{2+3 z+4 z^{2}}{2-3 z+4 z^{2}}
\]

is a real number, then the value of $|z|^{2}$ is",0.1,no,,,,,,,,,,,,,,,
172,JEE Adv 2022 Paper 1,Numeric,0.5,"Let $z$ be a complex number with non-zero imaginary part. If

\[
\frac{2+3 z+4 z^{2}}{2-3 z+4 z^{2}}
\]

is a real number, then the value of $|z|^{2}$ is",0.2,no,,,,,,,,,,,,,,,
172,JEE Adv 2022 Paper 1,Numeric,0.5,"Let $z$ be a complex number with non-zero imaginary part. If

\[
\frac{2+3 z+4 z^{2}}{2-3 z+4 z^{2}}
\]

is a real number, then the value of $|z|^{2}$ is",0.3,no,,,,,,,,,,,,,,,
172,JEE Adv 2022 Paper 1,Numeric,0.5,"Let $z$ be a complex number with non-zero imaginary part. If

\[
\frac{2+3 z+4 z^{2}}{2-3 z+4 z^{2}}
\]

is a real number, then the value of $|z|^{2}$ is",0.4,no,,,,,,,,,,,,,,,
172,JEE Adv 2022 Paper 1,Numeric,0.5,"Let $z$ be a complex number with non-zero imaginary part. If

\[
\frac{2+3 z+4 z^{2}}{2-3 z+4 z^{2}}
\]

is a real number, then the value of $|z|^{2}$ is",0.5,no,,,,,,,,,,,,,,,
173,JEE Adv 2022 Paper 1,Numeric,4,"Let $\bar{z}$ denote the complex conjugate of a complex number $z$ and let $i=\sqrt{-1}$. In the set of complex numbers,what is the number of distinct roots of the equation

\[
\bar{z}-z^{2}=i\left(\bar{z}+z^{2}\right)
\]?",0.0,no,,,,,,,,,,,,,,,
173,JEE Adv 2022 Paper 1,Numeric,4,"Let $\bar{z}$ denote the complex conjugate of a complex number $z$ and let $i=\sqrt{-1}$. In the set of complex numbers,what is the number of distinct roots of the equation

\[
\bar{z}-z^{2}=i\left(\bar{z}+z^{2}\right)
\]?",0.1,no,,,,,,,,,,,,,,,
173,JEE Adv 2022 Paper 1,Numeric,4,"Let $\bar{z}$ denote the complex conjugate of a complex number $z$ and let $i=\sqrt{-1}$. In the set of complex numbers,what is the number of distinct roots of the equation

\[
\bar{z}-z^{2}=i\left(\bar{z}+z^{2}\right)
\]?",0.2,no,,,,,,,,,,,,,,,
173,JEE Adv 2022 Paper 1,Numeric,4,"Let $\bar{z}$ denote the complex conjugate of a complex number $z$ and let $i=\sqrt{-1}$. In the set of complex numbers,what is the number of distinct roots of the equation

\[
\bar{z}-z^{2}=i\left(\bar{z}+z^{2}\right)
\]?",0.3,no,,,,,,,,,,,,,,,
173,JEE Adv 2022 Paper 1,Numeric,4,"Let $\bar{z}$ denote the complex conjugate of a complex number $z$ and let $i=\sqrt{-1}$. In the set of complex numbers,what is the number of distinct roots of the equation

\[
\bar{z}-z^{2}=i\left(\bar{z}+z^{2}\right)
\]?",0.4,no,,,,,,,,,,,,,,,
173,JEE Adv 2022 Paper 1,Numeric,4,"Let $\bar{z}$ denote the complex conjugate of a complex number $z$ and let $i=\sqrt{-1}$. In the set of complex numbers,what is the number of distinct roots of the equation

\[
\bar{z}-z^{2}=i\left(\bar{z}+z^{2}\right)
\]?",0.5,no,,,,,,,,,,,,,,,
174,JEE Adv 2022 Paper 1,Numeric,18900,"Let $l_{1}, l_{2}, \ldots, l_{100}$ be consecutive terms of an arithmetic progression with common difference $d_{1}$, and let $w_{1}, w_{2}, \ldots, w_{100}$ be consecutive terms of another arithmetic progression with common difference $d_{2}$, where $d_{1} d_{2}=10$. For each $i=1,2, \ldots, 100$, let $R_{i}$ be a rectangle with length $l_{i}$, width $w_{i}$ and area $A_{i}$. If $A_{51}-A_{50}=1000$, then what is the value of $A_{100}-A_{90}$?",0.0,no,,,,,,,,,,,,,,,
174,JEE Adv 2022 Paper 1,Numeric,18900,"Let $l_{1}, l_{2}, \ldots, l_{100}$ be consecutive terms of an arithmetic progression with common difference $d_{1}$, and let $w_{1}, w_{2}, \ldots, w_{100}$ be consecutive terms of another arithmetic progression with common difference $d_{2}$, where $d_{1} d_{2}=10$. For each $i=1,2, \ldots, 100$, let $R_{i}$ be a rectangle with length $l_{i}$, width $w_{i}$ and area $A_{i}$. If $A_{51}-A_{50}=1000$, then what is the value of $A_{100}-A_{90}$?",0.1,no,,,,,,,,,,,,,,,
174,JEE Adv 2022 Paper 1,Numeric,18900,"Let $l_{1}, l_{2}, \ldots, l_{100}$ be consecutive terms of an arithmetic progression with common difference $d_{1}$, and let $w_{1}, w_{2}, \ldots, w_{100}$ be consecutive terms of another arithmetic progression with common difference $d_{2}$, where $d_{1} d_{2}=10$. For each $i=1,2, \ldots, 100$, let $R_{i}$ be a rectangle with length $l_{i}$, width $w_{i}$ and area $A_{i}$. If $A_{51}-A_{50}=1000$, then what is the value of $A_{100}-A_{90}$?",0.2,no,,,,,,,,,,,,,,,
174,JEE Adv 2022 Paper 1,Numeric,18900,"Let $l_{1}, l_{2}, \ldots, l_{100}$ be consecutive terms of an arithmetic progression with common difference $d_{1}$, and let $w_{1}, w_{2}, \ldots, w_{100}$ be consecutive terms of another arithmetic progression with common difference $d_{2}$, where $d_{1} d_{2}=10$. For each $i=1,2, \ldots, 100$, let $R_{i}$ be a rectangle with length $l_{i}$, width $w_{i}$ and area $A_{i}$. If $A_{51}-A_{50}=1000$, then what is the value of $A_{100}-A_{90}$?",0.3,no,,,,,,,,,,,,,,,
174,JEE Adv 2022 Paper 1,Numeric,18900,"Let $l_{1}, l_{2}, \ldots, l_{100}$ be consecutive terms of an arithmetic progression with common difference $d_{1}$, and let $w_{1}, w_{2}, \ldots, w_{100}$ be consecutive terms of another arithmetic progression with common difference $d_{2}$, where $d_{1} d_{2}=10$. For each $i=1,2, \ldots, 100$, let $R_{i}$ be a rectangle with length $l_{i}$, width $w_{i}$ and area $A_{i}$. If $A_{51}-A_{50}=1000$, then what is the value of $A_{100}-A_{90}$?",0.4,no,,,,,,,,,,,,,,,
174,JEE Adv 2022 Paper 1,Numeric,18900,"Let $l_{1}, l_{2}, \ldots, l_{100}$ be consecutive terms of an arithmetic progression with common difference $d_{1}$, and let $w_{1}, w_{2}, \ldots, w_{100}$ be consecutive terms of another arithmetic progression with common difference $d_{2}$, where $d_{1} d_{2}=10$. For each $i=1,2, \ldots, 100$, let $R_{i}$ be a rectangle with length $l_{i}$, width $w_{i}$ and area $A_{i}$. If $A_{51}-A_{50}=1000$, then what is the value of $A_{100}-A_{90}$?",0.5,no,,,,,,,,,,,,,,,
175,JEE Adv 2022 Paper 1,Numeric,569,"What is the number of 4-digit integers in the closed interval [2022, 4482] formed by using the digits $0,2,3,4,6,7$?",0.0,no,,,,,,,,,,,,,,,
175,JEE Adv 2022 Paper 1,Numeric,569,"What is the number of 4-digit integers in the closed interval [2022, 4482] formed by using the digits $0,2,3,4,6,7$?",0.1,no,,,,,,,,,,,,,,,
175,JEE Adv 2022 Paper 1,Numeric,569,"What is the number of 4-digit integers in the closed interval [2022, 4482] formed by using the digits $0,2,3,4,6,7$?",0.2,no,,,,,,,,,,,,,,,
175,JEE Adv 2022 Paper 1,Numeric,569,"What is the number of 4-digit integers in the closed interval [2022, 4482] formed by using the digits $0,2,3,4,6,7$?",0.3,no,,,,,,,,,,,,,,,
175,JEE Adv 2022 Paper 1,Numeric,569,"What is the number of 4-digit integers in the closed interval [2022, 4482] formed by using the digits $0,2,3,4,6,7$?",0.4,no,,,,,,,,,,,,,,,
175,JEE Adv 2022 Paper 1,Numeric,569,"What is the number of 4-digit integers in the closed interval [2022, 4482] formed by using the digits $0,2,3,4,6,7$?",0.5,no,,,,,,,,,,,,,,,
176,JEE Adv 2022 Paper 1,Numeric,0.83,"Let $A B C$ be the triangle with $A B=1, A C=3$ and $\angle B A C=\frac{\pi}{2}$. If a circle of radius $r>0$ touches the sides $A B, A C$ and also touches internally the circumcircle of the triangle $A B C$, then what is the value of $r$?",0.0,no,,,,,,,,,,,,,,,
176,JEE Adv 2022 Paper 1,Numeric,0.83,"Let $A B C$ be the triangle with $A B=1, A C=3$ and $\angle B A C=\frac{\pi}{2}$. If a circle of radius $r>0$ touches the sides $A B, A C$ and also touches internally the circumcircle of the triangle $A B C$, then what is the value of $r$?",0.1,no,,,,,,,,,,,,,,,
176,JEE Adv 2022 Paper 1,Numeric,0.83,"Let $A B C$ be the triangle with $A B=1, A C=3$ and $\angle B A C=\frac{\pi}{2}$. If a circle of radius $r>0$ touches the sides $A B, A C$ and also touches internally the circumcircle of the triangle $A B C$, then what is the value of $r$?",0.2,no,,,,,,,,,,,,,,,
176,JEE Adv 2022 Paper 1,Numeric,0.83,"Let $A B C$ be the triangle with $A B=1, A C=3$ and $\angle B A C=\frac{\pi}{2}$. If a circle of radius $r>0$ touches the sides $A B, A C$ and also touches internally the circumcircle of the triangle $A B C$, then what is the value of $r$?",0.3,no,,,,,,,,,,,,,,,
176,JEE Adv 2022 Paper 1,Numeric,0.83,"Let $A B C$ be the triangle with $A B=1, A C=3$ and $\angle B A C=\frac{\pi}{2}$. If a circle of radius $r>0$ touches the sides $A B, A C$ and also touches internally the circumcircle of the triangle $A B C$, then what is the value of $r$?",0.4,no,,,,,,,,,,,,,,,
176,JEE Adv 2022 Paper 1,Numeric,0.83,"Let $A B C$ be the triangle with $A B=1, A C=3$ and $\angle B A C=\frac{\pi}{2}$. If a circle of radius $r>0$ touches the sides $A B, A C$ and also touches internally the circumcircle of the triangle $A B C$, then what is the value of $r$?",0.5,no,,,,,,,,,,,,,,,
177,JEE Adv 2022 Paper 1,MCQ(multiple),CD,"Consider the equation

\[
\int_{1}^{e} \frac{\left(\log _{\mathrm{e}} x\right)^{1 / 2}}{x\left(a-\left(\log _{\mathrm{e}} x\right)^{3 / 2}\right)^{2}} d x=1, \quad a \in(-\infty, 0) \cup(1, \infty) .
\]

Which of the following statements is/are TRUE?",0.0,no,,,,,,,,,,,,,,,
177,JEE Adv 2022 Paper 1,MCQ(multiple),CD,"Consider the equation

\[
\int_{1}^{e} \frac{\left(\log _{\mathrm{e}} x\right)^{1 / 2}}{x\left(a-\left(\log _{\mathrm{e}} x\right)^{3 / 2}\right)^{2}} d x=1, \quad a \in(-\infty, 0) \cup(1, \infty) .
\]

Which of the following statements is/are TRUE?",0.1,no,,,,,,,,,,,,,,,
177,JEE Adv 2022 Paper 1,MCQ(multiple),CD,"Consider the equation

\[
\int_{1}^{e} \frac{\left(\log _{\mathrm{e}} x\right)^{1 / 2}}{x\left(a-\left(\log _{\mathrm{e}} x\right)^{3 / 2}\right)^{2}} d x=1, \quad a \in(-\infty, 0) \cup(1, \infty) .
\]

Which of the following statements is/are TRUE?",0.2,no,,,,,,,,,,,,,,,
177,JEE Adv 2022 Paper 1,MCQ(multiple),CD,"Consider the equation

\[
\int_{1}^{e} \frac{\left(\log _{\mathrm{e}} x\right)^{1 / 2}}{x\left(a-\left(\log _{\mathrm{e}} x\right)^{3 / 2}\right)^{2}} d x=1, \quad a \in(-\infty, 0) \cup(1, \infty) .
\]

Which of the following statements is/are TRUE?",0.3,no,,,,,,,,,,,,,,,
177,JEE Adv 2022 Paper 1,MCQ(multiple),CD,"Consider the equation

\[
\int_{1}^{e} \frac{\left(\log _{\mathrm{e}} x\right)^{1 / 2}}{x\left(a-\left(\log _{\mathrm{e}} x\right)^{3 / 2}\right)^{2}} d x=1, \quad a \in(-\infty, 0) \cup(1, \infty) .
\]

Which of the following statements is/are TRUE?",0.4,no,,,,,,,,,,,,,,,
177,JEE Adv 2022 Paper 1,MCQ(multiple),CD,"Consider the equation

\[
\int_{1}^{e} \frac{\left(\log _{\mathrm{e}} x\right)^{1 / 2}}{x\left(a-\left(\log _{\mathrm{e}} x\right)^{3 / 2}\right)^{2}} d x=1, \quad a \in(-\infty, 0) \cup(1, \infty) .
\]

Which of the following statements is/are TRUE?",0.5,no,,,,,,,,,,,,,,,
178,JEE Adv 2022 Paper 1,MCQ(multiple),BC,"Let $a_{1}, a_{2}, a_{3}, \ldots$ be an arithmetic progression with $a_{1}=7$ and common difference 8 . Let $T_{1}, T_{2}, T_{3}, \ldots$ be such that $T_{1}=3$ and $T_{n+1}-T_{n}=a_{n}$ for $n \geq 1$. Then, which of the following is/are TRUE ?",0.0,no,,,,,,,,,,,,,,,
178,JEE Adv 2022 Paper 1,MCQ(multiple),BC,"Let $a_{1}, a_{2}, a_{3}, \ldots$ be an arithmetic progression with $a_{1}=7$ and common difference 8 . Let $T_{1}, T_{2}, T_{3}, \ldots$ be such that $T_{1}=3$ and $T_{n+1}-T_{n}=a_{n}$ for $n \geq 1$. Then, which of the following is/are TRUE ?",0.1,no,,,,,,,,,,,,,,,
178,JEE Adv 2022 Paper 1,MCQ(multiple),BC,"Let $a_{1}, a_{2}, a_{3}, \ldots$ be an arithmetic progression with $a_{1}=7$ and common difference 8 . Let $T_{1}, T_{2}, T_{3}, \ldots$ be such that $T_{1}=3$ and $T_{n+1}-T_{n}=a_{n}$ for $n \geq 1$. Then, which of the following is/are TRUE ?",0.2,no,,,,,,,,,,,,,,,
178,JEE Adv 2022 Paper 1,MCQ(multiple),BC,"Let $a_{1}, a_{2}, a_{3}, \ldots$ be an arithmetic progression with $a_{1}=7$ and common difference 8 . Let $T_{1}, T_{2}, T_{3}, \ldots$ be such that $T_{1}=3$ and $T_{n+1}-T_{n}=a_{n}$ for $n \geq 1$. Then, which of the following is/are TRUE ?",0.3,no,,,,,,,,,,,,,,,
178,JEE Adv 2022 Paper 1,MCQ(multiple),BC,"Let $a_{1}, a_{2}, a_{3}, \ldots$ be an arithmetic progression with $a_{1}=7$ and common difference 8 . Let $T_{1}, T_{2}, T_{3}, \ldots$ be such that $T_{1}=3$ and $T_{n+1}-T_{n}=a_{n}$ for $n \geq 1$. Then, which of the following is/are TRUE ?",0.4,no,,,,,,,,,,,,,,,
178,JEE Adv 2022 Paper 1,MCQ(multiple),BC,"Let $a_{1}, a_{2}, a_{3}, \ldots$ be an arithmetic progression with $a_{1}=7$ and common difference 8 . Let $T_{1}, T_{2}, T_{3}, \ldots$ be such that $T_{1}=3$ and $T_{n+1}-T_{n}=a_{n}$ for $n \geq 1$. Then, which of the following is/are TRUE ?",0.5,no,,,,,,,,,,,,,,,
179,JEE Adv 2022 Paper 1,MCQ(multiple),ABD,"Let $P_{1}$ and $P_{2}$ be two planes given by

\[
\begin{aligned}

& P_{1}: 10 x+15 y+12 z-60=0, \\

& P_{2}: \quad-2 x+5 y+4 z-20=0 .

\end{aligned}
\]

Which of the following straight lines can be an edge of some tetrahedron whose two faces lie on $P_{1}$ and $P_{2}$ ?",0.0,no,,,,,,,,,,,,,,,
179,JEE Adv 2022 Paper 1,MCQ(multiple),ABD,"Let $P_{1}$ and $P_{2}$ be two planes given by

\[
\begin{aligned}

& P_{1}: 10 x+15 y+12 z-60=0, \\

& P_{2}: \quad-2 x+5 y+4 z-20=0 .

\end{aligned}
\]

Which of the following straight lines can be an edge of some tetrahedron whose two faces lie on $P_{1}$ and $P_{2}$ ?",0.1,no,,,,,,,,,,,,,,,
179,JEE Adv 2022 Paper 1,MCQ(multiple),ABD,"Let $P_{1}$ and $P_{2}$ be two planes given by

\[
\begin{aligned}

& P_{1}: 10 x+15 y+12 z-60=0, \\

& P_{2}: \quad-2 x+5 y+4 z-20=0 .

\end{aligned}
\]

Which of the following straight lines can be an edge of some tetrahedron whose two faces lie on $P_{1}$ and $P_{2}$ ?",0.2,no,,,,,,,,,,,,,,,
179,JEE Adv 2022 Paper 1,MCQ(multiple),ABD,"Let $P_{1}$ and $P_{2}$ be two planes given by

\[
\begin{aligned}

& P_{1}: 10 x+15 y+12 z-60=0, \\

& P_{2}: \quad-2 x+5 y+4 z-20=0 .

\end{aligned}
\]

Which of the following straight lines can be an edge of some tetrahedron whose two faces lie on $P_{1}$ and $P_{2}$ ?",0.3,no,,,,,,,,,,,,,,,
179,JEE Adv 2022 Paper 1,MCQ(multiple),ABD,"Let $P_{1}$ and $P_{2}$ be two planes given by

\[
\begin{aligned}

& P_{1}: 10 x+15 y+12 z-60=0, \\

& P_{2}: \quad-2 x+5 y+4 z-20=0 .

\end{aligned}
\]

Which of the following straight lines can be an edge of some tetrahedron whose two faces lie on $P_{1}$ and $P_{2}$ ?",0.4,no,,,,,,,,,,,,,,,
179,JEE Adv 2022 Paper 1,MCQ(multiple),ABD,"Let $P_{1}$ and $P_{2}$ be two planes given by

\[
\begin{aligned}

& P_{1}: 10 x+15 y+12 z-60=0, \\

& P_{2}: \quad-2 x+5 y+4 z-20=0 .

\end{aligned}
\]

Which of the following straight lines can be an edge of some tetrahedron whose two faces lie on $P_{1}$ and $P_{2}$ ?",0.5,no,,,,,,,,,,,,,,,
180,JEE Adv 2022 Paper 1,MCQ(multiple),ABC,"Let $S$ be the reflection of a point $Q$ with respect to the plane given by

\[
\vec{r}=-(t+p) \hat{i}+t \hat{j}+(1+p) \hat{k}
\]

where $t, p$ are real parameters and $\hat{i}, \hat{j}, \hat{k}$ are the unit vectors along the three positive coordinate axes. If the position vectors of $Q$ and $S$ are $10 \hat{i}+15 \hat{j}+20 \hat{k}$ and $\alpha \hat{i}+\beta \hat{j}+\gamma \hat{k}$ respectively, then which of the following is/are TRUE ?",0.0,no,,,,,,,,,,,,,,,
180,JEE Adv 2022 Paper 1,MCQ(multiple),ABC,"Let $S$ be the reflection of a point $Q$ with respect to the plane given by

\[
\vec{r}=-(t+p) \hat{i}+t \hat{j}+(1+p) \hat{k}
\]

where $t, p$ are real parameters and $\hat{i}, \hat{j}, \hat{k}$ are the unit vectors along the three positive coordinate axes. If the position vectors of $Q$ and $S$ are $10 \hat{i}+15 \hat{j}+20 \hat{k}$ and $\alpha \hat{i}+\beta \hat{j}+\gamma \hat{k}$ respectively, then which of the following is/are TRUE ?",0.1,no,,,,,,,,,,,,,,,
180,JEE Adv 2022 Paper 1,MCQ(multiple),ABC,"Let $S$ be the reflection of a point $Q$ with respect to the plane given by

\[
\vec{r}=-(t+p) \hat{i}+t \hat{j}+(1+p) \hat{k}
\]

where $t, p$ are real parameters and $\hat{i}, \hat{j}, \hat{k}$ are the unit vectors along the three positive coordinate axes. If the position vectors of $Q$ and $S$ are $10 \hat{i}+15 \hat{j}+20 \hat{k}$ and $\alpha \hat{i}+\beta \hat{j}+\gamma \hat{k}$ respectively, then which of the following is/are TRUE ?",0.2,no,,,,,,,,,,,,,,,
180,JEE Adv 2022 Paper 1,MCQ(multiple),ABC,"Let $S$ be the reflection of a point $Q$ with respect to the plane given by

\[
\vec{r}=-(t+p) \hat{i}+t \hat{j}+(1+p) \hat{k}
\]

where $t, p$ are real parameters and $\hat{i}, \hat{j}, \hat{k}$ are the unit vectors along the three positive coordinate axes. If the position vectors of $Q$ and $S$ are $10 \hat{i}+15 \hat{j}+20 \hat{k}$ and $\alpha \hat{i}+\beta \hat{j}+\gamma \hat{k}$ respectively, then which of the following is/are TRUE ?",0.3,no,,,,,,,,,,,,,,,
180,JEE Adv 2022 Paper 1,MCQ(multiple),ABC,"Let $S$ be the reflection of a point $Q$ with respect to the plane given by

\[
\vec{r}=-(t+p) \hat{i}+t \hat{j}+(1+p) \hat{k}
\]

where $t, p$ are real parameters and $\hat{i}, \hat{j}, \hat{k}$ are the unit vectors along the three positive coordinate axes. If the position vectors of $Q$ and $S$ are $10 \hat{i}+15 \hat{j}+20 \hat{k}$ and $\alpha \hat{i}+\beta \hat{j}+\gamma \hat{k}$ respectively, then which of the following is/are TRUE ?",0.4,no,,,,,,,,,,,,,,,
180,JEE Adv 2022 Paper 1,MCQ(multiple),ABC,"Let $S$ be the reflection of a point $Q$ with respect to the plane given by

\[
\vec{r}=-(t+p) \hat{i}+t \hat{j}+(1+p) \hat{k}
\]

where $t, p$ are real parameters and $\hat{i}, \hat{j}, \hat{k}$ are the unit vectors along the three positive coordinate axes. If the position vectors of $Q$ and $S$ are $10 \hat{i}+15 \hat{j}+20 \hat{k}$ and $\alpha \hat{i}+\beta \hat{j}+\gamma \hat{k}$ respectively, then which of the following is/are TRUE ?",0.5,no,,,,,,,,,,,,,,,
181,JEE Adv 2022 Paper 1,MCQ(multiple),AC,"Let $|M|$ denote the determinant of a square matrix $M$. Let $g:\left[0, \frac{\pi}{2}\right] \rightarrow \mathbb{R}$ be the function defined by

where

\[
g(\theta)=\sqrt{f(\theta)-1}+\sqrt{f\left(\frac{\pi}{2}-\theta\right)-1}
\]

$f(\theta)=\frac{1}{2}\left|\begin{array}{ccc}1 & \sin \theta & 1 \\ -\sin \theta & 1 & \sin \theta \\ -1 & -\sin \theta & 1\end{array}\right|+\left|\begin{array}{ccc}\sin \pi & \cos \left(\theta+\frac{\pi}{4}\right) & \tan \left(\theta-\frac{\pi}{4}\right) \\ \sin \left(\theta-\frac{\pi}{4}\right) & -\cos \frac{\pi}{2} & \log _{e}\left(\frac{4}{\pi}\right) \\ \cot \left(\theta+\frac{\pi}{4}\right) & \log _{e}\left(\frac{\pi}{4}\right) & \tan \pi\end{array}\right|$

Let $p(x)$ be a quadratic polynomial whose roots are the maximum and minimum values of the function $g(\theta)$, and $p(2)=2-\sqrt{2}$. Then, which of the following is/are TRUE?",0.0,no,,,,,,,,,,,,,,,
181,JEE Adv 2022 Paper 1,MCQ(multiple),AC,"Let $|M|$ denote the determinant of a square matrix $M$. Let $g:\left[0, \frac{\pi}{2}\right] \rightarrow \mathbb{R}$ be the function defined by

where

\[
g(\theta)=\sqrt{f(\theta)-1}+\sqrt{f\left(\frac{\pi}{2}-\theta\right)-1}
\]

$f(\theta)=\frac{1}{2}\left|\begin{array}{ccc}1 & \sin \theta & 1 \\ -\sin \theta & 1 & \sin \theta \\ -1 & -\sin \theta & 1\end{array}\right|+\left|\begin{array}{ccc}\sin \pi & \cos \left(\theta+\frac{\pi}{4}\right) & \tan \left(\theta-\frac{\pi}{4}\right) \\ \sin \left(\theta-\frac{\pi}{4}\right) & -\cos \frac{\pi}{2} & \log _{e}\left(\frac{4}{\pi}\right) \\ \cot \left(\theta+\frac{\pi}{4}\right) & \log _{e}\left(\frac{\pi}{4}\right) & \tan \pi\end{array}\right|$

Let $p(x)$ be a quadratic polynomial whose roots are the maximum and minimum values of the function $g(\theta)$, and $p(2)=2-\sqrt{2}$. Then, which of the following is/are TRUE?",0.1,no,,,,,,,,,,,,,,,
181,JEE Adv 2022 Paper 1,MCQ(multiple),AC,"Let $|M|$ denote the determinant of a square matrix $M$. Let $g:\left[0, \frac{\pi}{2}\right] \rightarrow \mathbb{R}$ be the function defined by

where

\[
g(\theta)=\sqrt{f(\theta)-1}+\sqrt{f\left(\frac{\pi}{2}-\theta\right)-1}
\]

$f(\theta)=\frac{1}{2}\left|\begin{array}{ccc}1 & \sin \theta & 1 \\ -\sin \theta & 1 & \sin \theta \\ -1 & -\sin \theta & 1\end{array}\right|+\left|\begin{array}{ccc}\sin \pi & \cos \left(\theta+\frac{\pi}{4}\right) & \tan \left(\theta-\frac{\pi}{4}\right) \\ \sin \left(\theta-\frac{\pi}{4}\right) & -\cos \frac{\pi}{2} & \log _{e}\left(\frac{4}{\pi}\right) \\ \cot \left(\theta+\frac{\pi}{4}\right) & \log _{e}\left(\frac{\pi}{4}\right) & \tan \pi\end{array}\right|$

Let $p(x)$ be a quadratic polynomial whose roots are the maximum and minimum values of the function $g(\theta)$, and $p(2)=2-\sqrt{2}$. Then, which of the following is/are TRUE?",0.2,no,,,,,,,,,,,,,,,
181,JEE Adv 2022 Paper 1,MCQ(multiple),AC,"Let $|M|$ denote the determinant of a square matrix $M$. Let $g:\left[0, \frac{\pi}{2}\right] \rightarrow \mathbb{R}$ be the function defined by

where

\[
g(\theta)=\sqrt{f(\theta)-1}+\sqrt{f\left(\frac{\pi}{2}-\theta\right)-1}
\]

$f(\theta)=\frac{1}{2}\left|\begin{array}{ccc}1 & \sin \theta & 1 \\ -\sin \theta & 1 & \sin \theta \\ -1 & -\sin \theta & 1\end{array}\right|+\left|\begin{array}{ccc}\sin \pi & \cos \left(\theta+\frac{\pi}{4}\right) & \tan \left(\theta-\frac{\pi}{4}\right) \\ \sin \left(\theta-\frac{\pi}{4}\right) & -\cos \frac{\pi}{2} & \log _{e}\left(\frac{4}{\pi}\right) \\ \cot \left(\theta+\frac{\pi}{4}\right) & \log _{e}\left(\frac{\pi}{4}\right) & \tan \pi\end{array}\right|$

Let $p(x)$ be a quadratic polynomial whose roots are the maximum and minimum values of the function $g(\theta)$, and $p(2)=2-\sqrt{2}$. Then, which of the following is/are TRUE?",0.3,no,,,,,,,,,,,,,,,
181,JEE Adv 2022 Paper 1,MCQ(multiple),AC,"Let $|M|$ denote the determinant of a square matrix $M$. Let $g:\left[0, \frac{\pi}{2}\right] \rightarrow \mathbb{R}$ be the function defined by

where

\[
g(\theta)=\sqrt{f(\theta)-1}+\sqrt{f\left(\frac{\pi}{2}-\theta\right)-1}
\]

$f(\theta)=\frac{1}{2}\left|\begin{array}{ccc}1 & \sin \theta & 1 \\ -\sin \theta & 1 & \sin \theta \\ -1 & -\sin \theta & 1\end{array}\right|+\left|\begin{array}{ccc}\sin \pi & \cos \left(\theta+\frac{\pi}{4}\right) & \tan \left(\theta-\frac{\pi}{4}\right) \\ \sin \left(\theta-\frac{\pi}{4}\right) & -\cos \frac{\pi}{2} & \log _{e}\left(\frac{4}{\pi}\right) \\ \cot \left(\theta+\frac{\pi}{4}\right) & \log _{e}\left(\frac{\pi}{4}\right) & \tan \pi\end{array}\right|$

Let $p(x)$ be a quadratic polynomial whose roots are the maximum and minimum values of the function $g(\theta)$, and $p(2)=2-\sqrt{2}$. Then, which of the following is/are TRUE?",0.4,no,,,,,,,,,,,,,,,
181,JEE Adv 2022 Paper 1,MCQ(multiple),AC,"Let $|M|$ denote the determinant of a square matrix $M$. Let $g:\left[0, \frac{\pi}{2}\right] \rightarrow \mathbb{R}$ be the function defined by

where

\[
g(\theta)=\sqrt{f(\theta)-1}+\sqrt{f\left(\frac{\pi}{2}-\theta\right)-1}
\]

$f(\theta)=\frac{1}{2}\left|\begin{array}{ccc}1 & \sin \theta & 1 \\ -\sin \theta & 1 & \sin \theta \\ -1 & -\sin \theta & 1\end{array}\right|+\left|\begin{array}{ccc}\sin \pi & \cos \left(\theta+\frac{\pi}{4}\right) & \tan \left(\theta-\frac{\pi}{4}\right) \\ \sin \left(\theta-\frac{\pi}{4}\right) & -\cos \frac{\pi}{2} & \log _{e}\left(\frac{4}{\pi}\right) \\ \cot \left(\theta+\frac{\pi}{4}\right) & \log _{e}\left(\frac{\pi}{4}\right) & \tan \pi\end{array}\right|$

Let $p(x)$ be a quadratic polynomial whose roots are the maximum and minimum values of the function $g(\theta)$, and $p(2)=2-\sqrt{2}$. Then, which of the following is/are TRUE?",0.5,no,,,,,,,,,,,,,,,
182,JEE Adv 2022 Paper 1,MCQ,B,"Consider the following lists:
List-I
(I) $\left\{x \in\left[-\frac{2 \pi}{3}, \frac{2 \pi}{3}\right]: \cos x+\sin x=1\right\}$
(II) $\left\{x \in\left[-\frac{5 \pi}{18}, \frac{5 \pi}{18}\right]: \sqrt{3} \tan 3 x=1\right\}$
(III) $\left\{x \in\left[-\frac{6 \pi}{5}, \frac{6 \pi}{5}\right]: 2 \cos (2 x)=\sqrt{3}\right\}$
(IV) $\left\{x \in\left[-\frac{7 \pi}{4}, \frac{7 \pi}{4}\right]: \sin x-\cos x=1\right\}$

List-II
(P) has two elements
(Q) has three elements
(R) has four elements
(S) has five elements
(T) has six elements

The correct option is:",0.0,no,,,,,,,,,,,,,,,
182,JEE Adv 2022 Paper 1,MCQ,B,"Consider the following lists:
List-I
(I) $\left\{x \in\left[-\frac{2 \pi}{3}, \frac{2 \pi}{3}\right]: \cos x+\sin x=1\right\}$
(II) $\left\{x \in\left[-\frac{5 \pi}{18}, \frac{5 \pi}{18}\right]: \sqrt{3} \tan 3 x=1\right\}$
(III) $\left\{x \in\left[-\frac{6 \pi}{5}, \frac{6 \pi}{5}\right]: 2 \cos (2 x)=\sqrt{3}\right\}$
(IV) $\left\{x \in\left[-\frac{7 \pi}{4}, \frac{7 \pi}{4}\right]: \sin x-\cos x=1\right\}$

List-II
(P) has two elements
(Q) has three elements
(R) has four elements
(S) has five elements
(T) has six elements

The correct option is:",0.1,no,,,,,,,,,,,,,,,
182,JEE Adv 2022 Paper 1,MCQ,B,"Consider the following lists:
List-I
(I) $\left\{x \in\left[-\frac{2 \pi}{3}, \frac{2 \pi}{3}\right]: \cos x+\sin x=1\right\}$
(II) $\left\{x \in\left[-\frac{5 \pi}{18}, \frac{5 \pi}{18}\right]: \sqrt{3} \tan 3 x=1\right\}$
(III) $\left\{x \in\left[-\frac{6 \pi}{5}, \frac{6 \pi}{5}\right]: 2 \cos (2 x)=\sqrt{3}\right\}$
(IV) $\left\{x \in\left[-\frac{7 \pi}{4}, \frac{7 \pi}{4}\right]: \sin x-\cos x=1\right\}$

List-II
(P) has two elements
(Q) has three elements
(R) has four elements
(S) has five elements
(T) has six elements

The correct option is:",0.2,no,,,,,,,,,,,,,,,
182,JEE Adv 2022 Paper 1,MCQ,B,"Consider the following lists:
List-I
(I) $\left\{x \in\left[-\frac{2 \pi}{3}, \frac{2 \pi}{3}\right]: \cos x+\sin x=1\right\}$
(II) $\left\{x \in\left[-\frac{5 \pi}{18}, \frac{5 \pi}{18}\right]: \sqrt{3} \tan 3 x=1\right\}$
(III) $\left\{x \in\left[-\frac{6 \pi}{5}, \frac{6 \pi}{5}\right]: 2 \cos (2 x)=\sqrt{3}\right\}$
(IV) $\left\{x \in\left[-\frac{7 \pi}{4}, \frac{7 \pi}{4}\right]: \sin x-\cos x=1\right\}$

List-II
(P) has two elements
(Q) has three elements
(R) has four elements
(S) has five elements
(T) has six elements

The correct option is:",0.3,no,,,,,,,,,,,,,,,
182,JEE Adv 2022 Paper 1,MCQ,B,"Consider the following lists:
List-I
(I) $\left\{x \in\left[-\frac{2 \pi}{3}, \frac{2 \pi}{3}\right]: \cos x+\sin x=1\right\}$
(II) $\left\{x \in\left[-\frac{5 \pi}{18}, \frac{5 \pi}{18}\right]: \sqrt{3} \tan 3 x=1\right\}$
(III) $\left\{x \in\left[-\frac{6 \pi}{5}, \frac{6 \pi}{5}\right]: 2 \cos (2 x)=\sqrt{3}\right\}$
(IV) $\left\{x \in\left[-\frac{7 \pi}{4}, \frac{7 \pi}{4}\right]: \sin x-\cos x=1\right\}$

List-II
(P) has two elements
(Q) has three elements
(R) has four elements
(S) has five elements
(T) has six elements

The correct option is:",0.4,no,,,,,,,,,,,,,,,
182,JEE Adv 2022 Paper 1,MCQ,B,"Consider the following lists:
List-I
(I) $\left\{x \in\left[-\frac{2 \pi}{3}, \frac{2 \pi}{3}\right]: \cos x+\sin x=1\right\}$
(II) $\left\{x \in\left[-\frac{5 \pi}{18}, \frac{5 \pi}{18}\right]: \sqrt{3} \tan 3 x=1\right\}$
(III) $\left\{x \in\left[-\frac{6 \pi}{5}, \frac{6 \pi}{5}\right]: 2 \cos (2 x)=\sqrt{3}\right\}$
(IV) $\left\{x \in\left[-\frac{7 \pi}{4}, \frac{7 \pi}{4}\right]: \sin x-\cos x=1\right\}$

List-II
(P) has two elements
(Q) has three elements
(R) has four elements
(S) has five elements
(T) has six elements

The correct option is:",0.5,no,,,,,,,,,,,,,,,
183,JEE Adv 2022 Paper 1,MCQ,A,"Two players, $P_{1}$ and $P_{2}$, play a game against each other. In every round of the game, each player rolls a fair die once, where the six faces of the die have six distinct numbers. Let $x$ and $y$ denote the readings on the die rolled by $P_{1}$ and $P_{2}$, respectively. If $x>y$, then $P_{1}$ scores 5 points and $P_{2}$ scores 0 point. If $x=y$, then each player scores 2 points. If $x<y$, then $P_{1}$ scores 0 point and $P_{2}$ scores 5 points. Let $X_{i}$ and $Y_{i}$ be the total scores of $P_{1}$ and $P_{2}$, respectively, after playing the $i^{\text {th }}$ round.

List-I
(I) Probability of $\left(X_2 \geq Y_2\right)$ is
(II) Probability of $\left(X_2>Y_2\right)$ is
(III) Probability of $\left(X_3=Y_3\right)$ is
(IV) Probability of $\left(X_3>Y_3\right)$ is

List-II
(P) $\frac{3}{8}$
(Q) $\frac{11}{16}$
(R) $\frac{5}{16}$
(S) $\frac{355}{864}$
(T) $\frac{77}{432}$

The correct option is:",0.0,no,,,,,,,,,,,,,,,
183,JEE Adv 2022 Paper 1,MCQ,A,"Two players, $P_{1}$ and $P_{2}$, play a game against each other. In every round of the game, each player rolls a fair die once, where the six faces of the die have six distinct numbers. Let $x$ and $y$ denote the readings on the die rolled by $P_{1}$ and $P_{2}$, respectively. If $x>y$, then $P_{1}$ scores 5 points and $P_{2}$ scores 0 point. If $x=y$, then each player scores 2 points. If $x<y$, then $P_{1}$ scores 0 point and $P_{2}$ scores 5 points. Let $X_{i}$ and $Y_{i}$ be the total scores of $P_{1}$ and $P_{2}$, respectively, after playing the $i^{\text {th }}$ round.

List-I
(I) Probability of $\left(X_2 \geq Y_2\right)$ is
(II) Probability of $\left(X_2>Y_2\right)$ is
(III) Probability of $\left(X_3=Y_3\right)$ is
(IV) Probability of $\left(X_3>Y_3\right)$ is

List-II
(P) $\frac{3}{8}$
(Q) $\frac{11}{16}$
(R) $\frac{5}{16}$
(S) $\frac{355}{864}$
(T) $\frac{77}{432}$

The correct option is:",0.1,no,,,,,,,,,,,,,,,
183,JEE Adv 2022 Paper 1,MCQ,A,"Two players, $P_{1}$ and $P_{2}$, play a game against each other. In every round of the game, each player rolls a fair die once, where the six faces of the die have six distinct numbers. Let $x$ and $y$ denote the readings on the die rolled by $P_{1}$ and $P_{2}$, respectively. If $x>y$, then $P_{1}$ scores 5 points and $P_{2}$ scores 0 point. If $x=y$, then each player scores 2 points. If $x<y$, then $P_{1}$ scores 0 point and $P_{2}$ scores 5 points. Let $X_{i}$ and $Y_{i}$ be the total scores of $P_{1}$ and $P_{2}$, respectively, after playing the $i^{\text {th }}$ round.

List-I
(I) Probability of $\left(X_2 \geq Y_2\right)$ is
(II) Probability of $\left(X_2>Y_2\right)$ is
(III) Probability of $\left(X_3=Y_3\right)$ is
(IV) Probability of $\left(X_3>Y_3\right)$ is

List-II
(P) $\frac{3}{8}$
(Q) $\frac{11}{16}$
(R) $\frac{5}{16}$
(S) $\frac{355}{864}$
(T) $\frac{77}{432}$

The correct option is:",0.2,no,,,,,,,,,,,,,,,
183,JEE Adv 2022 Paper 1,MCQ,A,"Two players, $P_{1}$ and $P_{2}$, play a game against each other. In every round of the game, each player rolls a fair die once, where the six faces of the die have six distinct numbers. Let $x$ and $y$ denote the readings on the die rolled by $P_{1}$ and $P_{2}$, respectively. If $x>y$, then $P_{1}$ scores 5 points and $P_{2}$ scores 0 point. If $x=y$, then each player scores 2 points. If $x<y$, then $P_{1}$ scores 0 point and $P_{2}$ scores 5 points. Let $X_{i}$ and $Y_{i}$ be the total scores of $P_{1}$ and $P_{2}$, respectively, after playing the $i^{\text {th }}$ round.

List-I
(I) Probability of $\left(X_2 \geq Y_2\right)$ is
(II) Probability of $\left(X_2>Y_2\right)$ is
(III) Probability of $\left(X_3=Y_3\right)$ is
(IV) Probability of $\left(X_3>Y_3\right)$ is

List-II
(P) $\frac{3}{8}$
(Q) $\frac{11}{16}$
(R) $\frac{5}{16}$
(S) $\frac{355}{864}$
(T) $\frac{77}{432}$

The correct option is:",0.3,no,,,,,,,,,,,,,,,
183,JEE Adv 2022 Paper 1,MCQ,A,"Two players, $P_{1}$ and $P_{2}$, play a game against each other. In every round of the game, each player rolls a fair die once, where the six faces of the die have six distinct numbers. Let $x$ and $y$ denote the readings on the die rolled by $P_{1}$ and $P_{2}$, respectively. If $x>y$, then $P_{1}$ scores 5 points and $P_{2}$ scores 0 point. If $x=y$, then each player scores 2 points. If $x<y$, then $P_{1}$ scores 0 point and $P_{2}$ scores 5 points. Let $X_{i}$ and $Y_{i}$ be the total scores of $P_{1}$ and $P_{2}$, respectively, after playing the $i^{\text {th }}$ round.

List-I
(I) Probability of $\left(X_2 \geq Y_2\right)$ is
(II) Probability of $\left(X_2>Y_2\right)$ is
(III) Probability of $\left(X_3=Y_3\right)$ is
(IV) Probability of $\left(X_3>Y_3\right)$ is

List-II
(P) $\frac{3}{8}$
(Q) $\frac{11}{16}$
(R) $\frac{5}{16}$
(S) $\frac{355}{864}$
(T) $\frac{77}{432}$

The correct option is:",0.4,no,,,,,,,,,,,,,,,
183,JEE Adv 2022 Paper 1,MCQ,A,"Two players, $P_{1}$ and $P_{2}$, play a game against each other. In every round of the game, each player rolls a fair die once, where the six faces of the die have six distinct numbers. Let $x$ and $y$ denote the readings on the die rolled by $P_{1}$ and $P_{2}$, respectively. If $x>y$, then $P_{1}$ scores 5 points and $P_{2}$ scores 0 point. If $x=y$, then each player scores 2 points. If $x<y$, then $P_{1}$ scores 0 point and $P_{2}$ scores 5 points. Let $X_{i}$ and $Y_{i}$ be the total scores of $P_{1}$ and $P_{2}$, respectively, after playing the $i^{\text {th }}$ round.

List-I
(I) Probability of $\left(X_2 \geq Y_2\right)$ is
(II) Probability of $\left(X_2>Y_2\right)$ is
(III) Probability of $\left(X_3=Y_3\right)$ is
(IV) Probability of $\left(X_3>Y_3\right)$ is

List-II
(P) $\frac{3}{8}$
(Q) $\frac{11}{16}$
(R) $\frac{5}{16}$
(S) $\frac{355}{864}$
(T) $\frac{77}{432}$

The correct option is:",0.5,no,,,,,,,,,,,,,,,
184,JEE Adv 2022 Paper 1,MCQ,B,"Let $p, q, r$ be nonzero real numbers that are, respectively, the $10^{\text {th }}, 100^{\text {th }}$ and $1000^{\text {th }}$ terms of a harmonic progression. Consider the system of linear equations

\[
\begin{gathered}

x+y+z=1 \\

10 x+100 y+1000 z=0 \\

q r x+p r y+p q z=0

\end{gathered}
\]

List-I
(I) If $\frac{q}{r}=10$, then the system of linear equations has
(II) If $\frac{p}{r} \neq 100$, then the system of linear equations has
(III) If $\frac{p}{q} \neq 10$, then the system of linear equations has
(IV) If $\frac{p}{q}=10$, then the system of linear equations has

List-II
(P) $x=0, \quad y=\frac{10}{9}, z=-\frac{1}{9}$ as a solution
(Q) $x=\frac{10}{9}, y=-\frac{1}{9}, z=0$ as a solution
(III) If $\frac{p}{q} \neq 10$, then the system of linear
(R) infinitely many solutions
(IV) If $\frac{p}{q}=10$, then the system of linear
(S) no solution
(T) at least one solution

The correct option is:",0.0,no,,,,,,,,,,,,,,,
184,JEE Adv 2022 Paper 1,MCQ,B,"Let $p, q, r$ be nonzero real numbers that are, respectively, the $10^{\text {th }}, 100^{\text {th }}$ and $1000^{\text {th }}$ terms of a harmonic progression. Consider the system of linear equations

\[
\begin{gathered}

x+y+z=1 \\

10 x+100 y+1000 z=0 \\

q r x+p r y+p q z=0

\end{gathered}
\]

List-I
(I) If $\frac{q}{r}=10$, then the system of linear equations has
(II) If $\frac{p}{r} \neq 100$, then the system of linear equations has
(III) If $\frac{p}{q} \neq 10$, then the system of linear equations has
(IV) If $\frac{p}{q}=10$, then the system of linear equations has

List-II
(P) $x=0, \quad y=\frac{10}{9}, z=-\frac{1}{9}$ as a solution
(Q) $x=\frac{10}{9}, y=-\frac{1}{9}, z=0$ as a solution
(III) If $\frac{p}{q} \neq 10$, then the system of linear
(R) infinitely many solutions
(IV) If $\frac{p}{q}=10$, then the system of linear
(S) no solution
(T) at least one solution

The correct option is:",0.1,no,,,,,,,,,,,,,,,
184,JEE Adv 2022 Paper 1,MCQ,B,"Let $p, q, r$ be nonzero real numbers that are, respectively, the $10^{\text {th }}, 100^{\text {th }}$ and $1000^{\text {th }}$ terms of a harmonic progression. Consider the system of linear equations

\[
\begin{gathered}

x+y+z=1 \\

10 x+100 y+1000 z=0 \\

q r x+p r y+p q z=0

\end{gathered}
\]

List-I
(I) If $\frac{q}{r}=10$, then the system of linear equations has
(II) If $\frac{p}{r} \neq 100$, then the system of linear equations has
(III) If $\frac{p}{q} \neq 10$, then the system of linear equations has
(IV) If $\frac{p}{q}=10$, then the system of linear equations has

List-II
(P) $x=0, \quad y=\frac{10}{9}, z=-\frac{1}{9}$ as a solution
(Q) $x=\frac{10}{9}, y=-\frac{1}{9}, z=0$ as a solution
(III) If $\frac{p}{q} \neq 10$, then the system of linear
(R) infinitely many solutions
(IV) If $\frac{p}{q}=10$, then the system of linear
(S) no solution
(T) at least one solution

The correct option is:",0.2,no,,,,,,,,,,,,,,,
184,JEE Adv 2022 Paper 1,MCQ,B,"Let $p, q, r$ be nonzero real numbers that are, respectively, the $10^{\text {th }}, 100^{\text {th }}$ and $1000^{\text {th }}$ terms of a harmonic progression. Consider the system of linear equations

\[
\begin{gathered}

x+y+z=1 \\

10 x+100 y+1000 z=0 \\

q r x+p r y+p q z=0

\end{gathered}
\]

List-I
(I) If $\frac{q}{r}=10$, then the system of linear equations has
(II) If $\frac{p}{r} \neq 100$, then the system of linear equations has
(III) If $\frac{p}{q} \neq 10$, then the system of linear equations has
(IV) If $\frac{p}{q}=10$, then the system of linear equations has

List-II
(P) $x=0, \quad y=\frac{10}{9}, z=-\frac{1}{9}$ as a solution
(Q) $x=\frac{10}{9}, y=-\frac{1}{9}, z=0$ as a solution
(III) If $\frac{p}{q} \neq 10$, then the system of linear
(R) infinitely many solutions
(IV) If $\frac{p}{q}=10$, then the system of linear
(S) no solution
(T) at least one solution

The correct option is:",0.3,no,,,,,,,,,,,,,,,
184,JEE Adv 2022 Paper 1,MCQ,B,"Let $p, q, r$ be nonzero real numbers that are, respectively, the $10^{\text {th }}, 100^{\text {th }}$ and $1000^{\text {th }}$ terms of a harmonic progression. Consider the system of linear equations

\[
\begin{gathered}

x+y+z=1 \\

10 x+100 y+1000 z=0 \\

q r x+p r y+p q z=0

\end{gathered}
\]

List-I
(I) If $\frac{q}{r}=10$, then the system of linear equations has
(II) If $\frac{p}{r} \neq 100$, then the system of linear equations has
(III) If $\frac{p}{q} \neq 10$, then the system of linear equations has
(IV) If $\frac{p}{q}=10$, then the system of linear equations has

List-II
(P) $x=0, \quad y=\frac{10}{9}, z=-\frac{1}{9}$ as a solution
(Q) $x=\frac{10}{9}, y=-\frac{1}{9}, z=0$ as a solution
(III) If $\frac{p}{q} \neq 10$, then the system of linear
(R) infinitely many solutions
(IV) If $\frac{p}{q}=10$, then the system of linear
(S) no solution
(T) at least one solution

The correct option is:",0.4,no,,,,,,,,,,,,,,,
184,JEE Adv 2022 Paper 1,MCQ,B,"Let $p, q, r$ be nonzero real numbers that are, respectively, the $10^{\text {th }}, 100^{\text {th }}$ and $1000^{\text {th }}$ terms of a harmonic progression. Consider the system of linear equations

\[
\begin{gathered}

x+y+z=1 \\

10 x+100 y+1000 z=0 \\

q r x+p r y+p q z=0

\end{gathered}
\]

List-I
(I) If $\frac{q}{r}=10$, then the system of linear equations has
(II) If $\frac{p}{r} \neq 100$, then the system of linear equations has
(III) If $\frac{p}{q} \neq 10$, then the system of linear equations has
(IV) If $\frac{p}{q}=10$, then the system of linear equations has

List-II
(P) $x=0, \quad y=\frac{10}{9}, z=-\frac{1}{9}$ as a solution
(Q) $x=\frac{10}{9}, y=-\frac{1}{9}, z=0$ as a solution
(III) If $\frac{p}{q} \neq 10$, then the system of linear
(R) infinitely many solutions
(IV) If $\frac{p}{q}=10$, then the system of linear
(S) no solution
(T) at least one solution

The correct option is:",0.5,no,,,,,,,,,,,,,,,
185,JEE Adv 2022 Paper 1,MCQ,C,"Consider the ellipse

\[
\frac{x^{2}}{4}+\frac{y^{2}}{3}=1
\]

Let $H(\alpha, 0), 0<\alpha<2$, be a point. A straight line drawn through $H$ parallel to the $y$-axis crosses the ellipse and its auxiliary circle at points $E$ and $F$ respectively, in the first quadrant. The tangent to the ellipse at the point $E$ intersects the positive $x$-axis at a point $G$. Suppose the straight line joining $F$ and the origin makes an angle $\phi$ with the positive $x$-axis.

List-I
(I) If $\phi=\frac{\pi}{4}$, then the area of the triangle $F G H$ is
(II) If $\phi=\frac{\pi}{3}$, then the area of the triangle $F G H$ is
(III) If $\phi=\frac{\pi}{6}$, then the area of the triangle $F G H$ is
(IV) If $\phi=\frac{\pi}{12}$, then the area of the triangle $F G H$ is

List-II
(P) $\frac{(\sqrt{3}-1)^4}{8}$
(Q) 1
(R) $\frac{3}{4}$
(S) $\frac{1}{2 \sqrt{3}}$
(T) $\frac{3 \sqrt{3}}{2}$

The correct option is:",0.0,no,,,,,,,,,,,,,,,
185,JEE Adv 2022 Paper 1,MCQ,C,"Consider the ellipse

\[
\frac{x^{2}}{4}+\frac{y^{2}}{3}=1
\]

Let $H(\alpha, 0), 0<\alpha<2$, be a point. A straight line drawn through $H$ parallel to the $y$-axis crosses the ellipse and its auxiliary circle at points $E$ and $F$ respectively, in the first quadrant. The tangent to the ellipse at the point $E$ intersects the positive $x$-axis at a point $G$. Suppose the straight line joining $F$ and the origin makes an angle $\phi$ with the positive $x$-axis.

List-I
(I) If $\phi=\frac{\pi}{4}$, then the area of the triangle $F G H$ is
(II) If $\phi=\frac{\pi}{3}$, then the area of the triangle $F G H$ is
(III) If $\phi=\frac{\pi}{6}$, then the area of the triangle $F G H$ is
(IV) If $\phi=\frac{\pi}{12}$, then the area of the triangle $F G H$ is

List-II
(P) $\frac{(\sqrt{3}-1)^4}{8}$
(Q) 1
(R) $\frac{3}{4}$
(S) $\frac{1}{2 \sqrt{3}}$
(T) $\frac{3 \sqrt{3}}{2}$

The correct option is:",0.1,no,,,,,,,,,,,,,,,
185,JEE Adv 2022 Paper 1,MCQ,C,"Consider the ellipse

\[
\frac{x^{2}}{4}+\frac{y^{2}}{3}=1
\]

Let $H(\alpha, 0), 0<\alpha<2$, be a point. A straight line drawn through $H$ parallel to the $y$-axis crosses the ellipse and its auxiliary circle at points $E$ and $F$ respectively, in the first quadrant. The tangent to the ellipse at the point $E$ intersects the positive $x$-axis at a point $G$. Suppose the straight line joining $F$ and the origin makes an angle $\phi$ with the positive $x$-axis.

List-I
(I) If $\phi=\frac{\pi}{4}$, then the area of the triangle $F G H$ is
(II) If $\phi=\frac{\pi}{3}$, then the area of the triangle $F G H$ is
(III) If $\phi=\frac{\pi}{6}$, then the area of the triangle $F G H$ is
(IV) If $\phi=\frac{\pi}{12}$, then the area of the triangle $F G H$ is

List-II
(P) $\frac{(\sqrt{3}-1)^4}{8}$
(Q) 1
(R) $\frac{3}{4}$
(S) $\frac{1}{2 \sqrt{3}}$
(T) $\frac{3 \sqrt{3}}{2}$

The correct option is:",0.2,no,,,,,,,,,,,,,,,
185,JEE Adv 2022 Paper 1,MCQ,C,"Consider the ellipse

\[
\frac{x^{2}}{4}+\frac{y^{2}}{3}=1
\]

Let $H(\alpha, 0), 0<\alpha<2$, be a point. A straight line drawn through $H$ parallel to the $y$-axis crosses the ellipse and its auxiliary circle at points $E$ and $F$ respectively, in the first quadrant. The tangent to the ellipse at the point $E$ intersects the positive $x$-axis at a point $G$. Suppose the straight line joining $F$ and the origin makes an angle $\phi$ with the positive $x$-axis.

List-I
(I) If $\phi=\frac{\pi}{4}$, then the area of the triangle $F G H$ is
(II) If $\phi=\frac{\pi}{3}$, then the area of the triangle $F G H$ is
(III) If $\phi=\frac{\pi}{6}$, then the area of the triangle $F G H$ is
(IV) If $\phi=\frac{\pi}{12}$, then the area of the triangle $F G H$ is

List-II
(P) $\frac{(\sqrt{3}-1)^4}{8}$
(Q) 1
(R) $\frac{3}{4}$
(S) $\frac{1}{2 \sqrt{3}}$
(T) $\frac{3 \sqrt{3}}{2}$

The correct option is:",0.3,no,,,,,,,,,,,,,,,
185,JEE Adv 2022 Paper 1,MCQ,C,"Consider the ellipse

\[
\frac{x^{2}}{4}+\frac{y^{2}}{3}=1
\]

Let $H(\alpha, 0), 0<\alpha<2$, be a point. A straight line drawn through $H$ parallel to the $y$-axis crosses the ellipse and its auxiliary circle at points $E$ and $F$ respectively, in the first quadrant. The tangent to the ellipse at the point $E$ intersects the positive $x$-axis at a point $G$. Suppose the straight line joining $F$ and the origin makes an angle $\phi$ with the positive $x$-axis.

List-I
(I) If $\phi=\frac{\pi}{4}$, then the area of the triangle $F G H$ is
(II) If $\phi=\frac{\pi}{3}$, then the area of the triangle $F G H$ is
(III) If $\phi=\frac{\pi}{6}$, then the area of the triangle $F G H$ is
(IV) If $\phi=\frac{\pi}{12}$, then the area of the triangle $F G H$ is

List-II
(P) $\frac{(\sqrt{3}-1)^4}{8}$
(Q) 1
(R) $\frac{3}{4}$
(S) $\frac{1}{2 \sqrt{3}}$
(T) $\frac{3 \sqrt{3}}{2}$

The correct option is:",0.4,no,,,,,,,,,,,,,,,
185,JEE Adv 2022 Paper 1,MCQ,C,"Consider the ellipse

\[
\frac{x^{2}}{4}+\frac{y^{2}}{3}=1
\]

Let $H(\alpha, 0), 0<\alpha<2$, be a point. A straight line drawn through $H$ parallel to the $y$-axis crosses the ellipse and its auxiliary circle at points $E$ and $F$ respectively, in the first quadrant. The tangent to the ellipse at the point $E$ intersects the positive $x$-axis at a point $G$. Suppose the straight line joining $F$ and the origin makes an angle $\phi$ with the positive $x$-axis.

List-I
(I) If $\phi=\frac{\pi}{4}$, then the area of the triangle $F G H$ is
(II) If $\phi=\frac{\pi}{3}$, then the area of the triangle $F G H$ is
(III) If $\phi=\frac{\pi}{6}$, then the area of the triangle $F G H$ is
(IV) If $\phi=\frac{\pi}{12}$, then the area of the triangle $F G H$ is

List-II
(P) $\frac{(\sqrt{3}-1)^4}{8}$
(Q) 1
(R) $\frac{3}{4}$
(S) $\frac{1}{2 \sqrt{3}}$
(T) $\frac{3 \sqrt{3}}{2}$

The correct option is:",0.5,no,,,,,,,,,,,,,,,
186,JEE Adv 2022 Paper 2,Integer,1,"Let $\alpha$ and $\beta$ be real numbers such that $-\frac{\pi}{4}<\beta<0<\alpha<\frac{\pi}{4}$. If $\sin (\alpha+\beta)=\frac{1}{3}$ and $\cos (\alpha-\beta)=\frac{2}{3}$, then what is the greatest integer less than or equal to

\[
\left(\frac{\sin \alpha}{\cos \beta}+\frac{\cos \beta}{\sin \alpha}+\frac{\cos \alpha}{\sin \beta}+\frac{\sin \beta}{\cos \alpha}\right)^{2}
\]?",0.0,no,,,,,,,,,,,,,,,
186,JEE Adv 2022 Paper 2,Integer,1,"Let $\alpha$ and $\beta$ be real numbers such that $-\frac{\pi}{4}<\beta<0<\alpha<\frac{\pi}{4}$. If $\sin (\alpha+\beta)=\frac{1}{3}$ and $\cos (\alpha-\beta)=\frac{2}{3}$, then what is the greatest integer less than or equal to

\[
\left(\frac{\sin \alpha}{\cos \beta}+\frac{\cos \beta}{\sin \alpha}+\frac{\cos \alpha}{\sin \beta}+\frac{\sin \beta}{\cos \alpha}\right)^{2}
\]?",0.1,no,,,,,,,,,,,,,,,
186,JEE Adv 2022 Paper 2,Integer,1,"Let $\alpha$ and $\beta$ be real numbers such that $-\frac{\pi}{4}<\beta<0<\alpha<\frac{\pi}{4}$. If $\sin (\alpha+\beta)=\frac{1}{3}$ and $\cos (\alpha-\beta)=\frac{2}{3}$, then what is the greatest integer less than or equal to

\[
\left(\frac{\sin \alpha}{\cos \beta}+\frac{\cos \beta}{\sin \alpha}+\frac{\cos \alpha}{\sin \beta}+\frac{\sin \beta}{\cos \alpha}\right)^{2}
\]?",0.2,no,,,,,,,,,,,,,,,
186,JEE Adv 2022 Paper 2,Integer,1,"Let $\alpha$ and $\beta$ be real numbers such that $-\frac{\pi}{4}<\beta<0<\alpha<\frac{\pi}{4}$. If $\sin (\alpha+\beta)=\frac{1}{3}$ and $\cos (\alpha-\beta)=\frac{2}{3}$, then what is the greatest integer less than or equal to

\[
\left(\frac{\sin \alpha}{\cos \beta}+\frac{\cos \beta}{\sin \alpha}+\frac{\cos \alpha}{\sin \beta}+\frac{\sin \beta}{\cos \alpha}\right)^{2}
\]?",0.3,no,,,,,,,,,,,,,,,
186,JEE Adv 2022 Paper 2,Integer,1,"Let $\alpha$ and $\beta$ be real numbers such that $-\frac{\pi}{4}<\beta<0<\alpha<\frac{\pi}{4}$. If $\sin (\alpha+\beta)=\frac{1}{3}$ and $\cos (\alpha-\beta)=\frac{2}{3}$, then what is the greatest integer less than or equal to

\[
\left(\frac{\sin \alpha}{\cos \beta}+\frac{\cos \beta}{\sin \alpha}+\frac{\cos \alpha}{\sin \beta}+\frac{\sin \beta}{\cos \alpha}\right)^{2}
\]?",0.4,no,,,,,,,,,,,,,,,
186,JEE Adv 2022 Paper 2,Integer,1,"Let $\alpha$ and $\beta$ be real numbers such that $-\frac{\pi}{4}<\beta<0<\alpha<\frac{\pi}{4}$. If $\sin (\alpha+\beta)=\frac{1}{3}$ and $\cos (\alpha-\beta)=\frac{2}{3}$, then what is the greatest integer less than or equal to

\[
\left(\frac{\sin \alpha}{\cos \beta}+\frac{\cos \beta}{\sin \alpha}+\frac{\cos \alpha}{\sin \beta}+\frac{\sin \beta}{\cos \alpha}\right)^{2}
\]?",0.5,no,,,,,,,,,,,,,,,
187,JEE Adv 2022 Paper 2,Integer,8,"If $y(x)$ is the solution of the differential equation

\[
x d y-\left(y^{2}-4 y\right) d x=0 \text { for } x>0, \quad y(1)=2,
\]

and the slope of the curve $y=y(x)$ is never zero, then what is the value of $10 y(\sqrt{2})$?",0.0,no,,,,,,,,,,,,,,,
187,JEE Adv 2022 Paper 2,Integer,8,"If $y(x)$ is the solution of the differential equation

\[
x d y-\left(y^{2}-4 y\right) d x=0 \text { for } x>0, \quad y(1)=2,
\]

and the slope of the curve $y=y(x)$ is never zero, then what is the value of $10 y(\sqrt{2})$?",0.1,no,,,,,,,,,,,,,,,
187,JEE Adv 2022 Paper 2,Integer,8,"If $y(x)$ is the solution of the differential equation

\[
x d y-\left(y^{2}-4 y\right) d x=0 \text { for } x>0, \quad y(1)=2,
\]

and the slope of the curve $y=y(x)$ is never zero, then what is the value of $10 y(\sqrt{2})$?",0.2,no,,,,,,,,,,,,,,,
187,JEE Adv 2022 Paper 2,Integer,8,"If $y(x)$ is the solution of the differential equation

\[
x d y-\left(y^{2}-4 y\right) d x=0 \text { for } x>0, \quad y(1)=2,
\]

and the slope of the curve $y=y(x)$ is never zero, then what is the value of $10 y(\sqrt{2})$?",0.3,no,,,,,,,,,,,,,,,
187,JEE Adv 2022 Paper 2,Integer,8,"If $y(x)$ is the solution of the differential equation

\[
x d y-\left(y^{2}-4 y\right) d x=0 \text { for } x>0, \quad y(1)=2,
\]

and the slope of the curve $y=y(x)$ is never zero, then what is the value of $10 y(\sqrt{2})$?",0.4,no,,,,,,,,,,,,,,,
187,JEE Adv 2022 Paper 2,Integer,8,"If $y(x)$ is the solution of the differential equation

\[
x d y-\left(y^{2}-4 y\right) d x=0 \text { for } x>0, \quad y(1)=2,
\]

and the slope of the curve $y=y(x)$ is never zero, then what is the value of $10 y(\sqrt{2})$?",0.5,no,,,,,,,,,,,,,,,
188,JEE Adv 2022 Paper 2,Numeric,5,"What is the greatest integer less than or equal to

\[
\int_{1}^{2} \log _{2}\left(x^{3}+1\right) d x+\int_{1}^{\log _{2} 9}\left(2^{x}-1\right)^{\frac{1}{3}} d x
\]?",0.0,no,,,,,,,,,,,,,,,
188,JEE Adv 2022 Paper 2,Numeric,5,"What is the greatest integer less than or equal to

\[
\int_{1}^{2} \log _{2}\left(x^{3}+1\right) d x+\int_{1}^{\log _{2} 9}\left(2^{x}-1\right)^{\frac{1}{3}} d x
\]?",0.1,no,,,,,,,,,,,,,,,
188,JEE Adv 2022 Paper 2,Numeric,5,"What is the greatest integer less than or equal to

\[
\int_{1}^{2} \log _{2}\left(x^{3}+1\right) d x+\int_{1}^{\log _{2} 9}\left(2^{x}-1\right)^{\frac{1}{3}} d x
\]?",0.2,no,,,,,,,,,,,,,,,
188,JEE Adv 2022 Paper 2,Numeric,5,"What is the greatest integer less than or equal to

\[
\int_{1}^{2} \log _{2}\left(x^{3}+1\right) d x+\int_{1}^{\log _{2} 9}\left(2^{x}-1\right)^{\frac{1}{3}} d x
\]?",0.3,no,,,,,,,,,,,,,,,
188,JEE Adv 2022 Paper 2,Numeric,5,"What is the greatest integer less than or equal to

\[
\int_{1}^{2} \log _{2}\left(x^{3}+1\right) d x+\int_{1}^{\log _{2} 9}\left(2^{x}-1\right)^{\frac{1}{3}} d x
\]?",0.4,no,,,,,,,,,,,,,,,
188,JEE Adv 2022 Paper 2,Numeric,5,"What is the greatest integer less than or equal to

\[
\int_{1}^{2} \log _{2}\left(x^{3}+1\right) d x+\int_{1}^{\log _{2} 9}\left(2^{x}-1\right)^{\frac{1}{3}} d x
\]?",0.5,no,,,,,,,,,,,,,,,
189,JEE Adv 2022 Paper 2,Integer,1,"What is the product of all positive real values of $x$ satisfying the equation

\[
x^{\left(16\left(\log _{5} x\right)^{3}-68 \log _{5} x\right)}=5^{-16}
\]?",0.0,no,,,,,,,,,,,,,,,
189,JEE Adv 2022 Paper 2,Integer,1,"What is the product of all positive real values of $x$ satisfying the equation

\[
x^{\left(16\left(\log _{5} x\right)^{3}-68 \log _{5} x\right)}=5^{-16}
\]?",0.1,no,,,,,,,,,,,,,,,
189,JEE Adv 2022 Paper 2,Integer,1,"What is the product of all positive real values of $x$ satisfying the equation

\[
x^{\left(16\left(\log _{5} x\right)^{3}-68 \log _{5} x\right)}=5^{-16}
\]?",0.2,no,,,,,,,,,,,,,,,
189,JEE Adv 2022 Paper 2,Integer,1,"What is the product of all positive real values of $x$ satisfying the equation

\[
x^{\left(16\left(\log _{5} x\right)^{3}-68 \log _{5} x\right)}=5^{-16}
\]?",0.3,no,,,,,,,,,,,,,,,
189,JEE Adv 2022 Paper 2,Integer,1,"What is the product of all positive real values of $x$ satisfying the equation

\[
x^{\left(16\left(\log _{5} x\right)^{3}-68 \log _{5} x\right)}=5^{-16}
\]?",0.4,no,,,,,,,,,,,,,,,
189,JEE Adv 2022 Paper 2,Integer,1,"What is the product of all positive real values of $x$ satisfying the equation

\[
x^{\left(16\left(\log _{5} x\right)^{3}-68 \log _{5} x\right)}=5^{-16}
\]?",0.5,no,,,,,,,,,,,,,,,
190,JEE Adv 2022 Paper 2,Integer,5,"If

\[
\beta=\lim _{x \rightarrow 0} \frac{e^{x^{3}}-\left(1-x^{3}\right)^{\frac{1}{3}}+\left(\left(1-x^{2}\right)^{\frac{1}{2}}-1\right) \sin x}{x \sin ^{2} x},
\]

then what is the value of $6 \beta$?",0.0,no,,,,,,,,,,,,,,,
190,JEE Adv 2022 Paper 2,Integer,5,"If

\[
\beta=\lim _{x \rightarrow 0} \frac{e^{x^{3}}-\left(1-x^{3}\right)^{\frac{1}{3}}+\left(\left(1-x^{2}\right)^{\frac{1}{2}}-1\right) \sin x}{x \sin ^{2} x},
\]

then what is the value of $6 \beta$?",0.1,no,,,,,,,,,,,,,,,
190,JEE Adv 2022 Paper 2,Integer,5,"If

\[
\beta=\lim _{x \rightarrow 0} \frac{e^{x^{3}}-\left(1-x^{3}\right)^{\frac{1}{3}}+\left(\left(1-x^{2}\right)^{\frac{1}{2}}-1\right) \sin x}{x \sin ^{2} x},
\]

then what is the value of $6 \beta$?",0.2,no,,,,,,,,,,,,,,,
190,JEE Adv 2022 Paper 2,Integer,5,"If

\[
\beta=\lim _{x \rightarrow 0} \frac{e^{x^{3}}-\left(1-x^{3}\right)^{\frac{1}{3}}+\left(\left(1-x^{2}\right)^{\frac{1}{2}}-1\right) \sin x}{x \sin ^{2} x},
\]

then what is the value of $6 \beta$?",0.3,no,,,,,,,,,,,,,,,
190,JEE Adv 2022 Paper 2,Integer,5,"If

\[
\beta=\lim _{x \rightarrow 0} \frac{e^{x^{3}}-\left(1-x^{3}\right)^{\frac{1}{3}}+\left(\left(1-x^{2}\right)^{\frac{1}{2}}-1\right) \sin x}{x \sin ^{2} x},
\]

then what is the value of $6 \beta$?",0.4,no,,,,,,,,,,,,,,,
190,JEE Adv 2022 Paper 2,Integer,5,"If

\[
\beta=\lim _{x \rightarrow 0} \frac{e^{x^{3}}-\left(1-x^{3}\right)^{\frac{1}{3}}+\left(\left(1-x^{2}\right)^{\frac{1}{2}}-1\right) \sin x}{x \sin ^{2} x},
\]

then what is the value of $6 \beta$?",0.5,no,,,,,,,,,,,,,,,
191,JEE Adv 2022 Paper 2,Integer,3,"Let $\beta$ be a real number. Consider the matrix

\[
A=\left(\begin{array}{ccc}

\beta & 0 & 1 \\

2 & 1 & -2 \\

3 & 1 & -2

\end{array}\right)
\]

If $A^{7}-(\beta-1) A^{6}-\beta A^{5}$ is a singular matrix, then what is the value of $9 \beta$?",0.0,no,,,,,,,,,,,,,,,
191,JEE Adv 2022 Paper 2,Integer,3,"Let $\beta$ be a real number. Consider the matrix

\[
A=\left(\begin{array}{ccc}

\beta & 0 & 1 \\

2 & 1 & -2 \\

3 & 1 & -2

\end{array}\right)
\]

If $A^{7}-(\beta-1) A^{6}-\beta A^{5}$ is a singular matrix, then what is the value of $9 \beta$?",0.1,no,,,,,,,,,,,,,,,
191,JEE Adv 2022 Paper 2,Integer,3,"Let $\beta$ be a real number. Consider the matrix

\[
A=\left(\begin{array}{ccc}

\beta & 0 & 1 \\

2 & 1 & -2 \\

3 & 1 & -2

\end{array}\right)
\]

If $A^{7}-(\beta-1) A^{6}-\beta A^{5}$ is a singular matrix, then what is the value of $9 \beta$?",0.2,no,,,,,,,,,,,,,,,
191,JEE Adv 2022 Paper 2,Integer,3,"Let $\beta$ be a real number. Consider the matrix

\[
A=\left(\begin{array}{ccc}

\beta & 0 & 1 \\

2 & 1 & -2 \\

3 & 1 & -2

\end{array}\right)
\]

If $A^{7}-(\beta-1) A^{6}-\beta A^{5}$ is a singular matrix, then what is the value of $9 \beta$?",0.3,no,,,,,,,,,,,,,,,
191,JEE Adv 2022 Paper 2,Integer,3,"Let $\beta$ be a real number. Consider the matrix

\[
A=\left(\begin{array}{ccc}

\beta & 0 & 1 \\

2 & 1 & -2 \\

3 & 1 & -2

\end{array}\right)
\]

If $A^{7}-(\beta-1) A^{6}-\beta A^{5}$ is a singular matrix, then what is the value of $9 \beta$?",0.4,no,,,,,,,,,,,,,,,
191,JEE Adv 2022 Paper 2,Integer,3,"Let $\beta$ be a real number. Consider the matrix

\[
A=\left(\begin{array}{ccc}

\beta & 0 & 1 \\

2 & 1 & -2 \\

3 & 1 & -2

\end{array}\right)
\]

If $A^{7}-(\beta-1) A^{6}-\beta A^{5}$ is a singular matrix, then what is the value of $9 \beta$?",0.5,no,,,,,,,,,,,,,,,
192,JEE Adv 2022 Paper 2,Integer,7,"Consider the hyperbola

\[
\frac{x^{2}}{100}-\frac{y^{2}}{64}=1
\]

with foci at $S$ and $S_{1}$, where $S$ lies on the positive $x$-axis. Let $P$ be a point on the hyperbola, in the first quadrant. Let $\angle S P S_{1}=\alpha$, with $\alpha<\frac{\pi}{2}$. The straight line passing through the point $S$ and having the same slope as that of the tangent at $P$ to the hyperbola, intersects the straight line $S_{1} P$ at $P_{1}$. Let $\delta$ be the distance of $P$ from the straight line $S P_{1}$, and $\beta=S_{1} P$. Then what is the greatest integer less than or equal to $\frac{\beta \delta}{9} \sin \frac{\alpha}{2}$?",0.0,no,,,,,,,,,,,,,,,
192,JEE Adv 2022 Paper 2,Integer,7,"Consider the hyperbola

\[
\frac{x^{2}}{100}-\frac{y^{2}}{64}=1
\]

with foci at $S$ and $S_{1}$, where $S$ lies on the positive $x$-axis. Let $P$ be a point on the hyperbola, in the first quadrant. Let $\angle S P S_{1}=\alpha$, with $\alpha<\frac{\pi}{2}$. The straight line passing through the point $S$ and having the same slope as that of the tangent at $P$ to the hyperbola, intersects the straight line $S_{1} P$ at $P_{1}$. Let $\delta$ be the distance of $P$ from the straight line $S P_{1}$, and $\beta=S_{1} P$. Then what is the greatest integer less than or equal to $\frac{\beta \delta}{9} \sin \frac{\alpha}{2}$?",0.1,no,,,,,,,,,,,,,,,
192,JEE Adv 2022 Paper 2,Integer,7,"Consider the hyperbola

\[
\frac{x^{2}}{100}-\frac{y^{2}}{64}=1
\]

with foci at $S$ and $S_{1}$, where $S$ lies on the positive $x$-axis. Let $P$ be a point on the hyperbola, in the first quadrant. Let $\angle S P S_{1}=\alpha$, with $\alpha<\frac{\pi}{2}$. The straight line passing through the point $S$ and having the same slope as that of the tangent at $P$ to the hyperbola, intersects the straight line $S_{1} P$ at $P_{1}$. Let $\delta$ be the distance of $P$ from the straight line $S P_{1}$, and $\beta=S_{1} P$. Then what is the greatest integer less than or equal to $\frac{\beta \delta}{9} \sin \frac{\alpha}{2}$?",0.2,no,,,,,,,,,,,,,,,
192,JEE Adv 2022 Paper 2,Integer,7,"Consider the hyperbola

\[
\frac{x^{2}}{100}-\frac{y^{2}}{64}=1
\]

with foci at $S$ and $S_{1}$, where $S$ lies on the positive $x$-axis. Let $P$ be a point on the hyperbola, in the first quadrant. Let $\angle S P S_{1}=\alpha$, with $\alpha<\frac{\pi}{2}$. The straight line passing through the point $S$ and having the same slope as that of the tangent at $P$ to the hyperbola, intersects the straight line $S_{1} P$ at $P_{1}$. Let $\delta$ be the distance of $P$ from the straight line $S P_{1}$, and $\beta=S_{1} P$. Then what is the greatest integer less than or equal to $\frac{\beta \delta}{9} \sin \frac{\alpha}{2}$?",0.3,no,,,,,,,,,,,,,,,
192,JEE Adv 2022 Paper 2,Integer,7,"Consider the hyperbola

\[
\frac{x^{2}}{100}-\frac{y^{2}}{64}=1
\]

with foci at $S$ and $S_{1}$, where $S$ lies on the positive $x$-axis. Let $P$ be a point on the hyperbola, in the first quadrant. Let $\angle S P S_{1}=\alpha$, with $\alpha<\frac{\pi}{2}$. The straight line passing through the point $S$ and having the same slope as that of the tangent at $P$ to the hyperbola, intersects the straight line $S_{1} P$ at $P_{1}$. Let $\delta$ be the distance of $P$ from the straight line $S P_{1}$, and $\beta=S_{1} P$. Then what is the greatest integer less than or equal to $\frac{\beta \delta}{9} \sin \frac{\alpha}{2}$?",0.4,no,,,,,,,,,,,,,,,
192,JEE Adv 2022 Paper 2,Integer,7,"Consider the hyperbola

\[
\frac{x^{2}}{100}-\frac{y^{2}}{64}=1
\]

with foci at $S$ and $S_{1}$, where $S$ lies on the positive $x$-axis. Let $P$ be a point on the hyperbola, in the first quadrant. Let $\angle S P S_{1}=\alpha$, with $\alpha<\frac{\pi}{2}$. The straight line passing through the point $S$ and having the same slope as that of the tangent at $P$ to the hyperbola, intersects the straight line $S_{1} P$ at $P_{1}$. Let $\delta$ be the distance of $P$ from the straight line $S P_{1}$, and $\beta=S_{1} P$. Then what is the greatest integer less than or equal to $\frac{\beta \delta}{9} \sin \frac{\alpha}{2}$?",0.5,no,,,,,,,,,,,,,,,
193,JEE Adv 2022 Paper 2,Integer,6,"Consider the functions $f, g: \mathbb{R} \rightarrow \mathbb{R}$ defined by

\[
f(x)=x^{2}+\frac{5}{12} \quad \text { and } \quad g(x)= \begin{cases}2\left(1-\frac{4|x|}{3}\right), & |x| \leq \frac{3}{4} \\ 0, & |x|>\frac{3}{4}\end{cases}
\]

If $\alpha$ is the area of the region

\[
\left\{(x, y) \in \mathbb{R} \times \mathbb{R}:|x| \leq \frac{3}{4}, 0 \leq y \leq \min \{f(x), g(x)\}\right\}
\]

then what is the value of $9 \alpha$?",0.0,no,,,,,,,,,,,,,,,
193,JEE Adv 2022 Paper 2,Integer,6,"Consider the functions $f, g: \mathbb{R} \rightarrow \mathbb{R}$ defined by

\[
f(x)=x^{2}+\frac{5}{12} \quad \text { and } \quad g(x)= \begin{cases}2\left(1-\frac{4|x|}{3}\right), & |x| \leq \frac{3}{4} \\ 0, & |x|>\frac{3}{4}\end{cases}
\]

If $\alpha$ is the area of the region

\[
\left\{(x, y) \in \mathbb{R} \times \mathbb{R}:|x| \leq \frac{3}{4}, 0 \leq y \leq \min \{f(x), g(x)\}\right\}
\]

then what is the value of $9 \alpha$?",0.1,no,,,,,,,,,,,,,,,
193,JEE Adv 2022 Paper 2,Integer,6,"Consider the functions $f, g: \mathbb{R} \rightarrow \mathbb{R}$ defined by

\[
f(x)=x^{2}+\frac{5}{12} \quad \text { and } \quad g(x)= \begin{cases}2\left(1-\frac{4|x|}{3}\right), & |x| \leq \frac{3}{4} \\ 0, & |x|>\frac{3}{4}\end{cases}
\]

If $\alpha$ is the area of the region

\[
\left\{(x, y) \in \mathbb{R} \times \mathbb{R}:|x| \leq \frac{3}{4}, 0 \leq y \leq \min \{f(x), g(x)\}\right\}
\]

then what is the value of $9 \alpha$?",0.2,no,,,,,,,,,,,,,,,
193,JEE Adv 2022 Paper 2,Integer,6,"Consider the functions $f, g: \mathbb{R} \rightarrow \mathbb{R}$ defined by

\[
f(x)=x^{2}+\frac{5}{12} \quad \text { and } \quad g(x)= \begin{cases}2\left(1-\frac{4|x|}{3}\right), & |x| \leq \frac{3}{4} \\ 0, & |x|>\frac{3}{4}\end{cases}
\]

If $\alpha$ is the area of the region

\[
\left\{(x, y) \in \mathbb{R} \times \mathbb{R}:|x| \leq \frac{3}{4}, 0 \leq y \leq \min \{f(x), g(x)\}\right\}
\]

then what is the value of $9 \alpha$?",0.3,no,,,,,,,,,,,,,,,
193,JEE Adv 2022 Paper 2,Integer,6,"Consider the functions $f, g: \mathbb{R} \rightarrow \mathbb{R}$ defined by

\[
f(x)=x^{2}+\frac{5}{12} \quad \text { and } \quad g(x)= \begin{cases}2\left(1-\frac{4|x|}{3}\right), & |x| \leq \frac{3}{4} \\ 0, & |x|>\frac{3}{4}\end{cases}
\]

If $\alpha$ is the area of the region

\[
\left\{(x, y) \in \mathbb{R} \times \mathbb{R}:|x| \leq \frac{3}{4}, 0 \leq y \leq \min \{f(x), g(x)\}\right\}
\]

then what is the value of $9 \alpha$?",0.4,no,,,,,,,,,,,,,,,
193,JEE Adv 2022 Paper 2,Integer,6,"Consider the functions $f, g: \mathbb{R} \rightarrow \mathbb{R}$ defined by

\[
f(x)=x^{2}+\frac{5}{12} \quad \text { and } \quad g(x)= \begin{cases}2\left(1-\frac{4|x|}{3}\right), & |x| \leq \frac{3}{4} \\ 0, & |x|>\frac{3}{4}\end{cases}
\]

If $\alpha$ is the area of the region

\[
\left\{(x, y) \in \mathbb{R} \times \mathbb{R}:|x| \leq \frac{3}{4}, 0 \leq y \leq \min \{f(x), g(x)\}\right\}
\]

then what is the value of $9 \alpha$?",0.5,no,,,,,,,,,,,,,,,
194,JEE Adv 2022 Paper 2,MCQ(multiple),AB,"Let $P Q R S$ be a quadrilateral in a plane, where $Q R=1, \angle P Q R=\angle Q R S=70^{\circ}, \angle P Q S=15^{\circ}$ and $\angle P R S=40^{\circ}$. If $\angle R P S=\theta^{\circ}, P Q=\alpha$ and $P S=\beta$, then the interval(s) that contain(s) the value of $4 \alpha \beta \sin \theta^{\circ}$ is/are",0.0,no,,,,,,,,,,,,,,,
194,JEE Adv 2022 Paper 2,MCQ(multiple),AB,"Let $P Q R S$ be a quadrilateral in a plane, where $Q R=1, \angle P Q R=\angle Q R S=70^{\circ}, \angle P Q S=15^{\circ}$ and $\angle P R S=40^{\circ}$. If $\angle R P S=\theta^{\circ}, P Q=\alpha$ and $P S=\beta$, then the interval(s) that contain(s) the value of $4 \alpha \beta \sin \theta^{\circ}$ is/are",0.1,no,,,,,,,,,,,,,,,
194,JEE Adv 2022 Paper 2,MCQ(multiple),AB,"Let $P Q R S$ be a quadrilateral in a plane, where $Q R=1, \angle P Q R=\angle Q R S=70^{\circ}, \angle P Q S=15^{\circ}$ and $\angle P R S=40^{\circ}$. If $\angle R P S=\theta^{\circ}, P Q=\alpha$ and $P S=\beta$, then the interval(s) that contain(s) the value of $4 \alpha \beta \sin \theta^{\circ}$ is/are",0.2,no,,,,,,,,,,,,,,,
194,JEE Adv 2022 Paper 2,MCQ(multiple),AB,"Let $P Q R S$ be a quadrilateral in a plane, where $Q R=1, \angle P Q R=\angle Q R S=70^{\circ}, \angle P Q S=15^{\circ}$ and $\angle P R S=40^{\circ}$. If $\angle R P S=\theta^{\circ}, P Q=\alpha$ and $P S=\beta$, then the interval(s) that contain(s) the value of $4 \alpha \beta \sin \theta^{\circ}$ is/are",0.3,no,,,,,,,,,,,,,,,
194,JEE Adv 2022 Paper 2,MCQ(multiple),AB,"Let $P Q R S$ be a quadrilateral in a plane, where $Q R=1, \angle P Q R=\angle Q R S=70^{\circ}, \angle P Q S=15^{\circ}$ and $\angle P R S=40^{\circ}$. If $\angle R P S=\theta^{\circ}, P Q=\alpha$ and $P S=\beta$, then the interval(s) that contain(s) the value of $4 \alpha \beta \sin \theta^{\circ}$ is/are",0.4,no,,,,,,,,,,,,,,,
194,JEE Adv 2022 Paper 2,MCQ(multiple),AB,"Let $P Q R S$ be a quadrilateral in a plane, where $Q R=1, \angle P Q R=\angle Q R S=70^{\circ}, \angle P Q S=15^{\circ}$ and $\angle P R S=40^{\circ}$. If $\angle R P S=\theta^{\circ}, P Q=\alpha$ and $P S=\beta$, then the interval(s) that contain(s) the value of $4 \alpha \beta \sin \theta^{\circ}$ is/are",0.5,no,,,,,,,,,,,,,,,
195,JEE Adv 2022 Paper 2,MCQ(multiple),ABC,"Let

\[
\alpha=\sum_{k=1}^{\infty} \sin ^{2 k}\left(\frac{\pi}{6}\right)
\]

Let $g:[0,1] \rightarrow \mathbb{R}$ be the function defined by

\[
g(x)=2^{\alpha x}+2^{\alpha(1-x)}
\]

Then, which of the following statements is/are TRUE ?",0.0,no,,,,,,,,,,,,,,,
195,JEE Adv 2022 Paper 2,MCQ(multiple),ABC,"Let

\[
\alpha=\sum_{k=1}^{\infty} \sin ^{2 k}\left(\frac{\pi}{6}\right)
\]

Let $g:[0,1] \rightarrow \mathbb{R}$ be the function defined by

\[
g(x)=2^{\alpha x}+2^{\alpha(1-x)}
\]

Then, which of the following statements is/are TRUE ?",0.1,no,,,,,,,,,,,,,,,
195,JEE Adv 2022 Paper 2,MCQ(multiple),ABC,"Let

\[
\alpha=\sum_{k=1}^{\infty} \sin ^{2 k}\left(\frac{\pi}{6}\right)
\]

Let $g:[0,1] \rightarrow \mathbb{R}$ be the function defined by

\[
g(x)=2^{\alpha x}+2^{\alpha(1-x)}
\]

Then, which of the following statements is/are TRUE ?",0.2,no,,,,,,,,,,,,,,,
195,JEE Adv 2022 Paper 2,MCQ(multiple),ABC,"Let

\[
\alpha=\sum_{k=1}^{\infty} \sin ^{2 k}\left(\frac{\pi}{6}\right)
\]

Let $g:[0,1] \rightarrow \mathbb{R}$ be the function defined by

\[
g(x)=2^{\alpha x}+2^{\alpha(1-x)}
\]

Then, which of the following statements is/are TRUE ?",0.3,no,,,,,,,,,,,,,,,
195,JEE Adv 2022 Paper 2,MCQ(multiple),ABC,"Let

\[
\alpha=\sum_{k=1}^{\infty} \sin ^{2 k}\left(\frac{\pi}{6}\right)
\]

Let $g:[0,1] \rightarrow \mathbb{R}$ be the function defined by

\[
g(x)=2^{\alpha x}+2^{\alpha(1-x)}
\]

Then, which of the following statements is/are TRUE ?",0.4,no,,,,,,,,,,,,,,,
195,JEE Adv 2022 Paper 2,MCQ(multiple),ABC,"Let

\[
\alpha=\sum_{k=1}^{\infty} \sin ^{2 k}\left(\frac{\pi}{6}\right)
\]

Let $g:[0,1] \rightarrow \mathbb{R}$ be the function defined by

\[
g(x)=2^{\alpha x}+2^{\alpha(1-x)}
\]

Then, which of the following statements is/are TRUE ?",0.5,no,,,,,,,,,,,,,,,
196,JEE Adv 2022 Paper 2,MCQ(multiple),A,"Let $\bar{z}$ denote the complex conjugate of a complex number $z$. If $z$ is a non-zero complex number for which both real and imaginary parts of

\[
(\bar{z})^{2}+\frac{1}{z^{2}}
\]

are integers, then which of the following is/are possible value(s) of $|z|$ ?",0.0,no,,,,,,,,,,,,,,,
196,JEE Adv 2022 Paper 2,MCQ(multiple),A,"Let $\bar{z}$ denote the complex conjugate of a complex number $z$. If $z$ is a non-zero complex number for which both real and imaginary parts of

\[
(\bar{z})^{2}+\frac{1}{z^{2}}
\]

are integers, then which of the following is/are possible value(s) of $|z|$ ?",0.1,no,,,,,,,,,,,,,,,
196,JEE Adv 2022 Paper 2,MCQ(multiple),A,"Let $\bar{z}$ denote the complex conjugate of a complex number $z$. If $z$ is a non-zero complex number for which both real and imaginary parts of

\[
(\bar{z})^{2}+\frac{1}{z^{2}}
\]

are integers, then which of the following is/are possible value(s) of $|z|$ ?",0.2,no,,,,,,,,,,,,,,,
196,JEE Adv 2022 Paper 2,MCQ(multiple),A,"Let $\bar{z}$ denote the complex conjugate of a complex number $z$. If $z$ is a non-zero complex number for which both real and imaginary parts of

\[
(\bar{z})^{2}+\frac{1}{z^{2}}
\]

are integers, then which of the following is/are possible value(s) of $|z|$ ?",0.3,no,,,,,,,,,,,,,,,
196,JEE Adv 2022 Paper 2,MCQ(multiple),A,"Let $\bar{z}$ denote the complex conjugate of a complex number $z$. If $z$ is a non-zero complex number for which both real and imaginary parts of

\[
(\bar{z})^{2}+\frac{1}{z^{2}}
\]

are integers, then which of the following is/are possible value(s) of $|z|$ ?",0.4,no,,,,,,,,,,,,,,,
196,JEE Adv 2022 Paper 2,MCQ(multiple),A,"Let $\bar{z}$ denote the complex conjugate of a complex number $z$. If $z$ is a non-zero complex number for which both real and imaginary parts of

\[
(\bar{z})^{2}+\frac{1}{z^{2}}
\]

are integers, then which of the following is/are possible value(s) of $|z|$ ?",0.5,no,,,,,,,,,,,,,,,
197,JEE Adv 2022 Paper 2,MCQ(multiple),CD,"Let $G$ be a circle of radius $R>0$. Let $G_{1}, G_{2}, \ldots, G_{n}$ be $n$ circles of equal radius $r>0$. Suppose each of the $n$ circles $G_{1}, G_{2}, \ldots, G_{n}$ touches the circle $G$ externally. Also, for $i=1,2, \ldots, n-1$, the circle $G_{i}$ touches $G_{i+1}$ externally, and $G_{n}$ touches $G_{1}$ externally. Then, which of the following statements is/are TRUE?",0.0,no,,,,,,,,,,,,,,,
197,JEE Adv 2022 Paper 2,MCQ(multiple),CD,"Let $G$ be a circle of radius $R>0$. Let $G_{1}, G_{2}, \ldots, G_{n}$ be $n$ circles of equal radius $r>0$. Suppose each of the $n$ circles $G_{1}, G_{2}, \ldots, G_{n}$ touches the circle $G$ externally. Also, for $i=1,2, \ldots, n-1$, the circle $G_{i}$ touches $G_{i+1}$ externally, and $G_{n}$ touches $G_{1}$ externally. Then, which of the following statements is/are TRUE?",0.1,no,,,,,,,,,,,,,,,
197,JEE Adv 2022 Paper 2,MCQ(multiple),CD,"Let $G$ be a circle of radius $R>0$. Let $G_{1}, G_{2}, \ldots, G_{n}$ be $n$ circles of equal radius $r>0$. Suppose each of the $n$ circles $G_{1}, G_{2}, \ldots, G_{n}$ touches the circle $G$ externally. Also, for $i=1,2, \ldots, n-1$, the circle $G_{i}$ touches $G_{i+1}$ externally, and $G_{n}$ touches $G_{1}$ externally. Then, which of the following statements is/are TRUE?",0.2,no,,,,,,,,,,,,,,,
197,JEE Adv 2022 Paper 2,MCQ(multiple),CD,"Let $G$ be a circle of radius $R>0$. Let $G_{1}, G_{2}, \ldots, G_{n}$ be $n$ circles of equal radius $r>0$. Suppose each of the $n$ circles $G_{1}, G_{2}, \ldots, G_{n}$ touches the circle $G$ externally. Also, for $i=1,2, \ldots, n-1$, the circle $G_{i}$ touches $G_{i+1}$ externally, and $G_{n}$ touches $G_{1}$ externally. Then, which of the following statements is/are TRUE?",0.3,no,,,,,,,,,,,,,,,
197,JEE Adv 2022 Paper 2,MCQ(multiple),CD,"Let $G$ be a circle of radius $R>0$. Let $G_{1}, G_{2}, \ldots, G_{n}$ be $n$ circles of equal radius $r>0$. Suppose each of the $n$ circles $G_{1}, G_{2}, \ldots, G_{n}$ touches the circle $G$ externally. Also, for $i=1,2, \ldots, n-1$, the circle $G_{i}$ touches $G_{i+1}$ externally, and $G_{n}$ touches $G_{1}$ externally. Then, which of the following statements is/are TRUE?",0.4,no,,,,,,,,,,,,,,,
197,JEE Adv 2022 Paper 2,MCQ(multiple),CD,"Let $G$ be a circle of radius $R>0$. Let $G_{1}, G_{2}, \ldots, G_{n}$ be $n$ circles of equal radius $r>0$. Suppose each of the $n$ circles $G_{1}, G_{2}, \ldots, G_{n}$ touches the circle $G$ externally. Also, for $i=1,2, \ldots, n-1$, the circle $G_{i}$ touches $G_{i+1}$ externally, and $G_{n}$ touches $G_{1}$ externally. Then, which of the following statements is/are TRUE?",0.5,no,,,,,,,,,,,,,,,
198,JEE Adv 2022 Paper 2,MCQ(multiple),BCD,"Let $\hat{i}, \hat{j}$ and $\hat{k}$ be the unit vectors along the three positive coordinate axes. Let

\[
\vec{a}=3 \hat{i}+\hat{j}-\hat{k},
\]
\[\vec{b}=\hat{i}+b_{2} \hat{j}+b_{3} \hat{k}, \quad b_{2}, b_{3} \in \mathbb{R},
\]
\[\vec{c}=c_{1} \hat{i}+c_{2} \hat{j}+c_{3} \hat{k}, \quad c_{1}, c_{2}, c_{3} \in \mathbb{R}
\]

be three vectors such that $b_{2} b_{3}>0, \vec{a} \cdot \vec{b}=0$ and

\[
\left(\begin{array}{ccc}

0 & -c_{3} & c_{2} \\

c_{3} & 0 & -c_{1} \\

-c_{2} & c_{1} & 0

\end{array}\right)\left(\begin{array}{l}

1 \\

b_{2} \\

b_{3}

\end{array}\right)=\left(\begin{array}{r}

3-c_{1} \\

1-c_{2} \\

-1-c_{3}

\end{array}\right) .
\]

Then, which of the following is/are TRUE ?",0.0,no,,,,,,,,,,,,,,,
198,JEE Adv 2022 Paper 2,MCQ(multiple),BCD,"Let $\hat{i}, \hat{j}$ and $\hat{k}$ be the unit vectors along the three positive coordinate axes. Let

\[
\vec{a}=3 \hat{i}+\hat{j}-\hat{k},
\]
\[\vec{b}=\hat{i}+b_{2} \hat{j}+b_{3} \hat{k}, \quad b_{2}, b_{3} \in \mathbb{R},
\]
\[\vec{c}=c_{1} \hat{i}+c_{2} \hat{j}+c_{3} \hat{k}, \quad c_{1}, c_{2}, c_{3} \in \mathbb{R}
\]

be three vectors such that $b_{2} b_{3}>0, \vec{a} \cdot \vec{b}=0$ and

\[
\left(\begin{array}{ccc}

0 & -c_{3} & c_{2} \\

c_{3} & 0 & -c_{1} \\

-c_{2} & c_{1} & 0

\end{array}\right)\left(\begin{array}{l}

1 \\

b_{2} \\

b_{3}

\end{array}\right)=\left(\begin{array}{r}

3-c_{1} \\

1-c_{2} \\

-1-c_{3}

\end{array}\right) .
\]

Then, which of the following is/are TRUE ?",0.1,no,,,,,,,,,,,,,,,
198,JEE Adv 2022 Paper 2,MCQ(multiple),BCD,"Let $\hat{i}, \hat{j}$ and $\hat{k}$ be the unit vectors along the three positive coordinate axes. Let

\[
\vec{a}=3 \hat{i}+\hat{j}-\hat{k},
\]
\[\vec{b}=\hat{i}+b_{2} \hat{j}+b_{3} \hat{k}, \quad b_{2}, b_{3} \in \mathbb{R},
\]
\[\vec{c}=c_{1} \hat{i}+c_{2} \hat{j}+c_{3} \hat{k}, \quad c_{1}, c_{2}, c_{3} \in \mathbb{R}
\]

be three vectors such that $b_{2} b_{3}>0, \vec{a} \cdot \vec{b}=0$ and

\[
\left(\begin{array}{ccc}

0 & -c_{3} & c_{2} \\

c_{3} & 0 & -c_{1} \\

-c_{2} & c_{1} & 0

\end{array}\right)\left(\begin{array}{l}

1 \\

b_{2} \\

b_{3}

\end{array}\right)=\left(\begin{array}{r}

3-c_{1} \\

1-c_{2} \\

-1-c_{3}

\end{array}\right) .
\]

Then, which of the following is/are TRUE ?",0.2,no,,,,,,,,,,,,,,,
198,JEE Adv 2022 Paper 2,MCQ(multiple),BCD,"Let $\hat{i}, \hat{j}$ and $\hat{k}$ be the unit vectors along the three positive coordinate axes. Let

\[
\vec{a}=3 \hat{i}+\hat{j}-\hat{k},
\]
\[\vec{b}=\hat{i}+b_{2} \hat{j}+b_{3} \hat{k}, \quad b_{2}, b_{3} \in \mathbb{R},
\]
\[\vec{c}=c_{1} \hat{i}+c_{2} \hat{j}+c_{3} \hat{k}, \quad c_{1}, c_{2}, c_{3} \in \mathbb{R}
\]

be three vectors such that $b_{2} b_{3}>0, \vec{a} \cdot \vec{b}=0$ and

\[
\left(\begin{array}{ccc}

0 & -c_{3} & c_{2} \\

c_{3} & 0 & -c_{1} \\

-c_{2} & c_{1} & 0

\end{array}\right)\left(\begin{array}{l}

1 \\

b_{2} \\

b_{3}

\end{array}\right)=\left(\begin{array}{r}

3-c_{1} \\

1-c_{2} \\

-1-c_{3}

\end{array}\right) .
\]

Then, which of the following is/are TRUE ?",0.3,no,,,,,,,,,,,,,,,
198,JEE Adv 2022 Paper 2,MCQ(multiple),BCD,"Let $\hat{i}, \hat{j}$ and $\hat{k}$ be the unit vectors along the three positive coordinate axes. Let

\[
\vec{a}=3 \hat{i}+\hat{j}-\hat{k},
\]
\[\vec{b}=\hat{i}+b_{2} \hat{j}+b_{3} \hat{k}, \quad b_{2}, b_{3} \in \mathbb{R},
\]
\[\vec{c}=c_{1} \hat{i}+c_{2} \hat{j}+c_{3} \hat{k}, \quad c_{1}, c_{2}, c_{3} \in \mathbb{R}
\]

be three vectors such that $b_{2} b_{3}>0, \vec{a} \cdot \vec{b}=0$ and

\[
\left(\begin{array}{ccc}

0 & -c_{3} & c_{2} \\

c_{3} & 0 & -c_{1} \\

-c_{2} & c_{1} & 0

\end{array}\right)\left(\begin{array}{l}

1 \\

b_{2} \\

b_{3}

\end{array}\right)=\left(\begin{array}{r}

3-c_{1} \\

1-c_{2} \\

-1-c_{3}

\end{array}\right) .
\]

Then, which of the following is/are TRUE ?",0.4,no,,,,,,,,,,,,,,,
198,JEE Adv 2022 Paper 2,MCQ(multiple),BCD,"Let $\hat{i}, \hat{j}$ and $\hat{k}$ be the unit vectors along the three positive coordinate axes. Let

\[
\vec{a}=3 \hat{i}+\hat{j}-\hat{k},
\]
\[\vec{b}=\hat{i}+b_{2} \hat{j}+b_{3} \hat{k}, \quad b_{2}, b_{3} \in \mathbb{R},
\]
\[\vec{c}=c_{1} \hat{i}+c_{2} \hat{j}+c_{3} \hat{k}, \quad c_{1}, c_{2}, c_{3} \in \mathbb{R}
\]

be three vectors such that $b_{2} b_{3}>0, \vec{a} \cdot \vec{b}=0$ and

\[
\left(\begin{array}{ccc}

0 & -c_{3} & c_{2} \\

c_{3} & 0 & -c_{1} \\

-c_{2} & c_{1} & 0

\end{array}\right)\left(\begin{array}{l}

1 \\

b_{2} \\

b_{3}

\end{array}\right)=\left(\begin{array}{r}

3-c_{1} \\

1-c_{2} \\

-1-c_{3}

\end{array}\right) .
\]

Then, which of the following is/are TRUE ?",0.5,no,,,,,,,,,,,,,,,
199,JEE Adv 2022 Paper 2,MCQ(multiple),C,"For $x \in \mathbb{R}$, let the function $y(x)$ be the solution of the differential equation

\[
\frac{d y}{d x}+12 y=\cos \left(\frac{\pi}{12} x\right), \quad y(0)=0
\]

Then, which of the following statements is/are TRUE?",0.0,no,,,,,,,,,,,,,,,
199,JEE Adv 2022 Paper 2,MCQ(multiple),C,"For $x \in \mathbb{R}$, let the function $y(x)$ be the solution of the differential equation

\[
\frac{d y}{d x}+12 y=\cos \left(\frac{\pi}{12} x\right), \quad y(0)=0
\]

Then, which of the following statements is/are TRUE?",0.1,no,,,,,,,,,,,,,,,
199,JEE Adv 2022 Paper 2,MCQ(multiple),C,"For $x \in \mathbb{R}$, let the function $y(x)$ be the solution of the differential equation

\[
\frac{d y}{d x}+12 y=\cos \left(\frac{\pi}{12} x\right), \quad y(0)=0
\]

Then, which of the following statements is/are TRUE?",0.2,no,,,,,,,,,,,,,,,
199,JEE Adv 2022 Paper 2,MCQ(multiple),C,"For $x \in \mathbb{R}$, let the function $y(x)$ be the solution of the differential equation

\[
\frac{d y}{d x}+12 y=\cos \left(\frac{\pi}{12} x\right), \quad y(0)=0
\]

Then, which of the following statements is/are TRUE?",0.3,no,,,,,,,,,,,,,,,
199,JEE Adv 2022 Paper 2,MCQ(multiple),C,"For $x \in \mathbb{R}$, let the function $y(x)$ be the solution of the differential equation

\[
\frac{d y}{d x}+12 y=\cos \left(\frac{\pi}{12} x\right), \quad y(0)=0
\]

Then, which of the following statements is/are TRUE?",0.4,no,,,,,,,,,,,,,,,
199,JEE Adv 2022 Paper 2,MCQ(multiple),C,"For $x \in \mathbb{R}$, let the function $y(x)$ be the solution of the differential equation

\[
\frac{d y}{d x}+12 y=\cos \left(\frac{\pi}{12} x\right), \quad y(0)=0
\]

Then, which of the following statements is/are TRUE?",0.5,no,,,,,,,,,,,,,,,
200,JEE Adv 2022 Paper 2,MCQ,A,"Consider 4 boxes, where each box contains 3 red balls and 2 blue balls. Assume that all 20 balls are distinct. In how many different ways can 10 balls be chosen from these 4 boxes so that from each box at least one red ball and one blue ball are chosen?",0.0,no,,,,,,,,,,,,,,,
200,JEE Adv 2022 Paper 2,MCQ,A,"Consider 4 boxes, where each box contains 3 red balls and 2 blue balls. Assume that all 20 balls are distinct. In how many different ways can 10 balls be chosen from these 4 boxes so that from each box at least one red ball and one blue ball are chosen?",0.1,no,,,,,,,,,,,,,,,
200,JEE Adv 2022 Paper 2,MCQ,A,"Consider 4 boxes, where each box contains 3 red balls and 2 blue balls. Assume that all 20 balls are distinct. In how many different ways can 10 balls be chosen from these 4 boxes so that from each box at least one red ball and one blue ball are chosen?",0.2,no,,,,,,,,,,,,,,,
200,JEE Adv 2022 Paper 2,MCQ,A,"Consider 4 boxes, where each box contains 3 red balls and 2 blue balls. Assume that all 20 balls are distinct. In how many different ways can 10 balls be chosen from these 4 boxes so that from each box at least one red ball and one blue ball are chosen?",0.3,no,,,,,,,,,,,,,,,
200,JEE Adv 2022 Paper 2,MCQ,A,"Consider 4 boxes, where each box contains 3 red balls and 2 blue balls. Assume that all 20 balls are distinct. In how many different ways can 10 balls be chosen from these 4 boxes so that from each box at least one red ball and one blue ball are chosen?",0.4,no,,,,,,,,,,,,,,,
200,JEE Adv 2022 Paper 2,MCQ,A,"Consider 4 boxes, where each box contains 3 red balls and 2 blue balls. Assume that all 20 balls are distinct. In how many different ways can 10 balls be chosen from these 4 boxes so that from each box at least one red ball and one blue ball are chosen?",0.5,no,,,,,,,,,,,,,,,
201,JEE Adv 2022 Paper 2,MCQ,A,"If $M=\left(\begin{array}{rr}\frac{5}{2} & \frac{3}{2} \\ -\frac{3}{2} & -\frac{1}{2}\end{array}\right)$, then which of the following matrices is equal to $M^{2022}$ ?",0.0,no,,,,,,,,,,,,,,,
201,JEE Adv 2022 Paper 2,MCQ,A,"If $M=\left(\begin{array}{rr}\frac{5}{2} & \frac{3}{2} \\ -\frac{3}{2} & -\frac{1}{2}\end{array}\right)$, then which of the following matrices is equal to $M^{2022}$ ?",0.1,no,,,,,,,,,,,,,,,
201,JEE Adv 2022 Paper 2,MCQ,A,"If $M=\left(\begin{array}{rr}\frac{5}{2} & \frac{3}{2} \\ -\frac{3}{2} & -\frac{1}{2}\end{array}\right)$, then which of the following matrices is equal to $M^{2022}$ ?",0.2,no,,,,,,,,,,,,,,,
201,JEE Adv 2022 Paper 2,MCQ,A,"If $M=\left(\begin{array}{rr}\frac{5}{2} & \frac{3}{2} \\ -\frac{3}{2} & -\frac{1}{2}\end{array}\right)$, then which of the following matrices is equal to $M^{2022}$ ?",0.3,no,,,,,,,,,,,,,,,
201,JEE Adv 2022 Paper 2,MCQ,A,"If $M=\left(\begin{array}{rr}\frac{5}{2} & \frac{3}{2} \\ -\frac{3}{2} & -\frac{1}{2}\end{array}\right)$, then which of the following matrices is equal to $M^{2022}$ ?",0.4,no,,,,,,,,,,,,,,,
201,JEE Adv 2022 Paper 2,MCQ,A,"If $M=\left(\begin{array}{rr}\frac{5}{2} & \frac{3}{2} \\ -\frac{3}{2} & -\frac{1}{2}\end{array}\right)$, then which of the following matrices is equal to $M^{2022}$ ?",0.5,no,,,,,,,,,,,,,,,
202,JEE Adv 2022 Paper 2,MCQ,C,"Suppose that

Box-I contains 8 red, 3 blue and 5 green balls,

Box-II contains 24 red, 9 blue and 15 green balls,

Box-III contains 1 blue, 12 green and 3 yellow balls,

Box-IV contains 10 green, 16 orange and 6 white balls.

A ball is chosen randomly from Box-I; call this ball $b$. If $b$ is red then a ball is chosen randomly from Box-II, if $b$ is blue then a ball is chosen randomly from Box-III, and if $b$ is green then a ball is chosen randomly from Box-IV. The conditional probability of the event 'one of the chosen balls is white' given that the event 'at least one of the chosen balls is green' has happened, is equal to",0.0,no,,,,,,,,,,,,,,,
202,JEE Adv 2022 Paper 2,MCQ,C,"Suppose that

Box-I contains 8 red, 3 blue and 5 green balls,

Box-II contains 24 red, 9 blue and 15 green balls,

Box-III contains 1 blue, 12 green and 3 yellow balls,

Box-IV contains 10 green, 16 orange and 6 white balls.

A ball is chosen randomly from Box-I; call this ball $b$. If $b$ is red then a ball is chosen randomly from Box-II, if $b$ is blue then a ball is chosen randomly from Box-III, and if $b$ is green then a ball is chosen randomly from Box-IV. The conditional probability of the event 'one of the chosen balls is white' given that the event 'at least one of the chosen balls is green' has happened, is equal to",0.1,no,,,,,,,,,,,,,,,
202,JEE Adv 2022 Paper 2,MCQ,C,"Suppose that

Box-I contains 8 red, 3 blue and 5 green balls,

Box-II contains 24 red, 9 blue and 15 green balls,

Box-III contains 1 blue, 12 green and 3 yellow balls,

Box-IV contains 10 green, 16 orange and 6 white balls.

A ball is chosen randomly from Box-I; call this ball $b$. If $b$ is red then a ball is chosen randomly from Box-II, if $b$ is blue then a ball is chosen randomly from Box-III, and if $b$ is green then a ball is chosen randomly from Box-IV. The conditional probability of the event 'one of the chosen balls is white' given that the event 'at least one of the chosen balls is green' has happened, is equal to",0.2,no,,,,,,,,,,,,,,,
202,JEE Adv 2022 Paper 2,MCQ,C,"Suppose that

Box-I contains 8 red, 3 blue and 5 green balls,

Box-II contains 24 red, 9 blue and 15 green balls,

Box-III contains 1 blue, 12 green and 3 yellow balls,

Box-IV contains 10 green, 16 orange and 6 white balls.

A ball is chosen randomly from Box-I; call this ball $b$. If $b$ is red then a ball is chosen randomly from Box-II, if $b$ is blue then a ball is chosen randomly from Box-III, and if $b$ is green then a ball is chosen randomly from Box-IV. The conditional probability of the event 'one of the chosen balls is white' given that the event 'at least one of the chosen balls is green' has happened, is equal to",0.3,no,,,,,,,,,,,,,,,
202,JEE Adv 2022 Paper 2,MCQ,C,"Suppose that

Box-I contains 8 red, 3 blue and 5 green balls,

Box-II contains 24 red, 9 blue and 15 green balls,

Box-III contains 1 blue, 12 green and 3 yellow balls,

Box-IV contains 10 green, 16 orange and 6 white balls.

A ball is chosen randomly from Box-I; call this ball $b$. If $b$ is red then a ball is chosen randomly from Box-II, if $b$ is blue then a ball is chosen randomly from Box-III, and if $b$ is green then a ball is chosen randomly from Box-IV. The conditional probability of the event 'one of the chosen balls is white' given that the event 'at least one of the chosen balls is green' has happened, is equal to",0.4,no,,,,,,,,,,,,,,,
202,JEE Adv 2022 Paper 2,MCQ,C,"Suppose that

Box-I contains 8 red, 3 blue and 5 green balls,

Box-II contains 24 red, 9 blue and 15 green balls,

Box-III contains 1 blue, 12 green and 3 yellow balls,

Box-IV contains 10 green, 16 orange and 6 white balls.

A ball is chosen randomly from Box-I; call this ball $b$. If $b$ is red then a ball is chosen randomly from Box-II, if $b$ is blue then a ball is chosen randomly from Box-III, and if $b$ is green then a ball is chosen randomly from Box-IV. The conditional probability of the event 'one of the chosen balls is white' given that the event 'at least one of the chosen balls is green' has happened, is equal to",0.5,no,,,,,,,,,,,,,,,
203,JEE Adv 2022 Paper 2,MCQ,B,"For positive integer $n$, define

\[
f(n)=n+\frac{16+5 n-3 n^{2}}{4 n+3 n^{2}}+\frac{32+n-3 n^{2}}{8 n+3 n^{2}}+\frac{48-3 n-3 n^{2}}{12 n+3 n^{2}}+\cdots+\frac{25 n-7 n^{2}}{7 n^{2}}
\]

Then, the value of $\lim _{n \rightarrow \infty} f(n)$ is equal to",0.0,no,,,,,,,,,,,,,,,
203,JEE Adv 2022 Paper 2,MCQ,B,"For positive integer $n$, define

\[
f(n)=n+\frac{16+5 n-3 n^{2}}{4 n+3 n^{2}}+\frac{32+n-3 n^{2}}{8 n+3 n^{2}}+\frac{48-3 n-3 n^{2}}{12 n+3 n^{2}}+\cdots+\frac{25 n-7 n^{2}}{7 n^{2}}
\]

Then, the value of $\lim _{n \rightarrow \infty} f(n)$ is equal to",0.1,no,,,,,,,,,,,,,,,
203,JEE Adv 2022 Paper 2,MCQ,B,"For positive integer $n$, define

\[
f(n)=n+\frac{16+5 n-3 n^{2}}{4 n+3 n^{2}}+\frac{32+n-3 n^{2}}{8 n+3 n^{2}}+\frac{48-3 n-3 n^{2}}{12 n+3 n^{2}}+\cdots+\frac{25 n-7 n^{2}}{7 n^{2}}
\]

Then, the value of $\lim _{n \rightarrow \infty} f(n)$ is equal to",0.2,no,,,,,,,,,,,,,,,
203,JEE Adv 2022 Paper 2,MCQ,B,"For positive integer $n$, define

\[
f(n)=n+\frac{16+5 n-3 n^{2}}{4 n+3 n^{2}}+\frac{32+n-3 n^{2}}{8 n+3 n^{2}}+\frac{48-3 n-3 n^{2}}{12 n+3 n^{2}}+\cdots+\frac{25 n-7 n^{2}}{7 n^{2}}
\]

Then, the value of $\lim _{n \rightarrow \infty} f(n)$ is equal to",0.3,no,,,,,,,,,,,,,,,
203,JEE Adv 2022 Paper 2,MCQ,B,"For positive integer $n$, define

\[
f(n)=n+\frac{16+5 n-3 n^{2}}{4 n+3 n^{2}}+\frac{32+n-3 n^{2}}{8 n+3 n^{2}}+\frac{48-3 n-3 n^{2}}{12 n+3 n^{2}}+\cdots+\frac{25 n-7 n^{2}}{7 n^{2}}
\]

Then, the value of $\lim _{n \rightarrow \infty} f(n)$ is equal to",0.4,no,,,,,,,,,,,,,,,
203,JEE Adv 2022 Paper 2,MCQ,B,"For positive integer $n$, define

\[
f(n)=n+\frac{16+5 n-3 n^{2}}{4 n+3 n^{2}}+\frac{32+n-3 n^{2}}{8 n+3 n^{2}}+\frac{48-3 n-3 n^{2}}{12 n+3 n^{2}}+\cdots+\frac{25 n-7 n^{2}}{7 n^{2}}
\]

Then, the value of $\lim _{n \rightarrow \infty} f(n)$ is equal to",0.5,no,,,,,,,,,,,,,,,
204,JEE Adv 2023 Paper 1,MCQ(multiple),ACD,"Let $S=(0,1) \cup(1,2) \cup(3,4)$ and $T=\{0,1,2,3\}$. Then which of the following statements is(are) true?",0.0,no,,,,,,,,,,,,,,,
204,JEE Adv 2023 Paper 1,MCQ(multiple),ACD,"Let $S=(0,1) \cup(1,2) \cup(3,4)$ and $T=\{0,1,2,3\}$. Then which of the following statements is(are) true?",0.1,no,,,,,,,,,,,,,,,
204,JEE Adv 2023 Paper 1,MCQ(multiple),ACD,"Let $S=(0,1) \cup(1,2) \cup(3,4)$ and $T=\{0,1,2,3\}$. Then which of the following statements is(are) true?",0.2,no,,,,,,,,,,,,,,,
204,JEE Adv 2023 Paper 1,MCQ(multiple),ACD,"Let $S=(0,1) \cup(1,2) \cup(3,4)$ and $T=\{0,1,2,3\}$. Then which of the following statements is(are) true?",0.3,no,,,,,,,,,,,,,,,
204,JEE Adv 2023 Paper 1,MCQ(multiple),ACD,"Let $S=(0,1) \cup(1,2) \cup(3,4)$ and $T=\{0,1,2,3\}$. Then which of the following statements is(are) true?",0.4,no,,,,,,,,,,,,,,,
204,JEE Adv 2023 Paper 1,MCQ(multiple),ACD,"Let $S=(0,1) \cup(1,2) \cup(3,4)$ and $T=\{0,1,2,3\}$. Then which of the following statements is(are) true?",0.5,no,,,,,,,,,,,,,,,
205,JEE Adv 2023 Paper 1,MCQ(multiple),AC,"Let $T_{1}$ and $T_{2}$ be two distinct common tangents to the ellipse $E: \frac{x^{2}}{6}+\frac{y^{2}}{3}=1$ and the parabola $P: y^{2}=12 x$. Suppose that the tangent $T_{1}$ touches $P$ and $E$ at the points $A_{1}$ and $A_{2}$, respectively and the tangent $T_{2}$ touches $P$ and $E$ at the points $A_{4}$ and $A_{3}$, respectively. Then which of the following statements is(are) true?",0.0,no,,,,,,,,,,,,,,,
205,JEE Adv 2023 Paper 1,MCQ(multiple),AC,"Let $T_{1}$ and $T_{2}$ be two distinct common tangents to the ellipse $E: \frac{x^{2}}{6}+\frac{y^{2}}{3}=1$ and the parabola $P: y^{2}=12 x$. Suppose that the tangent $T_{1}$ touches $P$ and $E$ at the points $A_{1}$ and $A_{2}$, respectively and the tangent $T_{2}$ touches $P$ and $E$ at the points $A_{4}$ and $A_{3}$, respectively. Then which of the following statements is(are) true?",0.1,no,,,,,,,,,,,,,,,
205,JEE Adv 2023 Paper 1,MCQ(multiple),AC,"Let $T_{1}$ and $T_{2}$ be two distinct common tangents to the ellipse $E: \frac{x^{2}}{6}+\frac{y^{2}}{3}=1$ and the parabola $P: y^{2}=12 x$. Suppose that the tangent $T_{1}$ touches $P$ and $E$ at the points $A_{1}$ and $A_{2}$, respectively and the tangent $T_{2}$ touches $P$ and $E$ at the points $A_{4}$ and $A_{3}$, respectively. Then which of the following statements is(are) true?",0.2,no,,,,,,,,,,,,,,,
205,JEE Adv 2023 Paper 1,MCQ(multiple),AC,"Let $T_{1}$ and $T_{2}$ be two distinct common tangents to the ellipse $E: \frac{x^{2}}{6}+\frac{y^{2}}{3}=1$ and the parabola $P: y^{2}=12 x$. Suppose that the tangent $T_{1}$ touches $P$ and $E$ at the points $A_{1}$ and $A_{2}$, respectively and the tangent $T_{2}$ touches $P$ and $E$ at the points $A_{4}$ and $A_{3}$, respectively. Then which of the following statements is(are) true?",0.3,no,,,,,,,,,,,,,,,
205,JEE Adv 2023 Paper 1,MCQ(multiple),AC,"Let $T_{1}$ and $T_{2}$ be two distinct common tangents to the ellipse $E: \frac{x^{2}}{6}+\frac{y^{2}}{3}=1$ and the parabola $P: y^{2}=12 x$. Suppose that the tangent $T_{1}$ touches $P$ and $E$ at the points $A_{1}$ and $A_{2}$, respectively and the tangent $T_{2}$ touches $P$ and $E$ at the points $A_{4}$ and $A_{3}$, respectively. Then which of the following statements is(are) true?",0.4,no,,,,,,,,,,,,,,,
205,JEE Adv 2023 Paper 1,MCQ(multiple),AC,"Let $T_{1}$ and $T_{2}$ be two distinct common tangents to the ellipse $E: \frac{x^{2}}{6}+\frac{y^{2}}{3}=1$ and the parabola $P: y^{2}=12 x$. Suppose that the tangent $T_{1}$ touches $P$ and $E$ at the points $A_{1}$ and $A_{2}$, respectively and the tangent $T_{2}$ touches $P$ and $E$ at the points $A_{4}$ and $A_{3}$, respectively. Then which of the following statements is(are) true?",0.5,no,,,,,,,,,,,,,,,
206,JEE Adv 2023 Paper 1,MCQ(multiple),BCD,"Let $f:[0,1] \rightarrow[0,1]$ be the function defined by $f(x)=\frac{x^{3}}{3}-x^{2}+\frac{5}{9} x+\frac{17}{36}$. Consider the square region $S=[0,1] \times[0,1]$. Let $G=\{(x, y) \in S: y>f(x)\}$ be called the green region and $R=\{(x, y) \in S: y<f(x)\}$ be called the red region. Let $L_{h}=\{(x, h) \in S: x \in[0,1]\}$ be the horizontal line drawn at a height $h \in[0,1]$. Then which of the following statements is(are) true?",0.0,no,,,,,,,,,,,,,,,
206,JEE Adv 2023 Paper 1,MCQ(multiple),BCD,"Let $f:[0,1] \rightarrow[0,1]$ be the function defined by $f(x)=\frac{x^{3}}{3}-x^{2}+\frac{5}{9} x+\frac{17}{36}$. Consider the square region $S=[0,1] \times[0,1]$. Let $G=\{(x, y) \in S: y>f(x)\}$ be called the green region and $R=\{(x, y) \in S: y<f(x)\}$ be called the red region. Let $L_{h}=\{(x, h) \in S: x \in[0,1]\}$ be the horizontal line drawn at a height $h \in[0,1]$. Then which of the following statements is(are) true?",0.1,no,,,,,,,,,,,,,,,
206,JEE Adv 2023 Paper 1,MCQ(multiple),BCD,"Let $f:[0,1] \rightarrow[0,1]$ be the function defined by $f(x)=\frac{x^{3}}{3}-x^{2}+\frac{5}{9} x+\frac{17}{36}$. Consider the square region $S=[0,1] \times[0,1]$. Let $G=\{(x, y) \in S: y>f(x)\}$ be called the green region and $R=\{(x, y) \in S: y<f(x)\}$ be called the red region. Let $L_{h}=\{(x, h) \in S: x \in[0,1]\}$ be the horizontal line drawn at a height $h \in[0,1]$. Then which of the following statements is(are) true?",0.2,no,,,,,,,,,,,,,,,
206,JEE Adv 2023 Paper 1,MCQ(multiple),BCD,"Let $f:[0,1] \rightarrow[0,1]$ be the function defined by $f(x)=\frac{x^{3}}{3}-x^{2}+\frac{5}{9} x+\frac{17}{36}$. Consider the square region $S=[0,1] \times[0,1]$. Let $G=\{(x, y) \in S: y>f(x)\}$ be called the green region and $R=\{(x, y) \in S: y<f(x)\}$ be called the red region. Let $L_{h}=\{(x, h) \in S: x \in[0,1]\}$ be the horizontal line drawn at a height $h \in[0,1]$. Then which of the following statements is(are) true?",0.3,no,,,,,,,,,,,,,,,
206,JEE Adv 2023 Paper 1,MCQ(multiple),BCD,"Let $f:[0,1] \rightarrow[0,1]$ be the function defined by $f(x)=\frac{x^{3}}{3}-x^{2}+\frac{5}{9} x+\frac{17}{36}$. Consider the square region $S=[0,1] \times[0,1]$. Let $G=\{(x, y) \in S: y>f(x)\}$ be called the green region and $R=\{(x, y) \in S: y<f(x)\}$ be called the red region. Let $L_{h}=\{(x, h) \in S: x \in[0,1]\}$ be the horizontal line drawn at a height $h \in[0,1]$. Then which of the following statements is(are) true?",0.4,no,,,,,,,,,,,,,,,
206,JEE Adv 2023 Paper 1,MCQ(multiple),BCD,"Let $f:[0,1] \rightarrow[0,1]$ be the function defined by $f(x)=\frac{x^{3}}{3}-x^{2}+\frac{5}{9} x+\frac{17}{36}$. Consider the square region $S=[0,1] \times[0,1]$. Let $G=\{(x, y) \in S: y>f(x)\}$ be called the green region and $R=\{(x, y) \in S: y<f(x)\}$ be called the red region. Let $L_{h}=\{(x, h) \in S: x \in[0,1]\}$ be the horizontal line drawn at a height $h \in[0,1]$. Then which of the following statements is(are) true?",0.5,no,,,,,,,,,,,,,,,
207,JEE Adv 2023 Paper 1,MCQ,C,"Let $f:(0,1) \rightarrow \mathbb{R}$ be the function defined as $f(x)=\sqrt{n}$ if $x \in\left[\frac{1}{n+1}, \frac{1}{n}\right)$ where $n \in \mathbb{N}$. Let $g:(0,1) \rightarrow \mathbb{R}$ be a function such that $\int_{x^{2}}^{x} \sqrt{\frac{1-t}{t}} d t<g(x)<2 \sqrt{x}$ for all $x \in(0,1)$. Then $\lim _{x \rightarrow 0} f(x) g(x)$",0.0,no,,,,,,,,,,,,,,,
207,JEE Adv 2023 Paper 1,MCQ,C,"Let $f:(0,1) \rightarrow \mathbb{R}$ be the function defined as $f(x)=\sqrt{n}$ if $x \in\left[\frac{1}{n+1}, \frac{1}{n}\right)$ where $n \in \mathbb{N}$. Let $g:(0,1) \rightarrow \mathbb{R}$ be a function such that $\int_{x^{2}}^{x} \sqrt{\frac{1-t}{t}} d t<g(x)<2 \sqrt{x}$ for all $x \in(0,1)$. Then $\lim _{x \rightarrow 0} f(x) g(x)$",0.1,no,,,,,,,,,,,,,,,
207,JEE Adv 2023 Paper 1,MCQ,C,"Let $f:(0,1) \rightarrow \mathbb{R}$ be the function defined as $f(x)=\sqrt{n}$ if $x \in\left[\frac{1}{n+1}, \frac{1}{n}\right)$ where $n \in \mathbb{N}$. Let $g:(0,1) \rightarrow \mathbb{R}$ be a function such that $\int_{x^{2}}^{x} \sqrt{\frac{1-t}{t}} d t<g(x)<2 \sqrt{x}$ for all $x \in(0,1)$. Then $\lim _{x \rightarrow 0} f(x) g(x)$",0.2,no,,,,,,,,,,,,,,,
207,JEE Adv 2023 Paper 1,MCQ,C,"Let $f:(0,1) \rightarrow \mathbb{R}$ be the function defined as $f(x)=\sqrt{n}$ if $x \in\left[\frac{1}{n+1}, \frac{1}{n}\right)$ where $n \in \mathbb{N}$. Let $g:(0,1) \rightarrow \mathbb{R}$ be a function such that $\int_{x^{2}}^{x} \sqrt{\frac{1-t}{t}} d t<g(x)<2 \sqrt{x}$ for all $x \in(0,1)$. Then $\lim _{x \rightarrow 0} f(x) g(x)$",0.3,no,,,,,,,,,,,,,,,
207,JEE Adv 2023 Paper 1,MCQ,C,"Let $f:(0,1) \rightarrow \mathbb{R}$ be the function defined as $f(x)=\sqrt{n}$ if $x \in\left[\frac{1}{n+1}, \frac{1}{n}\right)$ where $n \in \mathbb{N}$. Let $g:(0,1) \rightarrow \mathbb{R}$ be a function such that $\int_{x^{2}}^{x} \sqrt{\frac{1-t}{t}} d t<g(x)<2 \sqrt{x}$ for all $x \in(0,1)$. Then $\lim _{x \rightarrow 0} f(x) g(x)$",0.4,no,,,,,,,,,,,,,,,
207,JEE Adv 2023 Paper 1,MCQ,C,"Let $f:(0,1) \rightarrow \mathbb{R}$ be the function defined as $f(x)=\sqrt{n}$ if $x \in\left[\frac{1}{n+1}, \frac{1}{n}\right)$ where $n \in \mathbb{N}$. Let $g:(0,1) \rightarrow \mathbb{R}$ be a function such that $\int_{x^{2}}^{x} \sqrt{\frac{1-t}{t}} d t<g(x)<2 \sqrt{x}$ for all $x \in(0,1)$. Then $\lim _{x \rightarrow 0} f(x) g(x)$",0.5,no,,,,,,,,,,,,,,,
208,JEE Adv 2023 Paper 1,MCQ,A,"Let $Q$ be the cube with the set of vertices $\left\{\left(x_{1}, x_{2}, x_{3}\right) \in \mathbb{R}^{3}: x_{1}, x_{2}, x_{3} \in\{0,1\}\right\}$. Let $F$ be the set of all twelve lines containing the diagonals of the six faces of the cube $Q$. Let $S$ be the set of all four lines containing the main diagonals of the cube $Q$; for instance, the line passing through the vertices $(0,0,0)$ and $(1,1,1)$ is in $S$. For lines $\ell_{1}$ and $\ell_{2}$, let $d\left(\ell_{1}, \ell_{2}\right)$ denote the shortest distance between them. Then the maximum value of $d\left(\ell_{1}, \ell_{2}\right)$, as $\ell_{1}$ varies over $F$ and $\ell_{2}$ varies over $S$, is",0.0,no,,,,,,,,,,,,,,,
208,JEE Adv 2023 Paper 1,MCQ,A,"Let $Q$ be the cube with the set of vertices $\left\{\left(x_{1}, x_{2}, x_{3}\right) \in \mathbb{R}^{3}: x_{1}, x_{2}, x_{3} \in\{0,1\}\right\}$. Let $F$ be the set of all twelve lines containing the diagonals of the six faces of the cube $Q$. Let $S$ be the set of all four lines containing the main diagonals of the cube $Q$; for instance, the line passing through the vertices $(0,0,0)$ and $(1,1,1)$ is in $S$. For lines $\ell_{1}$ and $\ell_{2}$, let $d\left(\ell_{1}, \ell_{2}\right)$ denote the shortest distance between them. Then the maximum value of $d\left(\ell_{1}, \ell_{2}\right)$, as $\ell_{1}$ varies over $F$ and $\ell_{2}$ varies over $S$, is",0.1,no,,,,,,,,,,,,,,,
208,JEE Adv 2023 Paper 1,MCQ,A,"Let $Q$ be the cube with the set of vertices $\left\{\left(x_{1}, x_{2}, x_{3}\right) \in \mathbb{R}^{3}: x_{1}, x_{2}, x_{3} \in\{0,1\}\right\}$. Let $F$ be the set of all twelve lines containing the diagonals of the six faces of the cube $Q$. Let $S$ be the set of all four lines containing the main diagonals of the cube $Q$; for instance, the line passing through the vertices $(0,0,0)$ and $(1,1,1)$ is in $S$. For lines $\ell_{1}$ and $\ell_{2}$, let $d\left(\ell_{1}, \ell_{2}\right)$ denote the shortest distance between them. Then the maximum value of $d\left(\ell_{1}, \ell_{2}\right)$, as $\ell_{1}$ varies over $F$ and $\ell_{2}$ varies over $S$, is",0.2,no,,,,,,,,,,,,,,,
208,JEE Adv 2023 Paper 1,MCQ,A,"Let $Q$ be the cube with the set of vertices $\left\{\left(x_{1}, x_{2}, x_{3}\right) \in \mathbb{R}^{3}: x_{1}, x_{2}, x_{3} \in\{0,1\}\right\}$. Let $F$ be the set of all twelve lines containing the diagonals of the six faces of the cube $Q$. Let $S$ be the set of all four lines containing the main diagonals of the cube $Q$; for instance, the line passing through the vertices $(0,0,0)$ and $(1,1,1)$ is in $S$. For lines $\ell_{1}$ and $\ell_{2}$, let $d\left(\ell_{1}, \ell_{2}\right)$ denote the shortest distance between them. Then the maximum value of $d\left(\ell_{1}, \ell_{2}\right)$, as $\ell_{1}$ varies over $F$ and $\ell_{2}$ varies over $S$, is",0.3,no,,,,,,,,,,,,,,,
208,JEE Adv 2023 Paper 1,MCQ,A,"Let $Q$ be the cube with the set of vertices $\left\{\left(x_{1}, x_{2}, x_{3}\right) \in \mathbb{R}^{3}: x_{1}, x_{2}, x_{3} \in\{0,1\}\right\}$. Let $F$ be the set of all twelve lines containing the diagonals of the six faces of the cube $Q$. Let $S$ be the set of all four lines containing the main diagonals of the cube $Q$; for instance, the line passing through the vertices $(0,0,0)$ and $(1,1,1)$ is in $S$. For lines $\ell_{1}$ and $\ell_{2}$, let $d\left(\ell_{1}, \ell_{2}\right)$ denote the shortest distance between them. Then the maximum value of $d\left(\ell_{1}, \ell_{2}\right)$, as $\ell_{1}$ varies over $F$ and $\ell_{2}$ varies over $S$, is",0.4,no,,,,,,,,,,,,,,,
208,JEE Adv 2023 Paper 1,MCQ,A,"Let $Q$ be the cube with the set of vertices $\left\{\left(x_{1}, x_{2}, x_{3}\right) \in \mathbb{R}^{3}: x_{1}, x_{2}, x_{3} \in\{0,1\}\right\}$. Let $F$ be the set of all twelve lines containing the diagonals of the six faces of the cube $Q$. Let $S$ be the set of all four lines containing the main diagonals of the cube $Q$; for instance, the line passing through the vertices $(0,0,0)$ and $(1,1,1)$ is in $S$. For lines $\ell_{1}$ and $\ell_{2}$, let $d\left(\ell_{1}, \ell_{2}\right)$ denote the shortest distance between them. Then the maximum value of $d\left(\ell_{1}, \ell_{2}\right)$, as $\ell_{1}$ varies over $F$ and $\ell_{2}$ varies over $S$, is",0.5,no,,,,,,,,,,,,,,,
209,JEE Adv 2023 Paper 1,MCQ,B,"Let $X=\left\{(x, y) \in \mathbb{Z} \times \mathbb{Z}: \frac{x^{2}}{8}+\frac{y^{2}}{20}<1\right.$ and $\left.y^{2}<5 x\right\}$. Three distinct points $P, Q$ and $R$ are randomly chosen from $X$. Then the probability that $P, Q$ and $R$ form a triangle whose area is a positive integer, is",0.0,no,,,,,,,,,,,,,,,
209,JEE Adv 2023 Paper 1,MCQ,B,"Let $X=\left\{(x, y) \in \mathbb{Z} \times \mathbb{Z}: \frac{x^{2}}{8}+\frac{y^{2}}{20}<1\right.$ and $\left.y^{2}<5 x\right\}$. Three distinct points $P, Q$ and $R$ are randomly chosen from $X$. Then the probability that $P, Q$ and $R$ form a triangle whose area is a positive integer, is",0.1,no,,,,,,,,,,,,,,,
209,JEE Adv 2023 Paper 1,MCQ,B,"Let $X=\left\{(x, y) \in \mathbb{Z} \times \mathbb{Z}: \frac{x^{2}}{8}+\frac{y^{2}}{20}<1\right.$ and $\left.y^{2}<5 x\right\}$. Three distinct points $P, Q$ and $R$ are randomly chosen from $X$. Then the probability that $P, Q$ and $R$ form a triangle whose area is a positive integer, is",0.2,no,,,,,,,,,,,,,,,
209,JEE Adv 2023 Paper 1,MCQ,B,"Let $X=\left\{(x, y) \in \mathbb{Z} \times \mathbb{Z}: \frac{x^{2}}{8}+\frac{y^{2}}{20}<1\right.$ and $\left.y^{2}<5 x\right\}$. Three distinct points $P, Q$ and $R$ are randomly chosen from $X$. Then the probability that $P, Q$ and $R$ form a triangle whose area is a positive integer, is",0.3,no,,,,,,,,,,,,,,,
209,JEE Adv 2023 Paper 1,MCQ,B,"Let $X=\left\{(x, y) \in \mathbb{Z} \times \mathbb{Z}: \frac{x^{2}}{8}+\frac{y^{2}}{20}<1\right.$ and $\left.y^{2}<5 x\right\}$. Three distinct points $P, Q$ and $R$ are randomly chosen from $X$. Then the probability that $P, Q$ and $R$ form a triangle whose area is a positive integer, is",0.4,no,,,,,,,,,,,,,,,
209,JEE Adv 2023 Paper 1,MCQ,B,"Let $X=\left\{(x, y) \in \mathbb{Z} \times \mathbb{Z}: \frac{x^{2}}{8}+\frac{y^{2}}{20}<1\right.$ and $\left.y^{2}<5 x\right\}$. Three distinct points $P, Q$ and $R$ are randomly chosen from $X$. Then the probability that $P, Q$ and $R$ form a triangle whose area is a positive integer, is",0.5,no,,,,,,,,,,,,,,,
210,JEE Adv 2023 Paper 1,MCQ,A,"Let $P$ be a point on the parabola $y^{2}=4 a x$, where $a>0$. The normal to the parabola at $P$ meets the $x$-axis at a point $Q$. The area of the triangle $P F Q$, where $F$ is the focus of the parabola, is 120 . If the slope $m$ of the normal and $a$ are both positive integers, then the pair $(a, m)$ is",0.0,no,,,,,,,,,,,,,,,
210,JEE Adv 2023 Paper 1,MCQ,A,"Let $P$ be a point on the parabola $y^{2}=4 a x$, where $a>0$. The normal to the parabola at $P$ meets the $x$-axis at a point $Q$. The area of the triangle $P F Q$, where $F$ is the focus of the parabola, is 120 . If the slope $m$ of the normal and $a$ are both positive integers, then the pair $(a, m)$ is",0.1,no,,,,,,,,,,,,,,,
210,JEE Adv 2023 Paper 1,MCQ,A,"Let $P$ be a point on the parabola $y^{2}=4 a x$, where $a>0$. The normal to the parabola at $P$ meets the $x$-axis at a point $Q$. The area of the triangle $P F Q$, where $F$ is the focus of the parabola, is 120 . If the slope $m$ of the normal and $a$ are both positive integers, then the pair $(a, m)$ is",0.2,no,,,,,,,,,,,,,,,
210,JEE Adv 2023 Paper 1,MCQ,A,"Let $P$ be a point on the parabola $y^{2}=4 a x$, where $a>0$. The normal to the parabola at $P$ meets the $x$-axis at a point $Q$. The area of the triangle $P F Q$, where $F$ is the focus of the parabola, is 120 . If the slope $m$ of the normal and $a$ are both positive integers, then the pair $(a, m)$ is",0.3,no,,,,,,,,,,,,,,,
210,JEE Adv 2023 Paper 1,MCQ,A,"Let $P$ be a point on the parabola $y^{2}=4 a x$, where $a>0$. The normal to the parabola at $P$ meets the $x$-axis at a point $Q$. The area of the triangle $P F Q$, where $F$ is the focus of the parabola, is 120 . If the slope $m$ of the normal and $a$ are both positive integers, then the pair $(a, m)$ is",0.4,no,,,,,,,,,,,,,,,
210,JEE Adv 2023 Paper 1,MCQ,A,"Let $P$ be a point on the parabola $y^{2}=4 a x$, where $a>0$. The normal to the parabola at $P$ meets the $x$-axis at a point $Q$. The area of the triangle $P F Q$, where $F$ is the focus of the parabola, is 120 . If the slope $m$ of the normal and $a$ are both positive integers, then the pair $(a, m)$ is",0.5,no,,,,,,,,,,,,,,,
211,JEE Adv 2023 Paper 1,Integer,3,"Let $\tan ^{-1}(x) \in\left(-\frac{\pi}{2}, \frac{\pi}{2}\right)$, for $x \in \mathbb{R}$. Then what is the number of real solutions of the equation



$\sqrt{1+\cos (2 x)}=\sqrt{2} \tan ^{-1}(\tan x)$ in the set $\left(-\frac{3 \pi}{2},-\frac{\pi}{2}\right) \cup\left(-\frac{\pi}{2}, \frac{\pi}{2}\right) \cup\left(\frac{\pi}{2}, \frac{3 \pi}{2}\right)$?",0.0,no,,,,,,,,,,,,,,,
211,JEE Adv 2023 Paper 1,Integer,3,"Let $\tan ^{-1}(x) \in\left(-\frac{\pi}{2}, \frac{\pi}{2}\right)$, for $x \in \mathbb{R}$. Then what is the number of real solutions of the equation



$\sqrt{1+\cos (2 x)}=\sqrt{2} \tan ^{-1}(\tan x)$ in the set $\left(-\frac{3 \pi}{2},-\frac{\pi}{2}\right) \cup\left(-\frac{\pi}{2}, \frac{\pi}{2}\right) \cup\left(\frac{\pi}{2}, \frac{3 \pi}{2}\right)$?",0.1,no,,,,,,,,,,,,,,,
211,JEE Adv 2023 Paper 1,Integer,3,"Let $\tan ^{-1}(x) \in\left(-\frac{\pi}{2}, \frac{\pi}{2}\right)$, for $x \in \mathbb{R}$. Then what is the number of real solutions of the equation



$\sqrt{1+\cos (2 x)}=\sqrt{2} \tan ^{-1}(\tan x)$ in the set $\left(-\frac{3 \pi}{2},-\frac{\pi}{2}\right) \cup\left(-\frac{\pi}{2}, \frac{\pi}{2}\right) \cup\left(\frac{\pi}{2}, \frac{3 \pi}{2}\right)$?",0.2,no,,,,,,,,,,,,,,,
211,JEE Adv 2023 Paper 1,Integer,3,"Let $\tan ^{-1}(x) \in\left(-\frac{\pi}{2}, \frac{\pi}{2}\right)$, for $x \in \mathbb{R}$. Then what is the number of real solutions of the equation



$\sqrt{1+\cos (2 x)}=\sqrt{2} \tan ^{-1}(\tan x)$ in the set $\left(-\frac{3 \pi}{2},-\frac{\pi}{2}\right) \cup\left(-\frac{\pi}{2}, \frac{\pi}{2}\right) \cup\left(\frac{\pi}{2}, \frac{3 \pi}{2}\right)$?",0.3,no,,,,,,,,,,,,,,,
211,JEE Adv 2023 Paper 1,Integer,3,"Let $\tan ^{-1}(x) \in\left(-\frac{\pi}{2}, \frac{\pi}{2}\right)$, for $x \in \mathbb{R}$. Then what is the number of real solutions of the equation



$\sqrt{1+\cos (2 x)}=\sqrt{2} \tan ^{-1}(\tan x)$ in the set $\left(-\frac{3 \pi}{2},-\frac{\pi}{2}\right) \cup\left(-\frac{\pi}{2}, \frac{\pi}{2}\right) \cup\left(\frac{\pi}{2}, \frac{3 \pi}{2}\right)$?",0.4,no,,,,,,,,,,,,,,,
211,JEE Adv 2023 Paper 1,Integer,3,"Let $\tan ^{-1}(x) \in\left(-\frac{\pi}{2}, \frac{\pi}{2}\right)$, for $x \in \mathbb{R}$. Then what is the number of real solutions of the equation



$\sqrt{1+\cos (2 x)}=\sqrt{2} \tan ^{-1}(\tan x)$ in the set $\left(-\frac{3 \pi}{2},-\frac{\pi}{2}\right) \cup\left(-\frac{\pi}{2}, \frac{\pi}{2}\right) \cup\left(\frac{\pi}{2}, \frac{3 \pi}{2}\right)$?",0.5,no,,,,,,,,,,,,,,,
212,JEE Adv 2023 Paper 1,Integer,8,"Let $n \geq 2$ be a natural number and $f:[0,1] \rightarrow \mathbb{R}$ be the function defined by



$$

f(x)= \begin{cases}n(1-2 n x) & \text { if } 0 \leq x \leq \frac{1}{2 n} \\ 2 n(2 n x-1) & \text { if } \frac{1}{2 n} \leq x \leq \frac{3}{4 n} \\ 4 n(1-n x) & \text { if } \frac{3}{4 n} \leq x \leq \frac{1}{n} \\ \frac{n}{n-1}(n x-1) & \text { if } \frac{1}{n} \leq x \leq 1\end{cases}

$$



If $n$ is such that the area of the region bounded by the curves $x=0, x=1, y=0$ and $y=f(x)$ is 4 , then what is the maximum value of the function $f$?",0.0,no,,,,,,,,,,,,,,,
212,JEE Adv 2023 Paper 1,Integer,8,"Let $n \geq 2$ be a natural number and $f:[0,1] \rightarrow \mathbb{R}$ be the function defined by



$$

f(x)= \begin{cases}n(1-2 n x) & \text { if } 0 \leq x \leq \frac{1}{2 n} \\ 2 n(2 n x-1) & \text { if } \frac{1}{2 n} \leq x \leq \frac{3}{4 n} \\ 4 n(1-n x) & \text { if } \frac{3}{4 n} \leq x \leq \frac{1}{n} \\ \frac{n}{n-1}(n x-1) & \text { if } \frac{1}{n} \leq x \leq 1\end{cases}

$$



If $n$ is such that the area of the region bounded by the curves $x=0, x=1, y=0$ and $y=f(x)$ is 4 , then what is the maximum value of the function $f$?",0.1,no,,,,,,,,,,,,,,,
212,JEE Adv 2023 Paper 1,Integer,8,"Let $n \geq 2$ be a natural number and $f:[0,1] \rightarrow \mathbb{R}$ be the function defined by



$$

f(x)= \begin{cases}n(1-2 n x) & \text { if } 0 \leq x \leq \frac{1}{2 n} \\ 2 n(2 n x-1) & \text { if } \frac{1}{2 n} \leq x \leq \frac{3}{4 n} \\ 4 n(1-n x) & \text { if } \frac{3}{4 n} \leq x \leq \frac{1}{n} \\ \frac{n}{n-1}(n x-1) & \text { if } \frac{1}{n} \leq x \leq 1\end{cases}

$$



If $n$ is such that the area of the region bounded by the curves $x=0, x=1, y=0$ and $y=f(x)$ is 4 , then what is the maximum value of the function $f$?",0.2,no,,,,,,,,,,,,,,,
212,JEE Adv 2023 Paper 1,Integer,8,"Let $n \geq 2$ be a natural number and $f:[0,1] \rightarrow \mathbb{R}$ be the function defined by



$$

f(x)= \begin{cases}n(1-2 n x) & \text { if } 0 \leq x \leq \frac{1}{2 n} \\ 2 n(2 n x-1) & \text { if } \frac{1}{2 n} \leq x \leq \frac{3}{4 n} \\ 4 n(1-n x) & \text { if } \frac{3}{4 n} \leq x \leq \frac{1}{n} \\ \frac{n}{n-1}(n x-1) & \text { if } \frac{1}{n} \leq x \leq 1\end{cases}

$$



If $n$ is such that the area of the region bounded by the curves $x=0, x=1, y=0$ and $y=f(x)$ is 4 , then what is the maximum value of the function $f$?",0.3,no,,,,,,,,,,,,,,,
212,JEE Adv 2023 Paper 1,Integer,8,"Let $n \geq 2$ be a natural number and $f:[0,1] \rightarrow \mathbb{R}$ be the function defined by



$$

f(x)= \begin{cases}n(1-2 n x) & \text { if } 0 \leq x \leq \frac{1}{2 n} \\ 2 n(2 n x-1) & \text { if } \frac{1}{2 n} \leq x \leq \frac{3}{4 n} \\ 4 n(1-n x) & \text { if } \frac{3}{4 n} \leq x \leq \frac{1}{n} \\ \frac{n}{n-1}(n x-1) & \text { if } \frac{1}{n} \leq x \leq 1\end{cases}

$$



If $n$ is such that the area of the region bounded by the curves $x=0, x=1, y=0$ and $y=f(x)$ is 4 , then what is the maximum value of the function $f$?",0.4,no,,,,,,,,,,,,,,,
212,JEE Adv 2023 Paper 1,Integer,8,"Let $n \geq 2$ be a natural number and $f:[0,1] \rightarrow \mathbb{R}$ be the function defined by



$$

f(x)= \begin{cases}n(1-2 n x) & \text { if } 0 \leq x \leq \frac{1}{2 n} \\ 2 n(2 n x-1) & \text { if } \frac{1}{2 n} \leq x \leq \frac{3}{4 n} \\ 4 n(1-n x) & \text { if } \frac{3}{4 n} \leq x \leq \frac{1}{n} \\ \frac{n}{n-1}(n x-1) & \text { if } \frac{1}{n} \leq x \leq 1\end{cases}

$$



If $n$ is such that the area of the region bounded by the curves $x=0, x=1, y=0$ and $y=f(x)$ is 4 , then what is the maximum value of the function $f$?",0.5,no,,,,,,,,,,,,,,,
213,JEE Adv 2023 Paper 1,Integer,1219,"Let $7 \overbrace{5 \cdots 5}^{r} 7$ denote the $(r+2)$ digit number where the first and the last digits are 7 and the remaining $r$ digits are 5 . Consider the sum $S=77+757+7557+\cdots+7 \overbrace{5 \cdots 5}^{98}7$. If $S=\frac{7 \overbrace{5 \cdots 5}^{99}7+m}{n}$, where $m$ and $n$ are natural numbers less than 3000 , then what is the value of $m+n$?",0.0,no,,,,,,,,,,,,,,,
213,JEE Adv 2023 Paper 1,Integer,1219,"Let $7 \overbrace{5 \cdots 5}^{r} 7$ denote the $(r+2)$ digit number where the first and the last digits are 7 and the remaining $r$ digits are 5 . Consider the sum $S=77+757+7557+\cdots+7 \overbrace{5 \cdots 5}^{98}7$. If $S=\frac{7 \overbrace{5 \cdots 5}^{99}7+m}{n}$, where $m$ and $n$ are natural numbers less than 3000 , then what is the value of $m+n$?",0.1,no,,,,,,,,,,,,,,,
213,JEE Adv 2023 Paper 1,Integer,1219,"Let $7 \overbrace{5 \cdots 5}^{r} 7$ denote the $(r+2)$ digit number where the first and the last digits are 7 and the remaining $r$ digits are 5 . Consider the sum $S=77+757+7557+\cdots+7 \overbrace{5 \cdots 5}^{98}7$. If $S=\frac{7 \overbrace{5 \cdots 5}^{99}7+m}{n}$, where $m$ and $n$ are natural numbers less than 3000 , then what is the value of $m+n$?",0.2,no,,,,,,,,,,,,,,,
213,JEE Adv 2023 Paper 1,Integer,1219,"Let $7 \overbrace{5 \cdots 5}^{r} 7$ denote the $(r+2)$ digit number where the first and the last digits are 7 and the remaining $r$ digits are 5 . Consider the sum $S=77+757+7557+\cdots+7 \overbrace{5 \cdots 5}^{98}7$. If $S=\frac{7 \overbrace{5 \cdots 5}^{99}7+m}{n}$, where $m$ and $n$ are natural numbers less than 3000 , then what is the value of $m+n$?",0.3,no,,,,,,,,,,,,,,,
213,JEE Adv 2023 Paper 1,Integer,1219,"Let $7 \overbrace{5 \cdots 5}^{r} 7$ denote the $(r+2)$ digit number where the first and the last digits are 7 and the remaining $r$ digits are 5 . Consider the sum $S=77+757+7557+\cdots+7 \overbrace{5 \cdots 5}^{98}7$. If $S=\frac{7 \overbrace{5 \cdots 5}^{99}7+m}{n}$, where $m$ and $n$ are natural numbers less than 3000 , then what is the value of $m+n$?",0.4,no,,,,,,,,,,,,,,,
213,JEE Adv 2023 Paper 1,Integer,1219,"Let $7 \overbrace{5 \cdots 5}^{r} 7$ denote the $(r+2)$ digit number where the first and the last digits are 7 and the remaining $r$ digits are 5 . Consider the sum $S=77+757+7557+\cdots+7 \overbrace{5 \cdots 5}^{98}7$. If $S=\frac{7 \overbrace{5 \cdots 5}^{99}7+m}{n}$, where $m$ and $n$ are natural numbers less than 3000 , then what is the value of $m+n$?",0.5,no,,,,,,,,,,,,,,,
214,JEE Adv 2023 Paper 1,Integer,281,"Let $A=\left\{\frac{1967+1686 i \sin \theta}{7-3 i \cos \theta}: \theta \in \mathbb{R}\right\}$. If $A$ contains exactly one positive integer $n$, then what is the value of $n$?",0.0,no,,,,,,,,,,,,,,,
214,JEE Adv 2023 Paper 1,Integer,281,"Let $A=\left\{\frac{1967+1686 i \sin \theta}{7-3 i \cos \theta}: \theta \in \mathbb{R}\right\}$. If $A$ contains exactly one positive integer $n$, then what is the value of $n$?",0.1,no,,,,,,,,,,,,,,,
214,JEE Adv 2023 Paper 1,Integer,281,"Let $A=\left\{\frac{1967+1686 i \sin \theta}{7-3 i \cos \theta}: \theta \in \mathbb{R}\right\}$. If $A$ contains exactly one positive integer $n$, then what is the value of $n$?",0.2,no,,,,,,,,,,,,,,,
214,JEE Adv 2023 Paper 1,Integer,281,"Let $A=\left\{\frac{1967+1686 i \sin \theta}{7-3 i \cos \theta}: \theta \in \mathbb{R}\right\}$. If $A$ contains exactly one positive integer $n$, then what is the value of $n$?",0.3,no,,,,,,,,,,,,,,,
214,JEE Adv 2023 Paper 1,Integer,281,"Let $A=\left\{\frac{1967+1686 i \sin \theta}{7-3 i \cos \theta}: \theta \in \mathbb{R}\right\}$. If $A$ contains exactly one positive integer $n$, then what is the value of $n$?",0.4,no,,,,,,,,,,,,,,,
214,JEE Adv 2023 Paper 1,Integer,281,"Let $A=\left\{\frac{1967+1686 i \sin \theta}{7-3 i \cos \theta}: \theta \in \mathbb{R}\right\}$. If $A$ contains exactly one positive integer $n$, then what is the value of $n$?",0.5,no,,,,,,,,,,,,,,,
215,JEE Adv 2023 Paper 1,Integer,45,"Let $P$ be the plane $\sqrt{3} x+2 y+3 z=16$ and let $S=\left\{\alpha \hat{i}+\beta \hat{j}+\gamma \hat{k}: \alpha^{2}+\beta^{2}+\gamma^{2}=1\right.$ and the distance of $(\alpha, \beta, \gamma)$ from the plane $P$ is $\left.\frac{7}{2}\right\}$. Let $\vec{u}, \vec{v}$ and $\vec{w}$ be three distinct vectors in $S$ such that $|\vec{u}-\vec{v}|=|\vec{v}-\vec{w}|=|\vec{w}-\vec{u}|$. Let $V$ be the volume of the parallelepiped determined by vectors $\vec{u}, \vec{v}$ and $\vec{w}$. Then what is the value of $\frac{80}{\sqrt{3}} V$?",0.0,no,,,,,,,,,,,,,,,
215,JEE Adv 2023 Paper 1,Integer,45,"Let $P$ be the plane $\sqrt{3} x+2 y+3 z=16$ and let $S=\left\{\alpha \hat{i}+\beta \hat{j}+\gamma \hat{k}: \alpha^{2}+\beta^{2}+\gamma^{2}=1\right.$ and the distance of $(\alpha, \beta, \gamma)$ from the plane $P$ is $\left.\frac{7}{2}\right\}$. Let $\vec{u}, \vec{v}$ and $\vec{w}$ be three distinct vectors in $S$ such that $|\vec{u}-\vec{v}|=|\vec{v}-\vec{w}|=|\vec{w}-\vec{u}|$. Let $V$ be the volume of the parallelepiped determined by vectors $\vec{u}, \vec{v}$ and $\vec{w}$. Then what is the value of $\frac{80}{\sqrt{3}} V$?",0.1,no,,,,,,,,,,,,,,,
215,JEE Adv 2023 Paper 1,Integer,45,"Let $P$ be the plane $\sqrt{3} x+2 y+3 z=16$ and let $S=\left\{\alpha \hat{i}+\beta \hat{j}+\gamma \hat{k}: \alpha^{2}+\beta^{2}+\gamma^{2}=1\right.$ and the distance of $(\alpha, \beta, \gamma)$ from the plane $P$ is $\left.\frac{7}{2}\right\}$. Let $\vec{u}, \vec{v}$ and $\vec{w}$ be three distinct vectors in $S$ such that $|\vec{u}-\vec{v}|=|\vec{v}-\vec{w}|=|\vec{w}-\vec{u}|$. Let $V$ be the volume of the parallelepiped determined by vectors $\vec{u}, \vec{v}$ and $\vec{w}$. Then what is the value of $\frac{80}{\sqrt{3}} V$?",0.2,no,,,,,,,,,,,,,,,
215,JEE Adv 2023 Paper 1,Integer,45,"Let $P$ be the plane $\sqrt{3} x+2 y+3 z=16$ and let $S=\left\{\alpha \hat{i}+\beta \hat{j}+\gamma \hat{k}: \alpha^{2}+\beta^{2}+\gamma^{2}=1\right.$ and the distance of $(\alpha, \beta, \gamma)$ from the plane $P$ is $\left.\frac{7}{2}\right\}$. Let $\vec{u}, \vec{v}$ and $\vec{w}$ be three distinct vectors in $S$ such that $|\vec{u}-\vec{v}|=|\vec{v}-\vec{w}|=|\vec{w}-\vec{u}|$. Let $V$ be the volume of the parallelepiped determined by vectors $\vec{u}, \vec{v}$ and $\vec{w}$. Then what is the value of $\frac{80}{\sqrt{3}} V$?",0.3,no,,,,,,,,,,,,,,,
215,JEE Adv 2023 Paper 1,Integer,45,"Let $P$ be the plane $\sqrt{3} x+2 y+3 z=16$ and let $S=\left\{\alpha \hat{i}+\beta \hat{j}+\gamma \hat{k}: \alpha^{2}+\beta^{2}+\gamma^{2}=1\right.$ and the distance of $(\alpha, \beta, \gamma)$ from the plane $P$ is $\left.\frac{7}{2}\right\}$. Let $\vec{u}, \vec{v}$ and $\vec{w}$ be three distinct vectors in $S$ such that $|\vec{u}-\vec{v}|=|\vec{v}-\vec{w}|=|\vec{w}-\vec{u}|$. Let $V$ be the volume of the parallelepiped determined by vectors $\vec{u}, \vec{v}$ and $\vec{w}$. Then what is the value of $\frac{80}{\sqrt{3}} V$?",0.4,no,,,,,,,,,,,,,,,
215,JEE Adv 2023 Paper 1,Integer,45,"Let $P$ be the plane $\sqrt{3} x+2 y+3 z=16$ and let $S=\left\{\alpha \hat{i}+\beta \hat{j}+\gamma \hat{k}: \alpha^{2}+\beta^{2}+\gamma^{2}=1\right.$ and the distance of $(\alpha, \beta, \gamma)$ from the plane $P$ is $\left.\frac{7}{2}\right\}$. Let $\vec{u}, \vec{v}$ and $\vec{w}$ be three distinct vectors in $S$ such that $|\vec{u}-\vec{v}|=|\vec{v}-\vec{w}|=|\vec{w}-\vec{u}|$. Let $V$ be the volume of the parallelepiped determined by vectors $\vec{u}, \vec{v}$ and $\vec{w}$. Then what is the value of $\frac{80}{\sqrt{3}} V$?",0.5,no,,,,,,,,,,,,,,,
216,JEE Adv 2023 Paper 1,Integer,3,"Let $a$ and $b$ be two nonzero real numbers. If the coefficient of $x^{5}$ in the expansion of $\left(a x^{2}+\frac{70}{27 b x}\right)^{4}$ is equal to the coefficient of $x^{-5}$ in the expansion of $\left(a x-\frac{1}{b x^{2}}\right)^{7}$, then the value of $2 b$ is",0.0,no,,,,,,,,,,,,,,,
216,JEE Adv 2023 Paper 1,Integer,3,"Let $a$ and $b$ be two nonzero real numbers. If the coefficient of $x^{5}$ in the expansion of $\left(a x^{2}+\frac{70}{27 b x}\right)^{4}$ is equal to the coefficient of $x^{-5}$ in the expansion of $\left(a x-\frac{1}{b x^{2}}\right)^{7}$, then the value of $2 b$ is",0.1,no,,,,,,,,,,,,,,,
216,JEE Adv 2023 Paper 1,Integer,3,"Let $a$ and $b$ be two nonzero real numbers. If the coefficient of $x^{5}$ in the expansion of $\left(a x^{2}+\frac{70}{27 b x}\right)^{4}$ is equal to the coefficient of $x^{-5}$ in the expansion of $\left(a x-\frac{1}{b x^{2}}\right)^{7}$, then the value of $2 b$ is",0.2,no,,,,,,,,,,,,,,,
216,JEE Adv 2023 Paper 1,Integer,3,"Let $a$ and $b$ be two nonzero real numbers. If the coefficient of $x^{5}$ in the expansion of $\left(a x^{2}+\frac{70}{27 b x}\right)^{4}$ is equal to the coefficient of $x^{-5}$ in the expansion of $\left(a x-\frac{1}{b x^{2}}\right)^{7}$, then the value of $2 b$ is",0.3,no,,,,,,,,,,,,,,,
216,JEE Adv 2023 Paper 1,Integer,3,"Let $a$ and $b$ be two nonzero real numbers. If the coefficient of $x^{5}$ in the expansion of $\left(a x^{2}+\frac{70}{27 b x}\right)^{4}$ is equal to the coefficient of $x^{-5}$ in the expansion of $\left(a x-\frac{1}{b x^{2}}\right)^{7}$, then the value of $2 b$ is",0.4,no,,,,,,,,,,,,,,,
216,JEE Adv 2023 Paper 1,Integer,3,"Let $a$ and $b$ be two nonzero real numbers. If the coefficient of $x^{5}$ in the expansion of $\left(a x^{2}+\frac{70}{27 b x}\right)^{4}$ is equal to the coefficient of $x^{-5}$ in the expansion of $\left(a x-\frac{1}{b x^{2}}\right)^{7}$, then the value of $2 b$ is",0.5,no,,,,,,,,,,,,,,,
217,JEE Adv 2023 Paper 1,MCQ,A,"Let $\alpha, \beta$ and $\gamma$ be real numbers. Consider the following system of linear equations 



$x+2 y+z=7$



$x+\alpha z=11$



$2 x-3 y+\beta z=\gamma$



Match each entry in List-I to the correct entries in List-II.



\textbf{List-I}



(P) If $\beta=\frac{1}{2}(7 \alpha-3)$ and $\gamma=28$, then the system has



(Q) If $\beta=\frac{1}{2}(7 \alpha-3)$ and $\gamma \neq 28$, then the system has



(R) If $\beta \neq \frac{1}{2}(7 \alpha-3)$ where $\alpha=1$ and $\gamma \neq 28$, then the system has



(S) If $\beta \neq \frac{1}{2}(7 \alpha-3)$ where $\alpha=1$ and $\gamma = 28$, then the system has





\textbf{List-II}



(1) a unique solution



(2) no solution



(3) infinitely many solutions



(4) $x=11, y=-2$ and $z=0$ as a solution



(5) $x=-15, y=4$ and $z=0$ as a solution



The correct option is:",0.0,no,,,,,,,,,,,,,,,
217,JEE Adv 2023 Paper 1,MCQ,A,"Let $\alpha, \beta$ and $\gamma$ be real numbers. Consider the following system of linear equations 



$x+2 y+z=7$



$x+\alpha z=11$



$2 x-3 y+\beta z=\gamma$



Match each entry in List-I to the correct entries in List-II.



\textbf{List-I}



(P) If $\beta=\frac{1}{2}(7 \alpha-3)$ and $\gamma=28$, then the system has



(Q) If $\beta=\frac{1}{2}(7 \alpha-3)$ and $\gamma \neq 28$, then the system has



(R) If $\beta \neq \frac{1}{2}(7 \alpha-3)$ where $\alpha=1$ and $\gamma \neq 28$, then the system has



(S) If $\beta \neq \frac{1}{2}(7 \alpha-3)$ where $\alpha=1$ and $\gamma = 28$, then the system has





\textbf{List-II}



(1) a unique solution



(2) no solution



(3) infinitely many solutions



(4) $x=11, y=-2$ and $z=0$ as a solution



(5) $x=-15, y=4$ and $z=0$ as a solution



The correct option is:",0.1,no,,,,,,,,,,,,,,,
217,JEE Adv 2023 Paper 1,MCQ,A,"Let $\alpha, \beta$ and $\gamma$ be real numbers. Consider the following system of linear equations 



$x+2 y+z=7$



$x+\alpha z=11$



$2 x-3 y+\beta z=\gamma$



Match each entry in List-I to the correct entries in List-II.



\textbf{List-I}



(P) If $\beta=\frac{1}{2}(7 \alpha-3)$ and $\gamma=28$, then the system has



(Q) If $\beta=\frac{1}{2}(7 \alpha-3)$ and $\gamma \neq 28$, then the system has



(R) If $\beta \neq \frac{1}{2}(7 \alpha-3)$ where $\alpha=1$ and $\gamma \neq 28$, then the system has



(S) If $\beta \neq \frac{1}{2}(7 \alpha-3)$ where $\alpha=1$ and $\gamma = 28$, then the system has





\textbf{List-II}



(1) a unique solution



(2) no solution



(3) infinitely many solutions



(4) $x=11, y=-2$ and $z=0$ as a solution



(5) $x=-15, y=4$ and $z=0$ as a solution



The correct option is:",0.2,no,,,,,,,,,,,,,,,
217,JEE Adv 2023 Paper 1,MCQ,A,"Let $\alpha, \beta$ and $\gamma$ be real numbers. Consider the following system of linear equations 



$x+2 y+z=7$



$x+\alpha z=11$



$2 x-3 y+\beta z=\gamma$



Match each entry in List-I to the correct entries in List-II.



\textbf{List-I}



(P) If $\beta=\frac{1}{2}(7 \alpha-3)$ and $\gamma=28$, then the system has



(Q) If $\beta=\frac{1}{2}(7 \alpha-3)$ and $\gamma \neq 28$, then the system has



(R) If $\beta \neq \frac{1}{2}(7 \alpha-3)$ where $\alpha=1$ and $\gamma \neq 28$, then the system has



(S) If $\beta \neq \frac{1}{2}(7 \alpha-3)$ where $\alpha=1$ and $\gamma = 28$, then the system has





\textbf{List-II}



(1) a unique solution



(2) no solution



(3) infinitely many solutions



(4) $x=11, y=-2$ and $z=0$ as a solution



(5) $x=-15, y=4$ and $z=0$ as a solution



The correct option is:",0.3,no,,,,,,,,,,,,,,,
217,JEE Adv 2023 Paper 1,MCQ,A,"Let $\alpha, \beta$ and $\gamma$ be real numbers. Consider the following system of linear equations 



$x+2 y+z=7$



$x+\alpha z=11$



$2 x-3 y+\beta z=\gamma$



Match each entry in List-I to the correct entries in List-II.



\textbf{List-I}



(P) If $\beta=\frac{1}{2}(7 \alpha-3)$ and $\gamma=28$, then the system has



(Q) If $\beta=\frac{1}{2}(7 \alpha-3)$ and $\gamma \neq 28$, then the system has



(R) If $\beta \neq \frac{1}{2}(7 \alpha-3)$ where $\alpha=1$ and $\gamma \neq 28$, then the system has



(S) If $\beta \neq \frac{1}{2}(7 \alpha-3)$ where $\alpha=1$ and $\gamma = 28$, then the system has





\textbf{List-II}



(1) a unique solution



(2) no solution



(3) infinitely many solutions



(4) $x=11, y=-2$ and $z=0$ as a solution



(5) $x=-15, y=4$ and $z=0$ as a solution



The correct option is:",0.4,no,,,,,,,,,,,,,,,
217,JEE Adv 2023 Paper 1,MCQ,A,"Let $\alpha, \beta$ and $\gamma$ be real numbers. Consider the following system of linear equations 



$x+2 y+z=7$



$x+\alpha z=11$



$2 x-3 y+\beta z=\gamma$



Match each entry in List-I to the correct entries in List-II.



\textbf{List-I}



(P) If $\beta=\frac{1}{2}(7 \alpha-3)$ and $\gamma=28$, then the system has



(Q) If $\beta=\frac{1}{2}(7 \alpha-3)$ and $\gamma \neq 28$, then the system has



(R) If $\beta \neq \frac{1}{2}(7 \alpha-3)$ where $\alpha=1$ and $\gamma \neq 28$, then the system has



(S) If $\beta \neq \frac{1}{2}(7 \alpha-3)$ where $\alpha=1$ and $\gamma = 28$, then the system has





\textbf{List-II}



(1) a unique solution



(2) no solution



(3) infinitely many solutions



(4) $x=11, y=-2$ and $z=0$ as a solution



(5) $x=-15, y=4$ and $z=0$ as a solution



The correct option is:",0.5,no,,,,,,,,,,,,,,,
218,JEE Adv 2023 Paper 1,MCQ,A,"Consider the given data with frequency distribution



$$

\begin{array}{ccccccc}

x_{i} & 3 & 8 & 11 & 10 & 5 & 4 \\

f_{i} & 5 & 2 & 3 & 2 & 4 & 4

\end{array}

$$



Match each entry in List-I to the correct entries in List-II.



\textbf{List-I}



(P) The mean of the above data is



(Q) The median of the above data is



(R) The mean deviation about the mean of the above data is



(S) The mean deviation about the median of the above data is



\textbf{List-II}



(1) 2.5



(2) 5



(3) 6



(4) 2.7



(5) 2.4



The correct option is:",0.0,no,,,,,,,,,,,,,,,
218,JEE Adv 2023 Paper 1,MCQ,A,"Consider the given data with frequency distribution



$$

\begin{array}{ccccccc}

x_{i} & 3 & 8 & 11 & 10 & 5 & 4 \\

f_{i} & 5 & 2 & 3 & 2 & 4 & 4

\end{array}

$$



Match each entry in List-I to the correct entries in List-II.



\textbf{List-I}



(P) The mean of the above data is



(Q) The median of the above data is



(R) The mean deviation about the mean of the above data is



(S) The mean deviation about the median of the above data is



\textbf{List-II}



(1) 2.5



(2) 5



(3) 6



(4) 2.7



(5) 2.4



The correct option is:",0.1,no,,,,,,,,,,,,,,,
218,JEE Adv 2023 Paper 1,MCQ,A,"Consider the given data with frequency distribution



$$

\begin{array}{ccccccc}

x_{i} & 3 & 8 & 11 & 10 & 5 & 4 \\

f_{i} & 5 & 2 & 3 & 2 & 4 & 4

\end{array}

$$



Match each entry in List-I to the correct entries in List-II.



\textbf{List-I}



(P) The mean of the above data is



(Q) The median of the above data is



(R) The mean deviation about the mean of the above data is



(S) The mean deviation about the median of the above data is



\textbf{List-II}



(1) 2.5



(2) 5



(3) 6



(4) 2.7



(5) 2.4



The correct option is:",0.2,no,,,,,,,,,,,,,,,
218,JEE Adv 2023 Paper 1,MCQ,A,"Consider the given data with frequency distribution



$$

\begin{array}{ccccccc}

x_{i} & 3 & 8 & 11 & 10 & 5 & 4 \\

f_{i} & 5 & 2 & 3 & 2 & 4 & 4

\end{array}

$$



Match each entry in List-I to the correct entries in List-II.



\textbf{List-I}



(P) The mean of the above data is



(Q) The median of the above data is



(R) The mean deviation about the mean of the above data is



(S) The mean deviation about the median of the above data is



\textbf{List-II}



(1) 2.5



(2) 5



(3) 6



(4) 2.7



(5) 2.4



The correct option is:",0.3,no,,,,,,,,,,,,,,,
218,JEE Adv 2023 Paper 1,MCQ,A,"Consider the given data with frequency distribution



$$

\begin{array}{ccccccc}

x_{i} & 3 & 8 & 11 & 10 & 5 & 4 \\

f_{i} & 5 & 2 & 3 & 2 & 4 & 4

\end{array}

$$



Match each entry in List-I to the correct entries in List-II.



\textbf{List-I}



(P) The mean of the above data is



(Q) The median of the above data is



(R) The mean deviation about the mean of the above data is



(S) The mean deviation about the median of the above data is



\textbf{List-II}



(1) 2.5



(2) 5



(3) 6



(4) 2.7



(5) 2.4



The correct option is:",0.4,no,,,,,,,,,,,,,,,
218,JEE Adv 2023 Paper 1,MCQ,A,"Consider the given data with frequency distribution



$$

\begin{array}{ccccccc}

x_{i} & 3 & 8 & 11 & 10 & 5 & 4 \\

f_{i} & 5 & 2 & 3 & 2 & 4 & 4

\end{array}

$$



Match each entry in List-I to the correct entries in List-II.



\textbf{List-I}



(P) The mean of the above data is



(Q) The median of the above data is



(R) The mean deviation about the mean of the above data is



(S) The mean deviation about the median of the above data is



\textbf{List-II}



(1) 2.5



(2) 5



(3) 6



(4) 2.7



(5) 2.4



The correct option is:",0.5,no,,,,,,,,,,,,,,,
219,JEE Adv 2023 Paper 1,MCQ,B,"Let $\ell_{1}$ and $\ell_{2}$ be the lines $\vec{r}_{1}=\lambda(\hat{i}+\hat{j}+\hat{k})$ and $\vec{r}_{2}=(\hat{j}-\hat{k})+\mu(\hat{i}+\hat{k})$, respectively. Let $X$ be the set of all the planes $H$ that contain the line $\ell_{1}$. For a plane $H$, let $d(H)$ denote the smallest possible distance between the points of $\ell_{2}$ and $H$. Let $H_{0}$ be a plane in $X$ for which $d\left(H_{0}\right)$ is the maximum value of $d(H)$ as $H$ varies over all planes in $X$.



Match each entry in List-I to the correct entries in List-II.



\textbf{List-I}



(P) The value of $d\left(H_{0}\right)$ is



(Q) The distance of the point $(0,1,2)$ from $H_{0}$ is



(R) The distance of origin from $H_{0}$ is



(S) The distance of origin from the point of intersection of planes $y=z, x=1$ and $H_{0}$ is



\textbf{List-II}



(1) $\sqrt{3}$



(2) $\frac{1}{\sqrt{3}}$



(3) 0



(4) $\sqrt{2}$



(5) $\frac{1}{\sqrt{2}}$



The correct option is:",0.0,no,,,,,,,,,,,,,,,
219,JEE Adv 2023 Paper 1,MCQ,B,"Let $\ell_{1}$ and $\ell_{2}$ be the lines $\vec{r}_{1}=\lambda(\hat{i}+\hat{j}+\hat{k})$ and $\vec{r}_{2}=(\hat{j}-\hat{k})+\mu(\hat{i}+\hat{k})$, respectively. Let $X$ be the set of all the planes $H$ that contain the line $\ell_{1}$. For a plane $H$, let $d(H)$ denote the smallest possible distance between the points of $\ell_{2}$ and $H$. Let $H_{0}$ be a plane in $X$ for which $d\left(H_{0}\right)$ is the maximum value of $d(H)$ as $H$ varies over all planes in $X$.



Match each entry in List-I to the correct entries in List-II.



\textbf{List-I}



(P) The value of $d\left(H_{0}\right)$ is



(Q) The distance of the point $(0,1,2)$ from $H_{0}$ is



(R) The distance of origin from $H_{0}$ is



(S) The distance of origin from the point of intersection of planes $y=z, x=1$ and $H_{0}$ is



\textbf{List-II}



(1) $\sqrt{3}$



(2) $\frac{1}{\sqrt{3}}$



(3) 0



(4) $\sqrt{2}$



(5) $\frac{1}{\sqrt{2}}$



The correct option is:",0.1,no,,,,,,,,,,,,,,,
219,JEE Adv 2023 Paper 1,MCQ,B,"Let $\ell_{1}$ and $\ell_{2}$ be the lines $\vec{r}_{1}=\lambda(\hat{i}+\hat{j}+\hat{k})$ and $\vec{r}_{2}=(\hat{j}-\hat{k})+\mu(\hat{i}+\hat{k})$, respectively. Let $X$ be the set of all the planes $H$ that contain the line $\ell_{1}$. For a plane $H$, let $d(H)$ denote the smallest possible distance between the points of $\ell_{2}$ and $H$. Let $H_{0}$ be a plane in $X$ for which $d\left(H_{0}\right)$ is the maximum value of $d(H)$ as $H$ varies over all planes in $X$.



Match each entry in List-I to the correct entries in List-II.



\textbf{List-I}



(P) The value of $d\left(H_{0}\right)$ is



(Q) The distance of the point $(0,1,2)$ from $H_{0}$ is



(R) The distance of origin from $H_{0}$ is



(S) The distance of origin from the point of intersection of planes $y=z, x=1$ and $H_{0}$ is



\textbf{List-II}



(1) $\sqrt{3}$



(2) $\frac{1}{\sqrt{3}}$



(3) 0



(4) $\sqrt{2}$



(5) $\frac{1}{\sqrt{2}}$



The correct option is:",0.2,no,,,,,,,,,,,,,,,
219,JEE Adv 2023 Paper 1,MCQ,B,"Let $\ell_{1}$ and $\ell_{2}$ be the lines $\vec{r}_{1}=\lambda(\hat{i}+\hat{j}+\hat{k})$ and $\vec{r}_{2}=(\hat{j}-\hat{k})+\mu(\hat{i}+\hat{k})$, respectively. Let $X$ be the set of all the planes $H$ that contain the line $\ell_{1}$. For a plane $H$, let $d(H)$ denote the smallest possible distance between the points of $\ell_{2}$ and $H$. Let $H_{0}$ be a plane in $X$ for which $d\left(H_{0}\right)$ is the maximum value of $d(H)$ as $H$ varies over all planes in $X$.



Match each entry in List-I to the correct entries in List-II.



\textbf{List-I}



(P) The value of $d\left(H_{0}\right)$ is



(Q) The distance of the point $(0,1,2)$ from $H_{0}$ is



(R) The distance of origin from $H_{0}$ is



(S) The distance of origin from the point of intersection of planes $y=z, x=1$ and $H_{0}$ is



\textbf{List-II}



(1) $\sqrt{3}$



(2) $\frac{1}{\sqrt{3}}$



(3) 0



(4) $\sqrt{2}$



(5) $\frac{1}{\sqrt{2}}$



The correct option is:",0.3,no,,,,,,,,,,,,,,,
219,JEE Adv 2023 Paper 1,MCQ,B,"Let $\ell_{1}$ and $\ell_{2}$ be the lines $\vec{r}_{1}=\lambda(\hat{i}+\hat{j}+\hat{k})$ and $\vec{r}_{2}=(\hat{j}-\hat{k})+\mu(\hat{i}+\hat{k})$, respectively. Let $X$ be the set of all the planes $H$ that contain the line $\ell_{1}$. For a plane $H$, let $d(H)$ denote the smallest possible distance between the points of $\ell_{2}$ and $H$. Let $H_{0}$ be a plane in $X$ for which $d\left(H_{0}\right)$ is the maximum value of $d(H)$ as $H$ varies over all planes in $X$.



Match each entry in List-I to the correct entries in List-II.



\textbf{List-I}



(P) The value of $d\left(H_{0}\right)$ is



(Q) The distance of the point $(0,1,2)$ from $H_{0}$ is



(R) The distance of origin from $H_{0}$ is



(S) The distance of origin from the point of intersection of planes $y=z, x=1$ and $H_{0}$ is



\textbf{List-II}



(1) $\sqrt{3}$



(2) $\frac{1}{\sqrt{3}}$



(3) 0



(4) $\sqrt{2}$



(5) $\frac{1}{\sqrt{2}}$



The correct option is:",0.4,no,,,,,,,,,,,,,,,
219,JEE Adv 2023 Paper 1,MCQ,B,"Let $\ell_{1}$ and $\ell_{2}$ be the lines $\vec{r}_{1}=\lambda(\hat{i}+\hat{j}+\hat{k})$ and $\vec{r}_{2}=(\hat{j}-\hat{k})+\mu(\hat{i}+\hat{k})$, respectively. Let $X$ be the set of all the planes $H$ that contain the line $\ell_{1}$. For a plane $H$, let $d(H)$ denote the smallest possible distance between the points of $\ell_{2}$ and $H$. Let $H_{0}$ be a plane in $X$ for which $d\left(H_{0}\right)$ is the maximum value of $d(H)$ as $H$ varies over all planes in $X$.



Match each entry in List-I to the correct entries in List-II.



\textbf{List-I}



(P) The value of $d\left(H_{0}\right)$ is



(Q) The distance of the point $(0,1,2)$ from $H_{0}$ is



(R) The distance of origin from $H_{0}$ is



(S) The distance of origin from the point of intersection of planes $y=z, x=1$ and $H_{0}$ is



\textbf{List-II}



(1) $\sqrt{3}$



(2) $\frac{1}{\sqrt{3}}$



(3) 0



(4) $\sqrt{2}$



(5) $\frac{1}{\sqrt{2}}$



The correct option is:",0.5,no,,,,,,,,,,,,,,,
220,JEE Adv 2023 Paper 1,MCQ,B,"Let $z$ be a complex number satisfying $|z|^{3}+2 z^{2}+4 \bar{z}-8=0$, where $\bar{z}$ denotes the complex conjugate of $z$. Let the imaginary part of $z$ be nonzero.



Match each entry in List-I to the correct entries in List-II.



\textbf{List-I}



(P) $|z|^{2}$ is equal to



(Q) $|Z-\bar{Z}|^{2}$ is equal to



(R) $|Z|^{2}+|Z+\bar{Z}|^{2}$ is equal to



(S) $|z+1|^{2}$ is equal to



\textbf{List-II}



(1) 12



(2) 4



(3) 8



(4) 10



(5) 7



The correct option is:",0.0,no,,,,,,,,,,,,,,,
220,JEE Adv 2023 Paper 1,MCQ,B,"Let $z$ be a complex number satisfying $|z|^{3}+2 z^{2}+4 \bar{z}-8=0$, where $\bar{z}$ denotes the complex conjugate of $z$. Let the imaginary part of $z$ be nonzero.



Match each entry in List-I to the correct entries in List-II.



\textbf{List-I}



(P) $|z|^{2}$ is equal to



(Q) $|Z-\bar{Z}|^{2}$ is equal to



(R) $|Z|^{2}+|Z+\bar{Z}|^{2}$ is equal to



(S) $|z+1|^{2}$ is equal to



\textbf{List-II}



(1) 12



(2) 4



(3) 8



(4) 10



(5) 7



The correct option is:",0.1,no,,,,,,,,,,,,,,,
220,JEE Adv 2023 Paper 1,MCQ,B,"Let $z$ be a complex number satisfying $|z|^{3}+2 z^{2}+4 \bar{z}-8=0$, where $\bar{z}$ denotes the complex conjugate of $z$. Let the imaginary part of $z$ be nonzero.



Match each entry in List-I to the correct entries in List-II.



\textbf{List-I}



(P) $|z|^{2}$ is equal to



(Q) $|Z-\bar{Z}|^{2}$ is equal to



(R) $|Z|^{2}+|Z+\bar{Z}|^{2}$ is equal to



(S) $|z+1|^{2}$ is equal to



\textbf{List-II}



(1) 12



(2) 4



(3) 8



(4) 10



(5) 7



The correct option is:",0.2,no,,,,,,,,,,,,,,,
220,JEE Adv 2023 Paper 1,MCQ,B,"Let $z$ be a complex number satisfying $|z|^{3}+2 z^{2}+4 \bar{z}-8=0$, where $\bar{z}$ denotes the complex conjugate of $z$. Let the imaginary part of $z$ be nonzero.



Match each entry in List-I to the correct entries in List-II.



\textbf{List-I}



(P) $|z|^{2}$ is equal to



(Q) $|Z-\bar{Z}|^{2}$ is equal to



(R) $|Z|^{2}+|Z+\bar{Z}|^{2}$ is equal to



(S) $|z+1|^{2}$ is equal to



\textbf{List-II}



(1) 12



(2) 4



(3) 8



(4) 10



(5) 7



The correct option is:",0.3,no,,,,,,,,,,,,,,,
220,JEE Adv 2023 Paper 1,MCQ,B,"Let $z$ be a complex number satisfying $|z|^{3}+2 z^{2}+4 \bar{z}-8=0$, where $\bar{z}$ denotes the complex conjugate of $z$. Let the imaginary part of $z$ be nonzero.



Match each entry in List-I to the correct entries in List-II.



\textbf{List-I}



(P) $|z|^{2}$ is equal to



(Q) $|Z-\bar{Z}|^{2}$ is equal to



(R) $|Z|^{2}+|Z+\bar{Z}|^{2}$ is equal to



(S) $|z+1|^{2}$ is equal to



\textbf{List-II}



(1) 12



(2) 4



(3) 8



(4) 10



(5) 7



The correct option is:",0.4,no,,,,,,,,,,,,,,,
220,JEE Adv 2023 Paper 1,MCQ,B,"Let $z$ be a complex number satisfying $|z|^{3}+2 z^{2}+4 \bar{z}-8=0$, where $\bar{z}$ denotes the complex conjugate of $z$. Let the imaginary part of $z$ be nonzero.



Match each entry in List-I to the correct entries in List-II.



\textbf{List-I}



(P) $|z|^{2}$ is equal to



(Q) $|Z-\bar{Z}|^{2}$ is equal to



(R) $|Z|^{2}+|Z+\bar{Z}|^{2}$ is equal to



(S) $|z+1|^{2}$ is equal to



\textbf{List-II}



(1) 12



(2) 4



(3) 8



(4) 10



(5) 7



The correct option is:",0.5,no,,,,,,,,,,,,,,,
221,JEE Adv 2023 Paper 2,MCQ,C,"Let $f:[1, \infty) \rightarrow \mathbb{R}$ be a differentiable function such that $f(1)=\frac{1}{3}$ and $3 \int_{1}^{x} f(t) d t=x f(x)-\frac{x^{3}}{3}, x \in[1, \infty)$. Let $e$ denote the base of the natural logarithm. Then the value of $f(e)$ is",0.0,no,,,,,,,,,,,,,,,
221,JEE Adv 2023 Paper 2,MCQ,C,"Let $f:[1, \infty) \rightarrow \mathbb{R}$ be a differentiable function such that $f(1)=\frac{1}{3}$ and $3 \int_{1}^{x} f(t) d t=x f(x)-\frac{x^{3}}{3}, x \in[1, \infty)$. Let $e$ denote the base of the natural logarithm. Then the value of $f(e)$ is",0.1,no,,,,,,,,,,,,,,,
221,JEE Adv 2023 Paper 2,MCQ,C,"Let $f:[1, \infty) \rightarrow \mathbb{R}$ be a differentiable function such that $f(1)=\frac{1}{3}$ and $3 \int_{1}^{x} f(t) d t=x f(x)-\frac{x^{3}}{3}, x \in[1, \infty)$. Let $e$ denote the base of the natural logarithm. Then the value of $f(e)$ is",0.2,no,,,,,,,,,,,,,,,
221,JEE Adv 2023 Paper 2,MCQ,C,"Let $f:[1, \infty) \rightarrow \mathbb{R}$ be a differentiable function such that $f(1)=\frac{1}{3}$ and $3 \int_{1}^{x} f(t) d t=x f(x)-\frac{x^{3}}{3}, x \in[1, \infty)$. Let $e$ denote the base of the natural logarithm. Then the value of $f(e)$ is",0.3,no,,,,,,,,,,,,,,,
221,JEE Adv 2023 Paper 2,MCQ,C,"Let $f:[1, \infty) \rightarrow \mathbb{R}$ be a differentiable function such that $f(1)=\frac{1}{3}$ and $3 \int_{1}^{x} f(t) d t=x f(x)-\frac{x^{3}}{3}, x \in[1, \infty)$. Let $e$ denote the base of the natural logarithm. Then the value of $f(e)$ is",0.4,no,,,,,,,,,,,,,,,
221,JEE Adv 2023 Paper 2,MCQ,C,"Let $f:[1, \infty) \rightarrow \mathbb{R}$ be a differentiable function such that $f(1)=\frac{1}{3}$ and $3 \int_{1}^{x} f(t) d t=x f(x)-\frac{x^{3}}{3}, x \in[1, \infty)$. Let $e$ denote the base of the natural logarithm. Then the value of $f(e)$ is",0.5,no,,,,,,,,,,,,,,,
222,JEE Adv 2023 Paper 2,MCQ,B,"Consider an experiment of tossing a coin repeatedly until the outcomes of two consecutive tosses are same. If the probability of a random toss resulting in head is $\frac{1}{3}$, then the probability that the experiment stops with head is",0.0,no,,,,,,,,,,,,,,,
222,JEE Adv 2023 Paper 2,MCQ,B,"Consider an experiment of tossing a coin repeatedly until the outcomes of two consecutive tosses are same. If the probability of a random toss resulting in head is $\frac{1}{3}$, then the probability that the experiment stops with head is",0.1,no,,,,,,,,,,,,,,,
222,JEE Adv 2023 Paper 2,MCQ,B,"Consider an experiment of tossing a coin repeatedly until the outcomes of two consecutive tosses are same. If the probability of a random toss resulting in head is $\frac{1}{3}$, then the probability that the experiment stops with head is",0.2,no,,,,,,,,,,,,,,,
222,JEE Adv 2023 Paper 2,MCQ,B,"Consider an experiment of tossing a coin repeatedly until the outcomes of two consecutive tosses are same. If the probability of a random toss resulting in head is $\frac{1}{3}$, then the probability that the experiment stops with head is",0.3,no,,,,,,,,,,,,,,,
222,JEE Adv 2023 Paper 2,MCQ,B,"Consider an experiment of tossing a coin repeatedly until the outcomes of two consecutive tosses are same. If the probability of a random toss resulting in head is $\frac{1}{3}$, then the probability that the experiment stops with head is",0.4,no,,,,,,,,,,,,,,,
222,JEE Adv 2023 Paper 2,MCQ,B,"Consider an experiment of tossing a coin repeatedly until the outcomes of two consecutive tosses are same. If the probability of a random toss resulting in head is $\frac{1}{3}$, then the probability that the experiment stops with head is",0.5,no,,,,,,,,,,,,,,,
223,JEE Adv 2023 Paper 2,MCQ,C,"For any $y \in \mathbb{R}$, let $\cot ^{-1}(y) \in(0, \pi)$ and $\tan ^{-1}(y) \in\left(-\frac{\pi}{2}, \frac{\pi}{2}\right)$. Then the sum of all the solutions of the equation $\tan ^{-1}\left(\frac{6 y}{9-y^{2}}\right)+\cot ^{-1}\left(\frac{9-y^{2}}{6 y}\right)=\frac{2 \pi}{3}$ for $0<|y|<3$, is equal to",0.0,no,,,,,,,,,,,,,,,
223,JEE Adv 2023 Paper 2,MCQ,C,"For any $y \in \mathbb{R}$, let $\cot ^{-1}(y) \in(0, \pi)$ and $\tan ^{-1}(y) \in\left(-\frac{\pi}{2}, \frac{\pi}{2}\right)$. Then the sum of all the solutions of the equation $\tan ^{-1}\left(\frac{6 y}{9-y^{2}}\right)+\cot ^{-1}\left(\frac{9-y^{2}}{6 y}\right)=\frac{2 \pi}{3}$ for $0<|y|<3$, is equal to",0.1,no,,,,,,,,,,,,,,,
223,JEE Adv 2023 Paper 2,MCQ,C,"For any $y \in \mathbb{R}$, let $\cot ^{-1}(y) \in(0, \pi)$ and $\tan ^{-1}(y) \in\left(-\frac{\pi}{2}, \frac{\pi}{2}\right)$. Then the sum of all the solutions of the equation $\tan ^{-1}\left(\frac{6 y}{9-y^{2}}\right)+\cot ^{-1}\left(\frac{9-y^{2}}{6 y}\right)=\frac{2 \pi}{3}$ for $0<|y|<3$, is equal to",0.2,no,,,,,,,,,,,,,,,
223,JEE Adv 2023 Paper 2,MCQ,C,"For any $y \in \mathbb{R}$, let $\cot ^{-1}(y) \in(0, \pi)$ and $\tan ^{-1}(y) \in\left(-\frac{\pi}{2}, \frac{\pi}{2}\right)$. Then the sum of all the solutions of the equation $\tan ^{-1}\left(\frac{6 y}{9-y^{2}}\right)+\cot ^{-1}\left(\frac{9-y^{2}}{6 y}\right)=\frac{2 \pi}{3}$ for $0<|y|<3$, is equal to",0.3,no,,,,,,,,,,,,,,,
223,JEE Adv 2023 Paper 2,MCQ,C,"For any $y \in \mathbb{R}$, let $\cot ^{-1}(y) \in(0, \pi)$ and $\tan ^{-1}(y) \in\left(-\frac{\pi}{2}, \frac{\pi}{2}\right)$. Then the sum of all the solutions of the equation $\tan ^{-1}\left(\frac{6 y}{9-y^{2}}\right)+\cot ^{-1}\left(\frac{9-y^{2}}{6 y}\right)=\frac{2 \pi}{3}$ for $0<|y|<3$, is equal to",0.4,no,,,,,,,,,,,,,,,
223,JEE Adv 2023 Paper 2,MCQ,C,"For any $y \in \mathbb{R}$, let $\cot ^{-1}(y) \in(0, \pi)$ and $\tan ^{-1}(y) \in\left(-\frac{\pi}{2}, \frac{\pi}{2}\right)$. Then the sum of all the solutions of the equation $\tan ^{-1}\left(\frac{6 y}{9-y^{2}}\right)+\cot ^{-1}\left(\frac{9-y^{2}}{6 y}\right)=\frac{2 \pi}{3}$ for $0<|y|<3$, is equal to",0.5,no,,,,,,,,,,,,,,,
224,JEE Adv 2023 Paper 2,MCQ,B,"Let the position vectors of the points $P, Q, R$ and $S$ be $\vec{a}=\hat{i}+2 \hat{j}-5 \hat{k}, \vec{b}=3 \hat{i}+6 \hat{j}+3 \hat{k}$, $\vec{c}=\frac{17}{5} \hat{i}+\frac{16}{5} \hat{j}+7 \hat{k}$ and $\vec{d}=2 \hat{i}+\hat{j}+\hat{k}$, respectively. Then which of the following statements is true?",0.0,no,,,,,,,,,,,,,,,
224,JEE Adv 2023 Paper 2,MCQ,B,"Let the position vectors of the points $P, Q, R$ and $S$ be $\vec{a}=\hat{i}+2 \hat{j}-5 \hat{k}, \vec{b}=3 \hat{i}+6 \hat{j}+3 \hat{k}$, $\vec{c}=\frac{17}{5} \hat{i}+\frac{16}{5} \hat{j}+7 \hat{k}$ and $\vec{d}=2 \hat{i}+\hat{j}+\hat{k}$, respectively. Then which of the following statements is true?",0.1,no,,,,,,,,,,,,,,,
224,JEE Adv 2023 Paper 2,MCQ,B,"Let the position vectors of the points $P, Q, R$ and $S$ be $\vec{a}=\hat{i}+2 \hat{j}-5 \hat{k}, \vec{b}=3 \hat{i}+6 \hat{j}+3 \hat{k}$, $\vec{c}=\frac{17}{5} \hat{i}+\frac{16}{5} \hat{j}+7 \hat{k}$ and $\vec{d}=2 \hat{i}+\hat{j}+\hat{k}$, respectively. Then which of the following statements is true?",0.2,no,,,,,,,,,,,,,,,
224,JEE Adv 2023 Paper 2,MCQ,B,"Let the position vectors of the points $P, Q, R$ and $S$ be $\vec{a}=\hat{i}+2 \hat{j}-5 \hat{k}, \vec{b}=3 \hat{i}+6 \hat{j}+3 \hat{k}$, $\vec{c}=\frac{17}{5} \hat{i}+\frac{16}{5} \hat{j}+7 \hat{k}$ and $\vec{d}=2 \hat{i}+\hat{j}+\hat{k}$, respectively. Then which of the following statements is true?",0.3,no,,,,,,,,,,,,,,,
224,JEE Adv 2023 Paper 2,MCQ,B,"Let the position vectors of the points $P, Q, R$ and $S$ be $\vec{a}=\hat{i}+2 \hat{j}-5 \hat{k}, \vec{b}=3 \hat{i}+6 \hat{j}+3 \hat{k}$, $\vec{c}=\frac{17}{5} \hat{i}+\frac{16}{5} \hat{j}+7 \hat{k}$ and $\vec{d}=2 \hat{i}+\hat{j}+\hat{k}$, respectively. Then which of the following statements is true?",0.4,no,,,,,,,,,,,,,,,
224,JEE Adv 2023 Paper 2,MCQ,B,"Let the position vectors of the points $P, Q, R$ and $S$ be $\vec{a}=\hat{i}+2 \hat{j}-5 \hat{k}, \vec{b}=3 \hat{i}+6 \hat{j}+3 \hat{k}$, $\vec{c}=\frac{17}{5} \hat{i}+\frac{16}{5} \hat{j}+7 \hat{k}$ and $\vec{d}=2 \hat{i}+\hat{j}+\hat{k}$, respectively. Then which of the following statements is true?",0.5,no,,,,,,,,,,,,,,,
225,JEE Adv 2023 Paper 2,MCQ(multiple),BC,"Let $M=\left(a_{i j}\right), i, j \in\{1,2,3\}$, be the $3 \times 3$ matrix such that $a_{i j}=1$ if $j+1$ is divisible by $i$, otherwise $a_{i j}=0$. Then which of the following statements is(are) true?",0.0,no,,,,,,,,,,,,,,,
225,JEE Adv 2023 Paper 2,MCQ(multiple),BC,"Let $M=\left(a_{i j}\right), i, j \in\{1,2,3\}$, be the $3 \times 3$ matrix such that $a_{i j}=1$ if $j+1$ is divisible by $i$, otherwise $a_{i j}=0$. Then which of the following statements is(are) true?",0.1,no,,,,,,,,,,,,,,,
225,JEE Adv 2023 Paper 2,MCQ(multiple),BC,"Let $M=\left(a_{i j}\right), i, j \in\{1,2,3\}$, be the $3 \times 3$ matrix such that $a_{i j}=1$ if $j+1$ is divisible by $i$, otherwise $a_{i j}=0$. Then which of the following statements is(are) true?",0.2,no,,,,,,,,,,,,,,,
225,JEE Adv 2023 Paper 2,MCQ(multiple),BC,"Let $M=\left(a_{i j}\right), i, j \in\{1,2,3\}$, be the $3 \times 3$ matrix such that $a_{i j}=1$ if $j+1$ is divisible by $i$, otherwise $a_{i j}=0$. Then which of the following statements is(are) true?",0.3,no,,,,,,,,,,,,,,,
225,JEE Adv 2023 Paper 2,MCQ(multiple),BC,"Let $M=\left(a_{i j}\right), i, j \in\{1,2,3\}$, be the $3 \times 3$ matrix such that $a_{i j}=1$ if $j+1$ is divisible by $i$, otherwise $a_{i j}=0$. Then which of the following statements is(are) true?",0.4,no,,,,,,,,,,,,,,,
225,JEE Adv 2023 Paper 2,MCQ(multiple),BC,"Let $M=\left(a_{i j}\right), i, j \in\{1,2,3\}$, be the $3 \times 3$ matrix such that $a_{i j}=1$ if $j+1$ is divisible by $i$, otherwise $a_{i j}=0$. Then which of the following statements is(are) true?",0.5,no,,,,,,,,,,,,,,,
226,JEE Adv 2023 Paper 2,MCQ(multiple),AB,"Let $f:(0,1) \rightarrow \mathbb{R}$ be the function defined as $f(x)=[4 x]\left(x-\frac{1}{4}\right)^{2}\left(x-\frac{1}{2}\right)$, where $[x]$ denotes the greatest integer less than or equal to $x$. Then which of the following statements is(are) true?",0.0,no,,,,,,,,,,,,,,,
226,JEE Adv 2023 Paper 2,MCQ(multiple),AB,"Let $f:(0,1) \rightarrow \mathbb{R}$ be the function defined as $f(x)=[4 x]\left(x-\frac{1}{4}\right)^{2}\left(x-\frac{1}{2}\right)$, where $[x]$ denotes the greatest integer less than or equal to $x$. Then which of the following statements is(are) true?",0.1,no,,,,,,,,,,,,,,,
226,JEE Adv 2023 Paper 2,MCQ(multiple),AB,"Let $f:(0,1) \rightarrow \mathbb{R}$ be the function defined as $f(x)=[4 x]\left(x-\frac{1}{4}\right)^{2}\left(x-\frac{1}{2}\right)$, where $[x]$ denotes the greatest integer less than or equal to $x$. Then which of the following statements is(are) true?",0.2,no,,,,,,,,,,,,,,,
226,JEE Adv 2023 Paper 2,MCQ(multiple),AB,"Let $f:(0,1) \rightarrow \mathbb{R}$ be the function defined as $f(x)=[4 x]\left(x-\frac{1}{4}\right)^{2}\left(x-\frac{1}{2}\right)$, where $[x]$ denotes the greatest integer less than or equal to $x$. Then which of the following statements is(are) true?",0.3,no,,,,,,,,,,,,,,,
226,JEE Adv 2023 Paper 2,MCQ(multiple),AB,"Let $f:(0,1) \rightarrow \mathbb{R}$ be the function defined as $f(x)=[4 x]\left(x-\frac{1}{4}\right)^{2}\left(x-\frac{1}{2}\right)$, where $[x]$ denotes the greatest integer less than or equal to $x$. Then which of the following statements is(are) true?",0.4,no,,,,,,,,,,,,,,,
226,JEE Adv 2023 Paper 2,MCQ(multiple),AB,"Let $f:(0,1) \rightarrow \mathbb{R}$ be the function defined as $f(x)=[4 x]\left(x-\frac{1}{4}\right)^{2}\left(x-\frac{1}{2}\right)$, where $[x]$ denotes the greatest integer less than or equal to $x$. Then which of the following statements is(are) true?",0.5,no,,,,,,,,,,,,,,,
227,JEE Adv 2023 Paper 2,MCQ(multiple),ABC,"Let $S$ be the set of all twice differentiable functions $f$ from $\mathbb{R}$ to $\mathbb{R}$ such that $\frac{d^{2} f}{d x^{2}}(x)>0$ for all $x \in(-1,1)$. For $f \in S$, let $X_{f}$ be the number of points $x \in(-1,1)$ for which $f(x)=x$. Then which of the following statements is(are) true?",0.0,no,,,,,,,,,,,,,,,
227,JEE Adv 2023 Paper 2,MCQ(multiple),ABC,"Let $S$ be the set of all twice differentiable functions $f$ from $\mathbb{R}$ to $\mathbb{R}$ such that $\frac{d^{2} f}{d x^{2}}(x)>0$ for all $x \in(-1,1)$. For $f \in S$, let $X_{f}$ be the number of points $x \in(-1,1)$ for which $f(x)=x$. Then which of the following statements is(are) true?",0.1,no,,,,,,,,,,,,,,,
227,JEE Adv 2023 Paper 2,MCQ(multiple),ABC,"Let $S$ be the set of all twice differentiable functions $f$ from $\mathbb{R}$ to $\mathbb{R}$ such that $\frac{d^{2} f}{d x^{2}}(x)>0$ for all $x \in(-1,1)$. For $f \in S$, let $X_{f}$ be the number of points $x \in(-1,1)$ for which $f(x)=x$. Then which of the following statements is(are) true?",0.2,no,,,,,,,,,,,,,,,
227,JEE Adv 2023 Paper 2,MCQ(multiple),ABC,"Let $S$ be the set of all twice differentiable functions $f$ from $\mathbb{R}$ to $\mathbb{R}$ such that $\frac{d^{2} f}{d x^{2}}(x)>0$ for all $x \in(-1,1)$. For $f \in S$, let $X_{f}$ be the number of points $x \in(-1,1)$ for which $f(x)=x$. Then which of the following statements is(are) true?",0.3,no,,,,,,,,,,,,,,,
227,JEE Adv 2023 Paper 2,MCQ(multiple),ABC,"Let $S$ be the set of all twice differentiable functions $f$ from $\mathbb{R}$ to $\mathbb{R}$ such that $\frac{d^{2} f}{d x^{2}}(x)>0$ for all $x \in(-1,1)$. For $f \in S$, let $X_{f}$ be the number of points $x \in(-1,1)$ for which $f(x)=x$. Then which of the following statements is(are) true?",0.4,no,,,,,,,,,,,,,,,
227,JEE Adv 2023 Paper 2,MCQ(multiple),ABC,"Let $S$ be the set of all twice differentiable functions $f$ from $\mathbb{R}$ to $\mathbb{R}$ such that $\frac{d^{2} f}{d x^{2}}(x)>0$ for all $x \in(-1,1)$. For $f \in S$, let $X_{f}$ be the number of points $x \in(-1,1)$ for which $f(x)=x$. Then which of the following statements is(are) true?",0.5,no,,,,,,,,,,,,,,,
228,JEE Adv 2023 Paper 2,Integer,0,"For $x \in \mathbb{R}$, let $\tan ^{-1}(x) \in\left(-\frac{\pi}{2}, \frac{\pi}{2}\right)$. Then what is the minimum value of the function $f: \mathbb{R} \rightarrow \mathbb{R}$ defined by $f(x)=\int_{0}^{x \tan ^{-1} x} \frac{e^{(t-\cos t)}}{1+t^{2023}} d t$?",0.0,no,,,,,,,,,,,,,,,
228,JEE Adv 2023 Paper 2,Integer,0,"For $x \in \mathbb{R}$, let $\tan ^{-1}(x) \in\left(-\frac{\pi}{2}, \frac{\pi}{2}\right)$. Then what is the minimum value of the function $f: \mathbb{R} \rightarrow \mathbb{R}$ defined by $f(x)=\int_{0}^{x \tan ^{-1} x} \frac{e^{(t-\cos t)}}{1+t^{2023}} d t$?",0.1,no,,,,,,,,,,,,,,,
228,JEE Adv 2023 Paper 2,Integer,0,"For $x \in \mathbb{R}$, let $\tan ^{-1}(x) \in\left(-\frac{\pi}{2}, \frac{\pi}{2}\right)$. Then what is the minimum value of the function $f: \mathbb{R} \rightarrow \mathbb{R}$ defined by $f(x)=\int_{0}^{x \tan ^{-1} x} \frac{e^{(t-\cos t)}}{1+t^{2023}} d t$?",0.2,no,,,,,,,,,,,,,,,
228,JEE Adv 2023 Paper 2,Integer,0,"For $x \in \mathbb{R}$, let $\tan ^{-1}(x) \in\left(-\frac{\pi}{2}, \frac{\pi}{2}\right)$. Then what is the minimum value of the function $f: \mathbb{R} \rightarrow \mathbb{R}$ defined by $f(x)=\int_{0}^{x \tan ^{-1} x} \frac{e^{(t-\cos t)}}{1+t^{2023}} d t$?",0.3,no,,,,,,,,,,,,,,,
228,JEE Adv 2023 Paper 2,Integer,0,"For $x \in \mathbb{R}$, let $\tan ^{-1}(x) \in\left(-\frac{\pi}{2}, \frac{\pi}{2}\right)$. Then what is the minimum value of the function $f: \mathbb{R} \rightarrow \mathbb{R}$ defined by $f(x)=\int_{0}^{x \tan ^{-1} x} \frac{e^{(t-\cos t)}}{1+t^{2023}} d t$?",0.4,no,,,,,,,,,,,,,,,
228,JEE Adv 2023 Paper 2,Integer,0,"For $x \in \mathbb{R}$, let $\tan ^{-1}(x) \in\left(-\frac{\pi}{2}, \frac{\pi}{2}\right)$. Then what is the minimum value of the function $f: \mathbb{R} \rightarrow \mathbb{R}$ defined by $f(x)=\int_{0}^{x \tan ^{-1} x} \frac{e^{(t-\cos t)}}{1+t^{2023}} d t$?",0.5,no,,,,,,,,,,,,,,,
229,JEE Adv 2023 Paper 2,Integer,16,"For $x \in \mathbb{R}$, let $y(x)$ be a solution of the differential equation $\left(x^{2}-5\right) \frac{d y}{d x}-2 x y=-2 x\left(x^{2}-5\right)^{2}$ such that $y(2)=7$.



Then what is the maximum value of the function $y(x)$?",0.0,no,,,,,,,,,,,,,,,
229,JEE Adv 2023 Paper 2,Integer,16,"For $x \in \mathbb{R}$, let $y(x)$ be a solution of the differential equation $\left(x^{2}-5\right) \frac{d y}{d x}-2 x y=-2 x\left(x^{2}-5\right)^{2}$ such that $y(2)=7$.



Then what is the maximum value of the function $y(x)$?",0.1,no,,,,,,,,,,,,,,,
229,JEE Adv 2023 Paper 2,Integer,16,"For $x \in \mathbb{R}$, let $y(x)$ be a solution of the differential equation $\left(x^{2}-5\right) \frac{d y}{d x}-2 x y=-2 x\left(x^{2}-5\right)^{2}$ such that $y(2)=7$.



Then what is the maximum value of the function $y(x)$?",0.2,no,,,,,,,,,,,,,,,
229,JEE Adv 2023 Paper 2,Integer,16,"For $x \in \mathbb{R}$, let $y(x)$ be a solution of the differential equation $\left(x^{2}-5\right) \frac{d y}{d x}-2 x y=-2 x\left(x^{2}-5\right)^{2}$ such that $y(2)=7$.



Then what is the maximum value of the function $y(x)$?",0.3,no,,,,,,,,,,,,,,,
229,JEE Adv 2023 Paper 2,Integer,16,"For $x \in \mathbb{R}$, let $y(x)$ be a solution of the differential equation $\left(x^{2}-5\right) \frac{d y}{d x}-2 x y=-2 x\left(x^{2}-5\right)^{2}$ such that $y(2)=7$.



Then what is the maximum value of the function $y(x)$?",0.4,no,,,,,,,,,,,,,,,
229,JEE Adv 2023 Paper 2,Integer,16,"For $x \in \mathbb{R}$, let $y(x)$ be a solution of the differential equation $\left(x^{2}-5\right) \frac{d y}{d x}-2 x y=-2 x\left(x^{2}-5\right)^{2}$ such that $y(2)=7$.



Then what is the maximum value of the function $y(x)$?",0.5,no,,,,,,,,,,,,,,,
230,JEE Adv 2023 Paper 2,Integer,31,"Let $X$ be the set of all five digit numbers formed using 1,2,2,2,4,4,0. For example, 22240 is in $X$ while 02244 and 44422 are not in $X$. Suppose that each element of $X$ has an equal chance of being chosen. Let $p$ be the conditional probability that an element chosen at random is a multiple of 20 given that it is a multiple of 5 . Then what is the value of $38 p$ equal to?",0.0,no,,,,,,,,,,,,,,,
230,JEE Adv 2023 Paper 2,Integer,31,"Let $X$ be the set of all five digit numbers formed using 1,2,2,2,4,4,0. For example, 22240 is in $X$ while 02244 and 44422 are not in $X$. Suppose that each element of $X$ has an equal chance of being chosen. Let $p$ be the conditional probability that an element chosen at random is a multiple of 20 given that it is a multiple of 5 . Then what is the value of $38 p$ equal to?",0.1,no,,,,,,,,,,,,,,,
230,JEE Adv 2023 Paper 2,Integer,31,"Let $X$ be the set of all five digit numbers formed using 1,2,2,2,4,4,0. For example, 22240 is in $X$ while 02244 and 44422 are not in $X$. Suppose that each element of $X$ has an equal chance of being chosen. Let $p$ be the conditional probability that an element chosen at random is a multiple of 20 given that it is a multiple of 5 . Then what is the value of $38 p$ equal to?",0.2,no,,,,,,,,,,,,,,,
230,JEE Adv 2023 Paper 2,Integer,31,"Let $X$ be the set of all five digit numbers formed using 1,2,2,2,4,4,0. For example, 22240 is in $X$ while 02244 and 44422 are not in $X$. Suppose that each element of $X$ has an equal chance of being chosen. Let $p$ be the conditional probability that an element chosen at random is a multiple of 20 given that it is a multiple of 5 . Then what is the value of $38 p$ equal to?",0.3,no,,,,,,,,,,,,,,,
230,JEE Adv 2023 Paper 2,Integer,31,"Let $X$ be the set of all five digit numbers formed using 1,2,2,2,4,4,0. For example, 22240 is in $X$ while 02244 and 44422 are not in $X$. Suppose that each element of $X$ has an equal chance of being chosen. Let $p$ be the conditional probability that an element chosen at random is a multiple of 20 given that it is a multiple of 5 . Then what is the value of $38 p$ equal to?",0.4,no,,,,,,,,,,,,,,,
230,JEE Adv 2023 Paper 2,Integer,31,"Let $X$ be the set of all five digit numbers formed using 1,2,2,2,4,4,0. For example, 22240 is in $X$ while 02244 and 44422 are not in $X$. Suppose that each element of $X$ has an equal chance of being chosen. Let $p$ be the conditional probability that an element chosen at random is a multiple of 20 given that it is a multiple of 5 . Then what is the value of $38 p$ equal to?",0.5,no,,,,,,,,,,,,,,,
231,JEE Adv 2023 Paper 2,Integer,512,"Let $A_{1}, A_{2}, A_{3}, \ldots, A_{8}$ be the vertices of a regular octagon that lie on a circle of radius 2. Let $P$ be a point on the circle and let $P A_{i}$ denote the distance between the points $P$ and $A_{i}$ for $i=1,2, \ldots, 8$. If $P$ varies over the circle, then what is the maximum value of the product $P A_{1} \cdot P A_{2} \cdots P A_{8}?",0.0,no,,,,,,,,,,,,,,,
231,JEE Adv 2023 Paper 2,Integer,512,"Let $A_{1}, A_{2}, A_{3}, \ldots, A_{8}$ be the vertices of a regular octagon that lie on a circle of radius 2. Let $P$ be a point on the circle and let $P A_{i}$ denote the distance between the points $P$ and $A_{i}$ for $i=1,2, \ldots, 8$. If $P$ varies over the circle, then what is the maximum value of the product $P A_{1} \cdot P A_{2} \cdots P A_{8}?",0.1,no,,,,,,,,,,,,,,,
231,JEE Adv 2023 Paper 2,Integer,512,"Let $A_{1}, A_{2}, A_{3}, \ldots, A_{8}$ be the vertices of a regular octagon that lie on a circle of radius 2. Let $P$ be a point on the circle and let $P A_{i}$ denote the distance between the points $P$ and $A_{i}$ for $i=1,2, \ldots, 8$. If $P$ varies over the circle, then what is the maximum value of the product $P A_{1} \cdot P A_{2} \cdots P A_{8}?",0.2,no,,,,,,,,,,,,,,,
231,JEE Adv 2023 Paper 2,Integer,512,"Let $A_{1}, A_{2}, A_{3}, \ldots, A_{8}$ be the vertices of a regular octagon that lie on a circle of radius 2. Let $P$ be a point on the circle and let $P A_{i}$ denote the distance between the points $P$ and $A_{i}$ for $i=1,2, \ldots, 8$. If $P$ varies over the circle, then what is the maximum value of the product $P A_{1} \cdot P A_{2} \cdots P A_{8}?",0.3,no,,,,,,,,,,,,,,,
231,JEE Adv 2023 Paper 2,Integer,512,"Let $A_{1}, A_{2}, A_{3}, \ldots, A_{8}$ be the vertices of a regular octagon that lie on a circle of radius 2. Let $P$ be a point on the circle and let $P A_{i}$ denote the distance between the points $P$ and $A_{i}$ for $i=1,2, \ldots, 8$. If $P$ varies over the circle, then what is the maximum value of the product $P A_{1} \cdot P A_{2} \cdots P A_{8}?",0.4,no,,,,,,,,,,,,,,,
231,JEE Adv 2023 Paper 2,Integer,512,"Let $A_{1}, A_{2}, A_{3}, \ldots, A_{8}$ be the vertices of a regular octagon that lie on a circle of radius 2. Let $P$ be a point on the circle and let $P A_{i}$ denote the distance between the points $P$ and $A_{i}$ for $i=1,2, \ldots, 8$. If $P$ varies over the circle, then what is the maximum value of the product $P A_{1} \cdot P A_{2} \cdots P A_{8}?",0.5,no,,,,,,,,,,,,,,,
232,JEE Adv 2023 Paper 2,Integer,3780,"$R=\left\{\left(\begin{array}{lll}a & 3 & b \\ c & 2 & d \\ 0 & 5 & 0\end{array}\right): a, b, c, d \in\{0,3,5,7,11,13,17,19\}\right\}$. Then what is the number of invertible matrices in $R$?",0.0,no,,,,,,,,,,,,,,,
232,JEE Adv 2023 Paper 2,Integer,3780,"$R=\left\{\left(\begin{array}{lll}a & 3 & b \\ c & 2 & d \\ 0 & 5 & 0\end{array}\right): a, b, c, d \in\{0,3,5,7,11,13,17,19\}\right\}$. Then what is the number of invertible matrices in $R$?",0.1,no,,,,,,,,,,,,,,,
232,JEE Adv 2023 Paper 2,Integer,3780,"$R=\left\{\left(\begin{array}{lll}a & 3 & b \\ c & 2 & d \\ 0 & 5 & 0\end{array}\right): a, b, c, d \in\{0,3,5,7,11,13,17,19\}\right\}$. Then what is the number of invertible matrices in $R$?",0.2,no,,,,,,,,,,,,,,,
232,JEE Adv 2023 Paper 2,Integer,3780,"$R=\left\{\left(\begin{array}{lll}a & 3 & b \\ c & 2 & d \\ 0 & 5 & 0\end{array}\right): a, b, c, d \in\{0,3,5,7,11,13,17,19\}\right\}$. Then what is the number of invertible matrices in $R$?",0.3,no,,,,,,,,,,,,,,,
232,JEE Adv 2023 Paper 2,Integer,3780,"$R=\left\{\left(\begin{array}{lll}a & 3 & b \\ c & 2 & d \\ 0 & 5 & 0\end{array}\right): a, b, c, d \in\{0,3,5,7,11,13,17,19\}\right\}$. Then what is the number of invertible matrices in $R$?",0.4,no,,,,,,,,,,,,,,,
232,JEE Adv 2023 Paper 2,Integer,3780,"$R=\left\{\left(\begin{array}{lll}a & 3 & b \\ c & 2 & d \\ 0 & 5 & 0\end{array}\right): a, b, c, d \in\{0,3,5,7,11,13,17,19\}\right\}$. Then what is the number of invertible matrices in $R$?",0.5,no,,,,,,,,,,,,,,,
233,JEE Adv 2023 Paper 2,Integer,2,"Let $C_{1}$ be the circle of radius 1 with center at the origin. Let $C_{2}$ be the circle of radius $r$ with center at the point $A=(4,1)$, where $1<r<3$. Two distinct common tangents $P Q$ and $S T$ of $C_{1}$ and $C_{2}$ are drawn. The tangent $P Q$ touches $C_{1}$ at $P$ and $C_{2}$ at $Q$. The tangent $S T$ touches $C_{1}$ at $S$ and $C_{2}$ at $T$. Mid points of the line segments $P Q$ and $S T$ are joined to form a line which meets the $x$-axis at a point $B$. If $A B=\sqrt{5}$, then what is the value of $r^{2}$?",0.0,no,,,,,,,,,,,,,,,
233,JEE Adv 2023 Paper 2,Integer,2,"Let $C_{1}$ be the circle of radius 1 with center at the origin. Let $C_{2}$ be the circle of radius $r$ with center at the point $A=(4,1)$, where $1<r<3$. Two distinct common tangents $P Q$ and $S T$ of $C_{1}$ and $C_{2}$ are drawn. The tangent $P Q$ touches $C_{1}$ at $P$ and $C_{2}$ at $Q$. The tangent $S T$ touches $C_{1}$ at $S$ and $C_{2}$ at $T$. Mid points of the line segments $P Q$ and $S T$ are joined to form a line which meets the $x$-axis at a point $B$. If $A B=\sqrt{5}$, then what is the value of $r^{2}$?",0.1,no,,,,,,,,,,,,,,,
233,JEE Adv 2023 Paper 2,Integer,2,"Let $C_{1}$ be the circle of radius 1 with center at the origin. Let $C_{2}$ be the circle of radius $r$ with center at the point $A=(4,1)$, where $1<r<3$. Two distinct common tangents $P Q$ and $S T$ of $C_{1}$ and $C_{2}$ are drawn. The tangent $P Q$ touches $C_{1}$ at $P$ and $C_{2}$ at $Q$. The tangent $S T$ touches $C_{1}$ at $S$ and $C_{2}$ at $T$. Mid points of the line segments $P Q$ and $S T$ are joined to form a line which meets the $x$-axis at a point $B$. If $A B=\sqrt{5}$, then what is the value of $r^{2}$?",0.2,no,,,,,,,,,,,,,,,
233,JEE Adv 2023 Paper 2,Integer,2,"Let $C_{1}$ be the circle of radius 1 with center at the origin. Let $C_{2}$ be the circle of radius $r$ with center at the point $A=(4,1)$, where $1<r<3$. Two distinct common tangents $P Q$ and $S T$ of $C_{1}$ and $C_{2}$ are drawn. The tangent $P Q$ touches $C_{1}$ at $P$ and $C_{2}$ at $Q$. The tangent $S T$ touches $C_{1}$ at $S$ and $C_{2}$ at $T$. Mid points of the line segments $P Q$ and $S T$ are joined to form a line which meets the $x$-axis at a point $B$. If $A B=\sqrt{5}$, then what is the value of $r^{2}$?",0.3,no,,,,,,,,,,,,,,,
233,JEE Adv 2023 Paper 2,Integer,2,"Let $C_{1}$ be the circle of radius 1 with center at the origin. Let $C_{2}$ be the circle of radius $r$ with center at the point $A=(4,1)$, where $1<r<3$. Two distinct common tangents $P Q$ and $S T$ of $C_{1}$ and $C_{2}$ are drawn. The tangent $P Q$ touches $C_{1}$ at $P$ and $C_{2}$ at $Q$. The tangent $S T$ touches $C_{1}$ at $S$ and $C_{2}$ at $T$. Mid points of the line segments $P Q$ and $S T$ are joined to form a line which meets the $x$-axis at a point $B$. If $A B=\sqrt{5}$, then what is the value of $r^{2}$?",0.4,no,,,,,,,,,,,,,,,
233,JEE Adv 2023 Paper 2,Integer,2,"Let $C_{1}$ be the circle of radius 1 with center at the origin. Let $C_{2}$ be the circle of radius $r$ with center at the point $A=(4,1)$, where $1<r<3$. Two distinct common tangents $P Q$ and $S T$ of $C_{1}$ and $C_{2}$ are drawn. The tangent $P Q$ touches $C_{1}$ at $P$ and $C_{2}$ at $Q$. The tangent $S T$ touches $C_{1}$ at $S$ and $C_{2}$ at $T$. Mid points of the line segments $P Q$ and $S T$ are joined to form a line which meets the $x$-axis at a point $B$. If $A B=\sqrt{5}$, then what is the value of $r^{2}$?",0.5,no,,,,,,,,,,,,,,,
234,JEE Adv 2023 Paper 2,Numeric,1008,Consider an obtuse angled triangle $A B C$ in which the difference between the largest and the smallest angle is $\frac{\pi}{2}$ and whose sides are in arithmetic progression. Suppose that the vertices of this triangle lie on a circle of radius 1. Let $a$ be the area of the triangle $A B C$. Then what is  the value of $(64 a)^{2}$?,0.0,no,,,,,,,,,,,,,,,
234,JEE Adv 2023 Paper 2,Numeric,1008,Consider an obtuse angled triangle $A B C$ in which the difference between the largest and the smallest angle is $\frac{\pi}{2}$ and whose sides are in arithmetic progression. Suppose that the vertices of this triangle lie on a circle of radius 1. Let $a$ be the area of the triangle $A B C$. Then what is  the value of $(64 a)^{2}$?,0.1,no,,,,,,,,,,,,,,,
234,JEE Adv 2023 Paper 2,Numeric,1008,Consider an obtuse angled triangle $A B C$ in which the difference between the largest and the smallest angle is $\frac{\pi}{2}$ and whose sides are in arithmetic progression. Suppose that the vertices of this triangle lie on a circle of radius 1. Let $a$ be the area of the triangle $A B C$. Then what is  the value of $(64 a)^{2}$?,0.2,no,,,,,,,,,,,,,,,
234,JEE Adv 2023 Paper 2,Numeric,1008,Consider an obtuse angled triangle $A B C$ in which the difference between the largest and the smallest angle is $\frac{\pi}{2}$ and whose sides are in arithmetic progression. Suppose that the vertices of this triangle lie on a circle of radius 1. Let $a$ be the area of the triangle $A B C$. Then what is  the value of $(64 a)^{2}$?,0.3,no,,,,,,,,,,,,,,,
234,JEE Adv 2023 Paper 2,Numeric,1008,Consider an obtuse angled triangle $A B C$ in which the difference between the largest and the smallest angle is $\frac{\pi}{2}$ and whose sides are in arithmetic progression. Suppose that the vertices of this triangle lie on a circle of radius 1. Let $a$ be the area of the triangle $A B C$. Then what is  the value of $(64 a)^{2}$?,0.4,no,,,,,,,,,,,,,,,
234,JEE Adv 2023 Paper 2,Numeric,1008,Consider an obtuse angled triangle $A B C$ in which the difference between the largest and the smallest angle is $\frac{\pi}{2}$ and whose sides are in arithmetic progression. Suppose that the vertices of this triangle lie on a circle of radius 1. Let $a$ be the area of the triangle $A B C$. Then what is  the value of $(64 a)^{2}$?,0.5,no,,,,,,,,,,,,,,,
235,JEE Adv 2023 Paper 2,Numeric,0.25,Consider an obtuse angled triangle $A B C$ in which the difference between the largest and the smallest angle is $\frac{\pi}{2}$ and whose sides are in arithmetic progression. Suppose that the vertices of this triangle lie on a circle of radius 1. Then what is the inradius of the triangle ABC?,0.0,no,,,,,,,,,,,,,,,
235,JEE Adv 2023 Paper 2,Numeric,0.25,Consider an obtuse angled triangle $A B C$ in which the difference between the largest and the smallest angle is $\frac{\pi}{2}$ and whose sides are in arithmetic progression. Suppose that the vertices of this triangle lie on a circle of radius 1. Then what is the inradius of the triangle ABC?,0.1,no,,,,,,,,,,,,,,,
235,JEE Adv 2023 Paper 2,Numeric,0.25,Consider an obtuse angled triangle $A B C$ in which the difference between the largest and the smallest angle is $\frac{\pi}{2}$ and whose sides are in arithmetic progression. Suppose that the vertices of this triangle lie on a circle of radius 1. Then what is the inradius of the triangle ABC?,0.2,no,,,,,,,,,,,,,,,
235,JEE Adv 2023 Paper 2,Numeric,0.25,Consider an obtuse angled triangle $A B C$ in which the difference between the largest and the smallest angle is $\frac{\pi}{2}$ and whose sides are in arithmetic progression. Suppose that the vertices of this triangle lie on a circle of radius 1. Then what is the inradius of the triangle ABC?,0.3,no,,,,,,,,,,,,,,,
235,JEE Adv 2023 Paper 2,Numeric,0.25,Consider an obtuse angled triangle $A B C$ in which the difference between the largest and the smallest angle is $\frac{\pi}{2}$ and whose sides are in arithmetic progression. Suppose that the vertices of this triangle lie on a circle of radius 1. Then what is the inradius of the triangle ABC?,0.4,no,,,,,,,,,,,,,,,
235,JEE Adv 2023 Paper 2,Numeric,0.25,Consider an obtuse angled triangle $A B C$ in which the difference between the largest and the smallest angle is $\frac{\pi}{2}$ and whose sides are in arithmetic progression. Suppose that the vertices of this triangle lie on a circle of radius 1. Then what is the inradius of the triangle ABC?,0.5,no,,,,,,,,,,,,,,,
